real_ID,extract_ID,registr. nmbr.,field nmbr.,collector,collecting date (dd.mm.yyyy),country,state_province,island,locality,Plate,replicate,pos_PCR2_diatom,PCR2_diatom,"depth (below the local surface, in meters)",substrate,Substrate type,remarks_record,comments
e1100022154_extract_neg1.A_extract_neg1_TM018_D8_G02_DiatomPool_102189.1262_TTCAGTTGGAACGGACTGAG_L001,1100022154,extract_neg1,extract_neg1,NA,NA,NA,NA,NA,NA,1551,A,G02,TM018,NA,negative,Extraction NEGATIVE,Extraction NEGATIVE,
e1100022166_extract_neg2.A_extract_neg2_TM018_D8_H02_DiatomPool_102189.1263_TTCAGTTGGACACCGTCATA_L001,1100022166,extract_neg2,extract_neg2,NA,NA,NA,NA,NA,NA,1551,A,H02,TM018,NA,negative,Extraction NEGATIVE,Extraction NEGATIVE,
e1100022083_extract_neg3.A_extract_neg3_TM018_D8_A03_DiatomPool_102189.1264_AATGCGGTTCAAGATCGGAT_L001,1100022083,extract_neg3,extract_neg3,NA,NA,NA,NA,NA,NA,1551,A,A03,TM018,NA,negative,Extraction NEGATIVE,Extraction NEGATIVE,
e1100022095_extract_neg4.A_extract_neg4_TM018_D8_B03_DiatomPool_102189.1265_AATGCGGTTCTTAACGTCCG_L001,1100022095,extract_neg4,extract_neg4,NA,NA,NA,NA,NA,NA,1551,A,B03,TM018,NA,negative,Extraction NEGATIVE,Extraction NEGATIVE,
e1100022107_extract_neg5.A_extract_neg5_TM018_D8_C03_DiatomPool_102189.1266_AATGCGGTTCATTACCGATC_L001,1100022107,extract_neg5,extract_neg5,NA,NA,NA,NA,NA,NA,1551,A,C03,TM018,NA,negative,Extraction NEGATIVE,Extraction NEGATIVE,
e1100022119_extract_neg6.A_extract_neg6_TM018_D8_D03_DiatomPool_102189.1267_AATGCGGTTCGTTGCATCGT_L001,1100022119,extract_neg6,extract_neg6,NA,NA,NA,NA,NA,NA,1551,A,D03,TM018,NA,negative,Extraction NEGATIVE,Extraction NEGATIVE,
e1100022080_negcontrol.A__SV019_D2_H12_DiatomPool_102189.191_GAATCGTCCGGCACGATGCT_L001,1100022080,neg. control,neg. control,NA,NA,NA,NA,NA,NA,1550,A,H12,SV019,NA,negative,PCR NEGATIVE,PCR NEGATIVE,
e1100021985_NBCLAB10590.A_UPG.EG22.S001_SV019_D2_A01_DiatomPool_102189.96_TCGTGTTCGAGTCGTGAATC_L001,1100021985,NBC.LAB.10590,UPG-EG22-S001,Elsa Girard,01.08.2022,Indonesia,,Langkai,Spermonde Archipelago,1550,A,A01,SV019,RF1,Rubble + halimeda,substrate,sample,
e1100021997_NBCLAB10591.A_UPG.EG22.S002_SV019_D2_B01_DiatomPool_102189.97_TCGTGTTCGACTGTTCTACG_L001,1100021997,NBC.LAB.10591,UPG-EG22-S002,Elsa Girard,01.08.2022,Indonesia,,Langkai,Spermonde Archipelago,1550,A,B01,SV019,RF3,rubble + algae,substrate,sample,
e1100022009_NBCLAB10592.A_UPG.EG22.S003_SV019_D2_C01_DiatomPool_102189.98_TCGTGTTCGAGCTCTTAGGT_L001,1100022009,NBC.LAB.10592,UPG-EG22-S003,Agung/Masdar,01.08.2022,Indonesia,,Langkai,Spermonde Archipelago,1550,A,C01,SV019,15.3,rubble,substrate,sample,
e1100022021_NBCLAB10593.A_UPG.EG22.S004_SV019_D2_D01_DiatomPool_102189.99_TCGTGTTCGATAGAAGCCAT_L001,1100022021,NBC.LAB.10593,UPG-EG22-S004,Agung/Masdar,01.08.2022,Indonesia,,Langkai,Spermonde Archipelago,1550,A,D01,SV019,12.8,rubble + sand,substrate,sample,
e1100022033_NBCLAB10594.A_UPG.EG22.S005_SV019_D2_E01_DiatomPool_102189.100_TCGTGTTCGACACTTAGGTA_L001,1100022033,NBC.LAB.10594,UPG-EG22-S005,Agung/Masdar,01.08.2022,Indonesia,,Langkai,Spermonde Archipelago,1550,A,E01,SV019,10.1,rubble + sand,substrate,sample,
e1100022045_NBCLAB10595.A_UPG.EG22.S006_SV019_D2_F01_DiatomPool_102189.101_TCGTGTTCGAATAGGTAAGG_L001,1100022045,NBC.LAB.10595,UPG-EG22-S006,Elsa Girard,01.08.2022,Indonesia,,Langkai,Spermonde Archipelago,1550,A,F01,SV019,RF2,algae,substrate,sample,
e1100022057_NBCLAB10596.A_UPG.EG22.S007_SV019_D2_G01_DiatomPool_102189.102_TCGTGTTCGACGCCTTATAT_L001,1100022057,NBC.LAB.10596,UPG-EG22-S007,Agung/Masdar,01.08.2022,Indonesia,,Langkai,Spermonde Archipelago,1550,A,G01,SV019,17.3,rubble,substrate,sample,
e1100022069_NBCLAB10597.A_UPG.EG22.S008_SV019_D2_H01_DiatomPool_102189.103_TCGTGTTCGAGCACGATGCT_L001,1100022069,NBC.LAB.10597,UPG-EG22-S008,Agung/Masdar,01.08.2022,Indonesia,,Langkai,Spermonde Archipelago,1550,A,H01,SV019,4.9,rubble + sand,substrate,sample,
e1100021986_NBCLAB10598.A_UPG.EG22.S009_SV019_D2_A02_DiatomPool_102189.104_TTCAGTTGGAGTCGTGAATC_L001,1100021986,NBC.LAB.10598,UPG-EG22-S009,Agung/Masdar,01.08.2022,Indonesia,,Langkai,Spermonde Archipelago,1550,A,A02,SV019,7.8,rubble,substrate,sample,
e1100021998_NBCLAB10599.A_UPG.EG22.S010_SV019_D2_B02_DiatomPool_102189.105_TTCAGTTGGACTGTTCTACG_L001,1100021998,NBC.LAB.10599,UPG-EG22-S010,Agung/Masdar,01.08.2022,Indonesia,,Langkai,Spermonde Archipelago,1550,A,B02,SV019,19.1,rubble + sand,substrate,sample,
e1100022010_NBCLAB10600.A_UPG.EG22.S011_SV019_D2_C02_DiatomPool_102189.106_TTCAGTTGGAGCTCTTAGGT_L001,1100022010,NBC.LAB.10600,UPG-EG22-S011,Agung/Masdar,02.08.2022,Indonesia,,Samalona,Spermonde Archipelago,1550,A,C02,SV019,7.5,rubble,substrate,sample,
e1100022022_NBCLAB10601.A_UPG.EG22.S012_SV019_D2_D02_DiatomPool_102189.107_TTCAGTTGGATAGAAGCCAT_L001,1100022022,NBC.LAB.10601,UPG-EG22-S012,Elsa Girard,02.08.2022,Indonesia,,Samalona,Spermonde Archipelago,1550,A,D02,SV019,RF3,rubble + algae,substrate,sample,
e1100022034_NBCLAB10602.A_UPG.EG22.S013_SV019_D2_E02_DiatomPool_102189.108_TTCAGTTGGACACTTAGGTA_L001,1100022034,NBC.LAB.10602,UPG-EG22-S013,Agung/Masdar,02.08.2022,Indonesia,,Samalona,Spermonde Archipelago,1550,A,E02,SV019,4.7,rubble + algae,substrate,sample,
e1100022046_NBCLAB10603.A_UPG.EG22.S014_SV019_D2_F02_DiatomPool_102189.109_TTCAGTTGGAATAGGTAAGG_L001,1100022046,NBC.LAB.10603,UPG-EG22-S014,Elsa Girard,02.08.2022,Indonesia,,Samalona,Spermonde Archipelago,1550,A,F02,SV019,RF1,rubble + algae,substrate,sample,
e1100022058_NBCLAB10604.A_UPG.EG22.S015_SV019_D2_G02_DiatomPool_102189.110_TTCAGTTGGACGCCTTATAT_L001,1100022058,NBC.LAB.10604,UPG-EG22-S015,Agung/Masdar,02.08.2022,Indonesia,,Samalona,Spermonde Archipelago,1550,A,G02,SV019,19.5,rubble + sand,substrate,sample,
e1100022070_NBCLAB10605.A_UPG.EG22.S016_SV019_D2_H02_DiatomPool_102189.111_TTCAGTTGGAGCACGATGCT_L001,1100022070,NBC.LAB.10605,UPG-EG22-S016,Agung/Masdar,02.08.2022,Indonesia,,Samalona,Spermonde Archipelago,1550,A,H02,SV019,13,rubble + algae,substrate,sample,
e1100021987_NBCLAB10606.A_UPG.EG22.S017_SV019_D2_A03_DiatomPool_102189.112_AATGCGGTTCGTCGTGAATC_L001,1100021987,NBC.LAB.10606,UPG-EG22-S017,Agung/Masdar,02.08.2022,Indonesia,,Samalona,Spermonde Archipelago,1550,A,A03,SV019,22.2,rubble + sand,substrate,sample,
e1100021999_NBCLAB10607.A_UPG.EG22.S018_SV019_D2_B03_DiatomPool_102189.113_AATGCGGTTCCTGTTCTACG_L001,1100021999,NBC.LAB.10607,UPG-EG22-S018,Agung/Masdar,02.08.2022,Indonesia,,Samalona,Spermonde Archipelago,1550,A,B03,SV019,16.5,rubble + algae,substrate,sample,
e1100022011_NBCLAB10608.A_UPG.EG22.S019_SV019_D2_C03_DiatomPool_102189.114_AATGCGGTTCGCTCTTAGGT_L001,1100022011,NBC.LAB.10608,UPG-EG22-S019,Elsa Girard,02.08.2022,Indonesia,,Samalona,Spermonde Archipelago,1550,A,C03,SV019,RF2,rubble + algae,substrate,sample,
e1100022023_NBCLAB10609.A_UPG.EG22.S020_SV019_D2_D03_DiatomPool_102189.115_AATGCGGTTCTAGAAGCCAT_L001,1100022023,NBC.LAB.10609,UPG-EG22-S020,Agung/Masdar,02.08.2022,Indonesia,,Samalona,Spermonde Archipelago,1550,A,D03,SV019,9.8,rubble + algae,substrate,sample,
e1100022035_NBCLAB10610.A_UPG.EG22.S021_SV019_D2_E03_DiatomPool_102189.116_AATGCGGTTCCACTTAGGTA_L001,1100022035,NBC.LAB.10610,UPG-EG22-S021,Agung/Supa,03.08.2022,Indonesia,,Badi,Spermonde Archipelago,1550,A,E03,SV019,17.4,rubble,substrate,sample,
e1100022047_NBCLAB10611.A_UPG.EG22.S022_SV019_D2_F03_DiatomPool_102189.117_AATGCGGTTCATAGGTAAGG_L001,1100022047,NBC.LAB.10611,UPG-EG22-S022,Agung/Supa,03.08.2022,Indonesia,,Badi,Spermonde Archipelago,1550,A,F03,SV019,8.1,rubble + algae,substrate,sample,
e1100022059_NBCLAB10612.A_UPG.EG22.S023_SV019_D2_G03_DiatomPool_102189.118_AATGCGGTTCCGCCTTATAT_L001,1100022059,NBC.LAB.10612,UPG-EG22-S023,Agung/Supa,03.08.2022,Indonesia,,Badi,Spermonde Archipelago,1550,A,G03,SV019,14.6,rubble,substrate,sample,
e1100022071_NBCLAB10613.A_UPG.EG22.S024_SV019_D2_H03_DiatomPool_102189.119_AATGCGGTTCGCACGATGCT_L001,1100022071,NBC.LAB.10613,UPG-EG22-S024,Agung/Supa,03.08.2022,Indonesia,,Badi,Spermonde Archipelago,1550,A,H03,SV019,27.4,rubble + sand,substrate,sample,
e1100021988_NBCLAB10614.A_UPG.EG22.S025_SV019_D2_A04_DiatomPool_102189.120_AGCCTGTTGTGTCGTGAATC_L001,1100021988,NBC.LAB.10614,UPG-EG22-S025,Agung/Supa,03.08.2022,Indonesia,,Badi,Spermonde Archipelago,1550,A,A04,SV019,5.5,rubble + algae,substrate,sample,
e1100022000_NBCLAB10615.A_UPG.EG22.S026_SV019_D2_B04_DiatomPool_102189.121_AGCCTGTTGTCTGTTCTACG_L001,1100022000,NBC.LAB.10615,UPG-EG22-S026,Agung/Supa,03.08.2022,Indonesia,,Badi,Spermonde Archipelago,1550,A,B04,SV019,30.5,rubble,substrate,sample,
e1100022012_NBCLAB10616.A_UPG.EG22.S027_SV019_D2_C04_DiatomPool_102189.122_AGCCTGTTGTGCTCTTAGGT_L001,1100022012,NBC.LAB.10616,UPG-EG22-S027,Elsa Girard,03.08.2022,Indonesia,,Badi,Spermonde Archipelago,1550,A,C04,SV019,RF2,rubble + algae,substrate,sample,
e1100022024_NBCLAB10617.A_UPG.EG22.S028_SV019_D2_D04_DiatomPool_102189.123_AGCCTGTTGTTAGAAGCCAT_L001,1100022024,NBC.LAB.10617,UPG-EG22-S028,Elsa Girard,03.08.2022,Indonesia,,Badi,Spermonde Archipelago,1550,A,D04,SV019,RF3,rubble + algae,substrate,sample,
e1100022036_NBCLAB10618.A_UPG.EG22.S029_SV019_D2_E04_DiatomPool_102189.124_AGCCTGTTGTCACTTAGGTA_L001,1100022036,NBC.LAB.10618,UPG-EG22-S029,Agung/Supa,03.08.2022,Indonesia,,Badi,Spermonde Archipelago,1550,A,E04,SV019,11.3,rubble,substrate,sample,
e1100022048_NBCLAB10619.A_UPG.EG22.S030_SV019_D2_F04_DiatomPool_102189.125_AGCCTGTTGTATAGGTAAGG_L001,1100022048,NBC.LAB.10619,UPG-EG22-S030,Agung/Supa,03.08.2022,Indonesia,,Badi,Spermonde Archipelago,1550,A,F04,SV019,21.7,rubble + algae,substrate,sample,
e1100022060_NBCLAB10620.A_UPG.EG22.S031_SV019_D2_G04_DiatomPool_102189.126_AGCCTGTTGTCGCCTTATAT_L001,1100022060,NBC.LAB.10620,UPG-EG22-S031,Elsa Girard,03.08.2022,Indonesia,,Badi,Spermonde Archipelago,1550,A,G04,SV019,RF1,rubble + algae,substrate,sample,
e1100022072_NBCLAB10621.A_UPG.EG22.S032_SV019_D2_H04_DiatomPool_102189.127_AGCCTGTTGTGCACGATGCT_L001,1100022072,NBC.LAB.10621,UPG-EG22-S032,Agung/Supa,03.08.2022,Indonesia,,Badi,Spermonde Archipelago,1550,A,H04,SV019,2.5,thick layer algae on rubble,substrate,sample,
e1100021989_NBCLAB10622.A_UPG.EG22.S033_SV019_D2_A05_DiatomPool_102189.128_ATGCGCGTAAGTCGTGAATC_L001,1100021989,NBC.LAB.10622,UPG-EG22-S033,Agung/Supa,03.08.2022,Indonesia,,Badi,Spermonde Archipelago,1550,A,A05,SV019,24.5,rubble + algae,substrate,sample,
e1100022001_NBCLAB10623.A_UPG.EG22.S034_SV019_D2_B05_DiatomPool_102189.129_ATGCGCGTAACTGTTCTACG_L001,1100022001,NBC.LAB.10623,UPG-EG22-S034,Agung/Masdar,05.08.2022,Indonesia,,K. Keke,Spermonde Archipelago,1550,A,B05,SV019,14.7,rubble + algae,substrate,sample,
e1100022013_NBCLAB10624.A_UPG.EG22.S035_SV019_D2_C05_DiatomPool_102189.130_ATGCGCGTAAGCTCTTAGGT_L001,1100022013,NBC.LAB.10624,UPG-EG22-S035,Elsa Girard,05.08.2022,Indonesia,,K. Keke,Spermonde Archipelago,1550,A,C05,SV019,RF2,rubble + algae,substrate,sample,
e1100022025_NBCLAB10625.A_UPG.EG22.S036_SV019_D2_D05_DiatomPool_102189.131_ATGCGCGTAATAGAAGCCAT_L001,1100022025,NBC.LAB.10625,UPG-EG22-S036,Agung/Masdar,05.08.2022,Indonesia,,K. Keke,Spermonde Archipelago,1550,A,D05,SV019,11.8,rubble + algae,substrate,sample,
e1100022037_NBCLAB10626.A_UPG.EG22.S037_SV019_D2_E05_DiatomPool_102189.132_ATGCGCGTAACACTTAGGTA_L001,1100022037,NBC.LAB.10626,UPG-EG22-S037,Elsa Girard,05.08.2022,Indonesia,,K. Keke,Spermonde Archipelago,1550,A,E05,SV019,RF3,rubble,substrate,sample,
e1100022049_NBCLAB10627.A_UPG.EG22.S038_SV019_D2_F05_DiatomPool_102189.133_ATGCGCGTAAATAGGTAAGG_L001,1100022049,NBC.LAB.10627,UPG-EG22-S038,Agung/Masdar,05.08.2022,Indonesia,,K. Keke,Spermonde Archipelago,1550,A,F05,SV019,2.7,rubble + algae,substrate,sample,
e1100022061_NBCLAB10628.A_UPG.EG22.S039_SV019_D2_G05_DiatomPool_102189.134_ATGCGCGTAACGCCTTATAT_L001,1100022061,NBC.LAB.10628,UPG-EG22-S039,Agung/Masdar,05.08.2022,Indonesia,,K. Keke,Spermonde Archipelago,1550,A,G05,SV019,17.5,rubble,substrate,sample,
e1100022073_NBCLAB10629.A_UPG.EG22.S040_SV019_D2_H05_DiatomPool_102189.135_ATGCGCGTAAGCACGATGCT_L001,1100022073,NBC.LAB.10629,UPG-EG22-S040,Elsa Girard,05.08.2022,Indonesia,,K. Keke,Spermonde Archipelago,1550,A,H05,SV019,RF1,rubble + algae,substrate,sample,
e1100021990_NBCLAB10630.A_UPG.EG22.S041_SV019_D2_A06_DiatomPool_102189.136_GCTAAGAGAAGTCGTGAATC_L001,1100021990,NBC.LAB.10630,UPG-EG22-S041,Agung/Masdar,05.08.2022,Indonesia,,K. Keke,Spermonde Archipelago,1550,A,A06,SV019,8.3,rubble + algae,substrate,sample,
e1100022002_NBCLAB10631.A_UPG.EG22.S042_SV019_D2_B06_DiatomPool_102189.137_GCTAAGAGAACTGTTCTACG_L001,1100022002,NBC.LAB.10631,UPG-EG22-S042,Agung/Masdar,05.08.2022,Indonesia,,K. Keke,Spermonde Archipelago,1550,A,B06,SV019,5.6,rubble + algae,substrate,sample,
e1100022014_NBCLAB10632.A_PCR.Neg43.MilliQ_SV019_D2_C06_DiatomPool_102189.138_GCTAAGAGAAGCTCTTAGGT_L001,1100022014,NBC.LAB.10632,UPG-EG22-S043,Agung/Masdar,05.08.2022,Indonesia,,K. Keke,Spermonde Archipelago,1550,A,C06,SV019,20.1,rubble,substrate,sample,
e1100022026_NBCLAB10633.A_UPG.EG22.S044_SV019_D2_D06_DiatomPool_102189.139_GCTAAGAGAATAGAAGCCAT_L001,1100022026,NBC.LAB.10633,UPG-EG22-S044,Agung/Masdar,06.08.2022,Indonesia,,Langkadea,Spermonde Archipelago,1550,A,D06,SV019,11.9,rubble + sand,substrate,sample,
e1100022038_NBCLAB10634.A_UPG.EG22.S045_SV019_D2_E06_DiatomPool_102189.140_GCTAAGAGAACACTTAGGTA_L001,1100022038,NBC.LAB.10634,UPG-EG22-S045,Elsa Girard,06.08.2022,Indonesia,,Langkadea,Spermonde Archipelago,1550,A,E06,SV019,RF1,rubble + algae,substrate,sample,
e1100022050_NBCLAB10635.A_UPG.EG22.S046_SV019_D2_F06_DiatomPool_102189.141_GCTAAGAGAAATAGGTAAGG_L001,1100022050,NBC.LAB.10635,UPG-EG22-S046,Agung/Masdar,06.08.2022,Indonesia,,Langkadea,Spermonde Archipelago,1550,A,F06,SV019,8.9,rubble,substrate,sample,
e1100022062_NBCLAB10636.A_UPG.EG22.S047_SV019_D2_G06_DiatomPool_102189.142_GCTAAGAGAACGCCTTATAT_L001,1100022062,NBC.LAB.10636,UPG-EG22-S047,Agung/Masdar,06.08.2022,Indonesia,,Langkadea,Spermonde Archipelago,1550,A,G06,SV019,14.7,sand,substrate,sample,
e1100022074_NBCLAB10637.A_UPG.EG22.S048_SV019_D2_H06_DiatomPool_102189.143_GCTAAGAGAAGCACGATGCT_L001,1100022074,NBC.LAB.10637,UPG-EG22-S048,Elsa Girard,06.08.2022,Indonesia,,Langkadea,Spermonde Archipelago,1550,A,H06,SV019,RF2,rubble + seagrass,substrate,sample,
e1100021991_NBCLAB10638.A_UPG.EG22.S049_SV019_D2_A07_DiatomPool_102189.144_AGTGTCGCGAGTCGTGAATC_L001,1100021991,NBC.LAB.10638,UPG-EG22-S049,Agung/Masdar,06.08.2022,Indonesia,,Langkadea,Spermonde Archipelago,1550,A,A07,SV019,3.3,rubble,substrate,sample,
e1100022003_NBCLAB10639.A_UPG.EG22.S050_SV019_D2_B07_DiatomPool_102189.145_AGTGTCGCGACTGTTCTACG_L001,1100022003,NBC.LAB.10639,UPG-EG22-S050,Elsa Girard,06.08.2022,Indonesia,,Langkadea,Spermonde Archipelago,1550,A,B07,SV019,RF3,rubble + seagrass,substrate,sample,
e1100022015_NBCLAB10640.A_UPG.EG22.S051_SV019_D2_C07_DiatomPool_102189.146_AGTGTCGCGAGCTCTTAGGT_L001,1100022015,NBC.LAB.10640,UPG-EG22-S051,Agung/Masdar,06.08.2022,Indonesia,,Langkadea,Spermonde Archipelago,1550,A,C07,SV019,5.6,rubble,substrate,sample,
e1100022027_NBCLAB10641.A_UPG.EG22.S052_SV019_D2_D07_DiatomPool_102189.147_AGTGTCGCGATAGAAGCCAT_L001,1100022027,NBC.LAB.10641,UPG-EG22-S052,Agung/Masdar,07.08.2022,Indonesia,,Karanrang,Spermonde Archipelago,1550,A,D07,SV019,9.7,rubble,substrate,sample,
e1100022039_NBCLAB10642.A_UPG.EG22.S053_SV019_D2_E07_DiatomPool_102189.148_AGTGTCGCGACACTTAGGTA_L001,1100022039,NBC.LAB.10642,UPG-EG22-S053,Elsa Girard,07.08.2022,Indonesia,,Karanrang,Spermonde Archipelago,1550,A,E07,SV019,RF2,rubble + algae,substrate,sample,
e1100022051_NBCLAB10643.A_UPG.EG22.S054_SV019_D2_F07_DiatomPool_102189.149_AGTGTCGCGAATAGGTAAGG_L001,1100022051,NBC.LAB.10643,UPG-EG22-S054,Agung/Masdar,07.08.2022,Indonesia,,Karanrang,Spermonde Archipelago,1550,A,F07,SV019,12.9,rubble + sand + algae,substrate,sample,
e1100022063_NBCLAB10644.A_UPG.EG22.S055_SV019_D2_G07_DiatomPool_102189.150_AGTGTCGCGACGCCTTATAT_L001,1100022063,NBC.LAB.10644,UPG-EG22-S055,Elsa Girard,07.08.2022,Indonesia,,Karanrang,Spermonde Archipelago,1550,A,G07,SV019,RF3,rubble + algae + seagrass,substrate,sample,
e1100022075_NBCLAB10645.A_UPG.EG22.S056_SV019_D2_H07_DiatomPool_102189.151_AGTGTCGCGAGCACGATGCT_L001,1100022075,NBC.LAB.10645,UPG-EG22-S056,Agung/Masdar,07.08.2022,Indonesia,,Karanrang,Spermonde Archipelago,1550,A,H07,SV019,3.5,rubble,substrate,sample,
e1100021992_NBCLAB10646.A_UPG.EG22.S057_SV019_D2_A08_DiatomPool_102189.152_TCGATCTCCAGTCGTGAATC_L001,1100021992,NBC.LAB.10646,UPG-EG22-S057,Agung/Masdar,07.08.2022,Indonesia,,Karanrang,Spermonde Archipelago,1550,A,A08,SV019,6.5,rubble,substrate,sample,
e1100022004_NBCLAB10647.A_UPG.EG22.S058_SV019_D2_B08_DiatomPool_102189.153_TCGATCTCCACTGTTCTACG_L001,1100022004,NBC.LAB.10647,UPG-EG22-S058,Elsa Girard,07.08.2022,Indonesia,,Karanrang,Spermonde Archipelago,1550,A,B08,SV019,RF1,rubble + algae,substrate,sample,
e1100022016_NBCLAB10648.A_UPG.EG22.S059_SV019_D2_C08_DiatomPool_102189.154_TCGATCTCCAGCTCTTAGGT_L001,1100022016,NBC.LAB.10648,UPG-EG22-S059,Agung/Masdar,07.08.2022,Indonesia,,Karanrang,Spermonde Archipelago,1550,A,C08,SV019,15.9,sand,substrate,sample,
e1100022028_NBCLAB10649.A_UPG.EG22.S060_SV019_D2_D08_DiatomPool_102189.155_TCGATCTCCATAGAAGCCAT_L001,1100022028,NBC.LAB.10649,UPG-EG22-S060,Agung/Masdar,08.08.2022,Indonesia,,Barang Baringan,Spermonde Archipelago,1550,A,D08,SV019,3.9,rubble + sand,substrate,sample,
e1100022040_NBCLAB10650.A_UPG.EG22.S061_SV019_D2_E08_DiatomPool_102189.156_TCGATCTCCACACTTAGGTA_L001,1100022040,NBC.LAB.10650,UPG-EG22-S061,Elsa Girard,08.08.2022,Indonesia,,Barang Baringan,Spermonde Archipelago,1550,A,E08,SV019,RF1,rubble + algae,substrate,sample,
e1100022052_NBCLAB10651.A_UPG.EG22.S062_SV019_D2_F08_DiatomPool_102189.157_TCGATCTCCAATAGGTAAGG_L001,1100022052,NBC.LAB.10651,UPG-EG22-S062,Elsa Girard,08.08.2022,Indonesia,,Barang Baringan,Spermonde Archipelago,1550,A,F08,SV019,RF3,rubble + algae,substrate,sample,
e1100022064_NBCLAB10652.A_UPG.EG22.S063_SV019_D2_G08_DiatomPool_102189.158_TCGATCTCCACGCCTTATAT_L001,1100022064,NBC.LAB.10652,UPG-EG22-S063,Elsa Girard,08.08.2022,Indonesia,,Barang Baringan,Spermonde Archipelago,1550,A,G08,SV019,RF2,rubble + algae,substrate,sample,
e1100022076_NBCLAB10653.A_UPG.EG22.S064_SV019_D2_H08_DiatomPool_102189.159_TCGATCTCCAGCACGATGCT_L001,1100022076,NBC.LAB.10653,UPG-EG22-S064,Agung/Masdar,08.08.2022,Indonesia,,Barang Baringan,Spermonde Archipelago,1550,A,H08,SV019,6.2,sand,substrate,sample,
e1100021993_NBCLAB10654.A_UPG.EG22.S065_SV019_D2_A09_DiatomPool_102189.160_ATCGGTCTGGGTCGTGAATC_L001,1100021993,NBC.LAB.10654,UPG-EG22-S065,Elsa Girard,09.08.2022,Indonesia,,Lae Lae,Spermonde Archipelago,1550,A,A09,SV019,RF2,rubble + algae,substrate,sample,
e1100022005_NBCLAB10655.A_UPG.EG22.S066_SV019_D2_B09_DiatomPool_102189.161_ATCGGTCTGGCTGTTCTACG_L001,1100022005,NBC.LAB.10655,UPG-EG22-S066,Agung/Masdar,09.08.2022,Indonesia,,Lae Lae,Spermonde Archipelago,1550,A,B09,SV019,7.7,rubble + sand,substrate,sample,
e1100022017_NBCLAB10656.A_UPG.EG22.S067_SV019_D2_C09_DiatomPool_102189.162_ATCGGTCTGGGCTCTTAGGT_L001,1100022017,NBC.LAB.10656,UPG-EG22-S067,Elsa Girard,09.08.2022,Indonesia,,Lae Lae,Spermonde Archipelago,1550,A,C09,SV019,RF3,rubble + algae,substrate,sample,
e1100022029_NBCLAB10657.A_UPG.EG22.S068_SV019_D2_D09_DiatomPool_102189.163_ATCGGTCTGGTAGAAGCCAT_L001,1100022029,NBC.LAB.10657,UPG-EG22-S068,Elsa Girard,09.08.2022,Indonesia,,Lae Lae,Spermonde Archipelago,1550,A,D09,SV019,RF1,rubble + algae,substrate,sample,
e1100022041_NBCLAB10658.A_UPG.EG22.S069_SV019_D2_E09_DiatomPool_102189.164_ATCGGTCTGGCACTTAGGTA_L001,1100022041,NBC.LAB.10658,UPG-EG22-S069,Agung/Masdar,09.08.2022,Indonesia,,Lae Lae,Spermonde Archipelago,1550,A,E09,SV019,10.7,sand,substrate,sample,
e1100022053_NBCLAB10659.A_UPG.EG22.S070_SV019_D2_F09_DiatomPool_102189.165_ATCGGTCTGGATAGGTAAGG_L001,1100022053,NBC.LAB.10659,UPG-EG22-S070,Agung/Masdar,09.08.2022,Indonesia,,Lae Lae,Spermonde Archipelago,1550,A,F09,SV019,4.9,rubble + sand,substrate,sample,
e1100022065_NBCLAB10660.A_UPG.EG22.S071_SV019_D2_G09_DiatomPool_102189.166_ATCGGTCTGGCGCCTTATAT_L001,1100022065,NBC.LAB.10660,UPG-EG22-S071,Elsa Girard,12.08.2022,Indonesia,,Kapoposang Masdar point,Spermonde Archipelago,1550,A,G09,SV019,RF2,rubble,substrate,sample,
e1100022077_NBCLAB10661.A_UPG.EG22.S072_SV019_D2_H09_DiatomPool_102189.167_ATCGGTCTGGGCACGATGCT_L001,1100022077,NBC.LAB.10661,UPG-EG22-S072,Agung/Masdar,12.08.2022,Indonesia,,Kapoposang Masdar point,Spermonde Archipelago,1550,A,H09,SV019,28,rubble + sand,substrate,sample,
e1100021994_NBCLAB10662.A_UPG.EG22.S073_SV019_D2_A10_DiatomPool_102189.168_AAGGCTGTGGGTCGTGAATC_L001,1100021994,NBC.LAB.10662,UPG-EG22-S073,Elsa Girard,12.08.2022,Indonesia,,Kapoposang Masdar point,Spermonde Archipelago,1550,A,A10,SV019,RF1,rubble,substrate,sample,
e1100022006_NBCLAB10663.A_UPG.EG22.S074_SV019_D2_B10_DiatomPool_102189.169_AAGGCTGTGGCTGTTCTACG_L001,1100022006,NBC.LAB.10663,UPG-EG22-S074,Agung/Masdar,12.08.2022,Indonesia,,Kapoposang Masdar point,Spermonde Archipelago,1550,A,B10,SV019,17,rubble + sand,substrate,sample,
e1100022018_NBCLAB10664.A_UPG.EG22.S075_SV019_D2_C10_DiatomPool_102189.170_AAGGCTGTGGGCTCTTAGGT_L001,1100022018,NBC.LAB.10664,UPG-EG22-S075,Agung/Masdar,12.08.2022,Indonesia,,Kapoposang Masdar point,Spermonde Archipelago,1550,A,C10,SV019,25.2,rubble + sand,substrate,sample,
e1100022030_NBCLAB10665.A_UPG.EG22.S076_SV019_D2_D10_DiatomPool_102189.171_AAGGCTGTGGTAGAAGCCAT_L001,1100022030,NBC.LAB.10665,UPG-EG22-S076,Agung/Masdar,12.08.2022,Indonesia,,Kapoposang Masdar point,Spermonde Archipelago,1550,A,D10,SV019,6.8,rubble + sand,substrate,sample,
e1100022042_NBCLAB10666.A_UPG.EG22.S077_SV019_D2_E10_DiatomPool_102189.172_AAGGCTGTGGCACTTAGGTA_L001,1100022042,NBC.LAB.10666,UPG-EG22-S077,Elsa Girard,12.08.2022,Indonesia,,Kapoposang Masdar point,Spermonde Archipelago,1550,A,E10,SV019,RF3,rubble,substrate,sample,
e1100022054_NBCLAB10667.A_UPG.EG22.S078_SV019_D2_F10_DiatomPool_102189.173_AAGGCTGTGGATAGGTAAGG_L001,1100022054,NBC.LAB.10667,UPG-EG22-S078,Agung/Masdar,12.08.2022,Indonesia,,Kapoposang Masdar point,Spermonde Archipelago,1550,A,F10,SV019,12,rubble + sand,substrate,sample,
e1100022066_NBCLAB10668.A_UPG.EG22.S079_SV019_D2_G10_DiatomPool_102189.174_AAGGCTGTGGCGCCTTATAT_L001,1100022066,NBC.LAB.10668,UPG-EG22-S079,Agung/Masdar,12.08.2022,Indonesia,,Kapoposang Masdar point,Spermonde Archipelago,1550,A,G10,SV019,3.9,rubble + sand,substrate,sample,
e1100022078_NBCLAB10669.A_PCR.Neg80.MilliQ_SV019_D2_H10_DiatomPool_102189.175_AAGGCTGTGGGCACGATGCT_L001,1100022078,NBC.LAB.10669,UPG-EG22-S080,Agung/Masdar,12.08.2022,Indonesia,,Kapoposang Masdar point,Spermonde Archipelago,1550,A,H10,SV019,21.3,rubble + sand,substrate,sample,
e1100021995_NBCLAB10670.A_UPG.EG22.S081_SV019_D2_A11_DiatomPool_102189.176_TCTATTCGGTGTCGTGAATC_L001,1100021995,NBC.LAB.10670,UPG-EG22-S081,Agung/Supa,17.08.2022,Indonesia,,Lumulumu,Spermonde Archipelago,1550,A,A11,SV019,8.7,rubble,substrate,sample,
e1100022007_NBCLAB10671.A_UPG.EG22.S082_SV019_D2_B11_DiatomPool_102189.177_TCTATTCGGTCTGTTCTACG_L001,1100022007,NBC.LAB.10671,UPG-EG22-S082,Elsa Girard,17.08.2022,Indonesia,,Lumulumu,Spermonde Archipelago,1550,A,B11,SV019,RF3,seagrass + algae,substrate,sample,
e1100022019_NBCLAB10672.A_UPG.EG22.S083_SV019_D2_C11_DiatomPool_102189.178_TCTATTCGGTGCTCTTAGGT_L001,1100022019,NBC.LAB.10672,UPG-EG22-S083,Agung/Supa,17.08.2022,Indonesia,,Lumulumu,Spermonde Archipelago,1550,A,C11,SV019,6.6,rubble + algae,substrate,sample,
e1100022031_NBCLAB10673.A_UPG.EG22.S084_SV019_D2_D11_DiatomPool_102189.179_TCTATTCGGTTAGAAGCCAT_L001,1100022031,NBC.LAB.10673,UPG-EG22-S084,Elsa Girard,17.08.2022,Indonesia,,Lumulumu,Spermonde Archipelago,1550,A,D11,SV019,RF1,seagrass + algae + rubble + sand,substrate,sample,
e1100022043_NBCLAB10674.A_UPG.EG22.S085_SV019_D2_E11_DiatomPool_102189.180_TCTATTCGGTCACTTAGGTA_L001,1100022043,NBC.LAB.10674,UPG-EG22-S085,Agung/Supa,17.08.2022,Indonesia,,Lumulumu,Spermonde Archipelago,1550,A,E11,SV019,11.4,rubble,substrate,sample,
e1100022055_NBCLAB10675.A_UPG.EG22.S086_SV019_D2_F11_DiatomPool_102189.181_TCTATTCGGTATAGGTAAGG_L001,1100022055,NBC.LAB.10675,UPG-EG22-S086,Agung/Supa,17.08.2022,Indonesia,,Lumulumu,Spermonde Archipelago,1550,A,F11,SV019,17.6,rubble + sand,substrate,sample,
e1100022067_NBCLAB10676.A_UPG.EG22.S087_SV019_D2_G11_DiatomPool_102189.182_TCTATTCGGTCGCCTTATAT_L001,1100022067,NBC.LAB.10676,UPG-EG22-S087,Elsa Girard,17.08.2022,Indonesia,,Lumulumu,Spermonde Archipelago,1550,A,G11,SV019,RF2,seagrass + algae,substrate,sample,
e1100022079_NBCLAB10677.A_UPG.EG22.S088_SV019_D2_H11_DiatomPool_102189.183_TCTATTCGGTGCACGATGCT_L001,1100022079,NBC.LAB.10677,UPG-EG22-S088,Agung/Supa,17.08.2022,Indonesia,,Lumulumu,Spermonde Archipelago,1550,A,H11,SV019,14.8,rubble,substrate,sample,
e1100021996_NBCLAB10678.A_UPG.EG22.S089_SV019_D2_A12_DiatomPool_102189.184_GAATCGTCCGGTCGTGAATC_L001,1100021996,NBC.LAB.10678,UPG-EG22-S089,Agung/Supa,17.08.2022,Indonesia,,Lumulumu,Spermonde Archipelago,1550,A,A12,SV019,23.2,rubble + sand,substrate,sample,
e1100022008_NBCLAB10679.A_UPG.EG22.S090_SV019_D2_B12_DiatomPool_102189.185_GAATCGTCCGCTGTTCTACG_L001,1100022008,NBC.LAB.10679,UPG-EG22-S090,Agung/Supa,17.08.2022,Indonesia,,Lumulumu,Spermonde Archipelago,1550,A,B12,SV019,20.2,rubble + sand,substrate,sample,
e1100022020_NBCLAB10680.A_UPG.EG22.S091_SV019_D2_C12_DiatomPool_102189.186_GAATCGTCCGGCTCTTAGGT_L001,1100022020,NBC.LAB.10680,UPG-EG22-S091,Agung/Supa,17.08.2022,Indonesia,,Lumulumu,Spermonde Archipelago,1550,A,C12,SV019,25.9,rubble + sand,substrate,sample,
e1100022032_NBCLAB10681.A_UPG.EG22.S092_SV019_D2_D12_DiatomPool_102189.187_GAATCGTCCGTAGAAGCCAT_L001,1100022032,NBC.LAB.10681,UPG-EG22-S092,Elsa Girard,20.08.2022,Indonesia,,Polewali,Spermonde Archipelago,1550,A,D12,SV019,RF2,rubble + seagrass + algae,substrate,sample,
e1100022044_NBCLAB10682.A_UPG.EG22.S093_SV019_D2_E12_DiatomPool_102189.188_GAATCGTCCGCACTTAGGTA_L001,1100022044,NBC.LAB.10682,UPG-EG22-S093,Elsa Girard,20.08.2022,Indonesia,,Polewali,Spermonde Archipelago,1550,A,E12,SV019,RF3,rubble + seagrass + algae,substrate,sample,
e1100022056_NBCLAB10683.A_UPG.EG22.S094_SV019_D2_F12_DiatomPool_102189.189_GAATCGTCCGATAGGTAAGG_L001,1100022056,NBC.LAB.10683,UPG-EG22-S094,Elsa Girard,20.08.2022,Indonesia,,Polewali,Spermonde Archipelago,1550,A,F12,SV019,RF1,rubble + algae,substrate,sample,
e1100022068_NBCLAB10684.A_UPG.EG22.S095_SV019_D2_G12_DiatomPool_102189.190_GAATCGTCCGCGCCTTATAT_L001,1100022068,NBC.LAB.10684,UPG-EG22-S095,Agung/Masdar,20.08.2022,Indonesia,,Polewali,Spermonde Archipelago,1550,A,G12,SV019,11.3,rubble + mud,substrate,sample,
e1100022081_NBCLAB10685.A_UPG.EG22.S096_TM018_D8_A01_DiatomPool_102189.1248_TCGTGTTCGAAAGATCGGAT_L001,1100022081,NBC.LAB.10685,UPG-EG22-S096,Agung/Masdar,20.08.2022,Indonesia,,Polewali,Spermonde Archipelago,1551,A,A01,TM018,13.9,sand,substrate,sample,
e1100022093_NBCLAB10686.A_UPG.EG22.S097_TM018_D8_B01_DiatomPool_102189.1249_TCGTGTTCGATTAACGTCCG_L001,1100022093,NBC.LAB.10686,UPG-EG22-S097,Agung/Masdar,20.08.2022,Indonesia,,Polewali,Spermonde Archipelago,1551,A,B01,TM018,5.2,rubble + algae,substrate,sample,
e1100022117_NBCLAB10688.A_UPG.EG22.S098_TM018_D8_D01_DiatomPool_102189.1251_TCGTGTTCGAGTTGCATCGT_L001,1100022117,NBC.LAB.10688,UPG-EG22-S098,Agung/Masdar,22.08.2022,Indonesia,,Padjenekang,Spermonde Archipelago,1551,A,D01,TM018,7.1,rubble + algae,substrate,sample,
e1100022129_NBCLAB10689.A_UPG.EG22.S099_TM018_D8_E01_DiatomPool_102189.1252_TCGTGTTCGAACTGGACGTT_L001,1100022129,NBC.LAB.10689,UPG-EG22-S099,Agung/Masdar,22.08.2022,Indonesia,,Padjenekang,Spermonde Archipelago,1551,A,E01,TM018,16.9,rubble,substrate,sample,
e1100022141_NBCLAB10690.A_UPG.EG22.S100_TM018_D8_F01_DiatomPool_102189.1253_TCGTGTTCGATTGTTCGTGT_L001,1100022141,NBC.LAB.10690,UPG-EG22-S100,Agung/Masdar,22.08.2022,Indonesia,,Padjenekang,Spermonde Archipelago,1551,A,F01,TM018,19.5,rubble + sand,substrate,sample,
e1100022153_NBCLAB10691.A_UPG.EG22.S101_TM018_D8_G01_DiatomPool_102189.1254_TCGTGTTCGAACGGACTGAG_L001,1100022153,NBC.LAB.10691,UPG-EG22-S101,Elsa Girard,22.08.2022,Indonesia,,Padjenekang,Spermonde Archipelago,1551,A,G01,TM018,RF1,rubble + sand,substrate,sample,
e1100022165_NBCLAB10692.A_UPG.EG22.S102_TM018_D8_H01_DiatomPool_102189.1255_TCGTGTTCGACACCGTCATA_L001,1100022165,NBC.LAB.10692,UPG-EG22-S102,Agung/Masdar,22.08.2022,Indonesia,,Padjenekang,Spermonde Archipelago,1551,A,H01,TM018,13.6,rubble + algae,substrate,sample,
e1100022082_NBCLAB10693.A_UPG.EG22.S103_TM018_D8_A02_DiatomPool_102189.1256_TTCAGTTGGAAAGATCGGAT_L001,1100022082,NBC.LAB.10693,UPG-EG22-S103,Elsa Girard,22.08.2022,Indonesia,,Padjenekang,Spermonde Archipelago,1551,A,A02,TM018,RF3,rubble + algae,substrate,sample,
e1100022094_NBCLAB10694.A_UPG.EG22.S104_TM018_D8_B02_DiatomPool_102189.1257_TTCAGTTGGATTAACGTCCG_L001,1100022094,NBC.LAB.10694,UPG-EG22-S104,Agung/Masdar,22.08.2022,Indonesia,,Padjenekang,Spermonde Archipelago,1551,A,B02,TM018,25.6,sand,substrate,sample,
e1100022106_NBCLAB10695.A_UPG.EG22.S106_TM018_D8_C02_DiatomPool_102189.1258_TTCAGTTGGAATTACCGATC_L001,1100022106,NBC.LAB.10695,UPG-EG22-S106,Elsa Girard,22.08.2022,Indonesia,,Padjenekang,Spermonde Archipelago,1551,A,C02,TM018,RF2,rubble + algae,substrate,sample,
e1100022118_NBCLAB10696.A_UPG.EG22.S107_TM018_D8_D02_DiatomPool_102189.1259_TTCAGTTGGAGTTGCATCGT_L001,1100022118,NBC.LAB.10696,UPG-EG22-S107,Agung/Masdar,22.08.2022,Indonesia,,Padjenekang,Spermonde Archipelago,1551,A,D02,TM018,10,rubble + algae,substrate,sample,
e1100022130_NBCLAB10697.A_UPG.EG22.S108_TM018_D8_E02_DiatomPool_102189.1260_TTCAGTTGGAACTGGACGTT_L001,1100022130,NBC.LAB.10697,UPG-EG22-S108,Agung/Masdar,22.08.2022,Indonesia,,Padjenekang,Spermonde Archipelago,1551,A,E02,TM018,3.5,rubble + algae,substrate,sample,
e1100022142_NBCLAB10698.A_UPG.EG22.S109_TM018_D8_F02_DiatomPool_102189.1261_TTCAGTTGGATTGTTCGTGT_L001,1100022142,NBC.LAB.10698,UPG-EG22-S109,Agung/Masdar,22.08.2022,Indonesia,,Padjenekang,Spermonde Archipelago,1551,A,F02,TM018,22.6,rubble,substrate,sample,
e1100022105_NBCLAB10687.A_UPG.EG22.S121_TM018_D8_C01_DiatomPool_102189.1250_TCGTGTTCGAATTACCGATC_L001,1100022105,NBC.LAB.10687,UPG-EG22-S121,Agung/Masdar,20.08.2022,Indonesia,,Polewali,Spermonde Archipelago,1551,A,C01,TM018,8.4,rubble + seagrass,substrate,sample,
e1100013537_NBCLAB10699_UPG.EG22.W001_SV017_B6_A01_DiatomPool_102189.768_GACCAAGTTACTTAACGACA_L001,1100013537,NBC.LAB.10699,UPG-EG22-W001,Elsa Girard,01.08.2022,Indonesia,Sulawesi,Langkai,Spermonde Archipelago,1495,A,A01,SV017,RF3,seawater,seawater,sample,50 mL seawater filtered through 0.2 um filter
e1100013549_NBCLAB10700_UPG.EG22.W004_SV017_B6_B01_DiatomPool_102189.769_GACCAAGTTATCCTCGAGCT_L001,1100013549,NBC.LAB.10700,UPG-EG22-W004,Elsa Girard,01.08.2022,Indonesia,Sulawesi,Langkai,Spermonde Archipelago,1495,A,B01,SV017,RF2,seawater,seawater,sample,50 mL seawater filtered through 0.2 um filter
e1100013561_NBCLAB10701_UPG.EG22.W007_SV017_B6_C01_DiatomPool_102189.770_GACCAAGTTACGAGTAATGT_L001,1100013561,NBC.LAB.10701,UPG-EG22-W007,Agung/Masdar,01.08.2022,Indonesia,Sulawesi,Langkai,Spermonde Archipelago,1495,A,C01,SV017,19.1,seawater,seawater,sample,50 mL seawater filtered through 0.2 um filter
e1100013573_NBCLAB10702_UPG.EG22.W010_SV017_B6_D01_DiatomPool_102189.771_GACCAAGTTACAGCGGTATG_L001,1100013573,NBC.LAB.10702,UPG-EG22-W010,Agung/Masdar,01.08.2022,Indonesia,Sulawesi,Langkai,Spermonde Archipelago,1495,A,D01,SV017,17.3,seawater,seawater,sample,50 mL seawater filtered through 0.2 um filter
e1100013585_NBCLAB10703_UPG.EG22.W013_SV017_B6_E01_DiatomPool_102189.772_GACCAAGTTAGCTACTTGCA_L001,1100013585,NBC.LAB.10703,UPG-EG22-W013,Agung/Masdar,01.08.2022,Indonesia,Sulawesi,Langkai,Spermonde Archipelago,1495,A,E01,SV017,15.3,seawater,seawater,sample,50 mL seawater filtered through 0.2 um filter
e1100013761_NBCLAB10957_UPG.EG22.W015_SV023_B2_C09_DiatomPool_102189.66_ACGAAGTGCGGCTCTTAGGT_L001,1100013761,NBC.LAB.10957,UPG-EG22-W015,Agung/Masdar,01.08.2022,Indonesia,Sulawesi,Langkai,Spermonde Archipelago,1497,A,C09,SV023,10.1,seawater,seawater,sample,50 mL seawater filtered through 0.2 um filter
e1100013597_NBCLAB10704_UPG.EG22.W016_SV017_B6_F01_DiatomPool_102189.773_GACCAAGTTAGCTATTGAAG_L001,1100013597,NBC.LAB.10704,UPG-EG22-W016,Agung/Masdar,01.08.2022,Indonesia,Sulawesi,Langkai,Spermonde Archipelago,1495,A,F01,SV017,12.8,seawater,seawater,sample,50 mL seawater filtered through 0.2 um filter
e1100013685_NBCLAB10831_UPG.EG22.W017_SV016_B4_E05_DiatomPool_102189.420_TGACCTGCTGGCGAGGTTCT_L001,1100013685,NBC.LAB.10831,UPG-EG22-W017,Agung/Masdar,01.08.2022,Indonesia,Sulawesi,Langkai,Spermonde Archipelago,1496,A,E05,SV016,7.8,seawater,seawater,sample,50 mL seawater filtered through 0.2 um filter
e1100013538_NBCLAB10707_UPG.EG22.W025_SV017_B6_A02_DiatomPool_102189.776_CTCCGCTTATCTTAACGACA_L001,1100013538,NBC.LAB.10707,UPG-EG22-W025,Agung/Masdar,01.08.2022,Indonesia,Sulawesi,Langkai,Spermonde Archipelago,1495,A,A02,SV017,4.9,seawater,seawater,sample,50 mL seawater filtered through 0.2 um filter
e1100013550_NBCLAB10708_UPG.EG22.W028_SV017_B6_B02_DiatomPool_102189.777_CTCCGCTTATTCCTCGAGCT_L001,1100013550,NBC.LAB.10708,UPG-EG22-W028,Elsa Girard,01.08.2022,Indonesia,Sulawesi,Langkai,Spermonde Archipelago,1495,A,B02,SV017,RF1,seawater,seawater,sample,50 mL seawater filtered through 0.2 um filter
e1100013562_NBCLAB10709_UPG.EG22.W031_SV017_B6_C02_DiatomPool_102189.778_CTCCGCTTATCGAGTAATGT_L001,1100013562,NBC.LAB.10709,UPG-EG22-W031,Agung/Masdar,02.08.2022,Indonesia,Sulawesi,Samalona,Spermonde Archipelago,1495,A,C02,SV017,22.2,seawater,seawater,sample,50 mL seawater filtered through 0.2 um filter
e1100013574_NBCLAB10710_UPG.EG22.W034_SV017_B6_D02_DiatomPool_102189.779_CTCCGCTTATCAGCGGTATG_L001,1100013574,NBC.LAB.10710,UPG-EG22-W034,Agung/Masdar,02.08.2022,Indonesia,Sulawesi,Samalona,Spermonde Archipelago,1495,A,D02,SV017,19.5,seawater,seawater,sample,50 mL seawater filtered through 0.2 um filter
e1100013586_NBCLAB10711_UPG.EG22.W037_SV017_B6_E02_DiatomPool_102189.780_CTCCGCTTATGCTACTTGCA_L001,1100013586,NBC.LAB.10711,UPG-EG22-W037,Agung/Masdar,02.08.2022,Indonesia,Sulawesi,Samalona,Spermonde Archipelago,1495,A,E02,SV017,16.5,seawater,seawater,sample,50 mL seawater filtered through 0.2 um filter
e1100013598_NBCLAB10712_UPG.EG22.W040_SV017_B6_F02_DiatomPool_102189.781_CTCCGCTTATGCTATTGAAG_L001,1100013598,NBC.LAB.10712,UPG-EG22-W040,Agung/Masdar,02.08.2022,Indonesia,Sulawesi,Samalona,Spermonde Archipelago,1495,A,F02,SV017,13,seawater,seawater,sample,50 mL seawater filtered through 0.2 um filter
e1100013610_NBCLAB10713_UPG.EG22.W043_SV017_B6_G02_DiatomPool_102189.782_CTCCGCTTATTCAGCATCCG_L001,1100013610,NBC.LAB.10713,UPG-EG22-W043,Agung/Masdar,02.08.2022,Indonesia,Sulawesi,Samalona,Spermonde Archipelago,1495,A,G02,SV017,9.8,seawater,seawater,sample,50 mL seawater filtered through 0.2 um filter
e1100013622_NBCLAB10714_UPG.EG22.W046_SV017_B6_H02_DiatomPool_102189.783_CTCCGCTTATTAGGTGGTGG_L001,1100013622,NBC.LAB.10714,UPG-EG22-W046,Agung/Masdar,02.08.2022,Indonesia,Sulawesi,Samalona,Spermonde Archipelago,1495,A,H02,SV017,7.5,seawater,seawater,sample,50 mL seawater filtered through 0.2 um filter
e1100013539_NBCLAB10715_UPG.EG22.W049_SV017_B6_A03_DiatomPool_102189.784_ATTAAGGTCGCTTAACGACA_L001,1100013539,NBC.LAB.10715,UPG-EG22-W049,Agung/Masdar,02.08.2022,Indonesia,Sulawesi,Samalona,Spermonde Archipelago,1495,A,A03,SV017,4.7,seawater,seawater,sample,50 mL seawater filtered through 0.2 um filter
e1100013551_NBCLAB10716_UPG.EG22.W052_SV017_B6_B03_DiatomPool_102189.785_ATTAAGGTCGTCCTCGAGCT_L001,1100013551,NBC.LAB.10716,UPG-EG22-W052,Elsa Girard,02.08.2022,Indonesia,Sulawesi,Samalona,Spermonde Archipelago,1495,A,B03,SV017,RF1,seawater,seawater,sample,50 mL seawater filtered through 0.2 um filter
e1100013563_NBCLAB10717_UPG.EG22.W055_SV017_B6_C03_DiatomPool_102189.786_ATTAAGGTCGCGAGTAATGT_L001,1100013563,NBC.LAB.10717,UPG-EG22-W055,Elsa Girard,02.08.2022,Indonesia,Sulawesi,Samalona,Spermonde Archipelago,1495,A,C03,SV017,RF2,seawater,seawater,sample,50 mL seawater filtered through 0.2 um filter
e1100013575_NBCLAB10718_UPG.EG22.W058_SV017_B6_D03_DiatomPool_102189.787_ATTAAGGTCGCAGCGGTATG_L001,1100013575,NBC.LAB.10718,UPG-EG22-W058,Elsa Girard,02.08.2022,Indonesia,Sulawesi,Samalona,Spermonde Archipelago,1495,A,D03,SV017,RF3,seawater,seawater,sample,50 mL seawater filtered through 0.2 um filter
e1100013587_NBCLAB10719_UPG.EG22.W061_SV017_B6_E03_DiatomPool_102189.788_ATTAAGGTCGGCTACTTGCA_L001,1100013587,NBC.LAB.10719,UPG-EG22-W061,Elsa Girard,03.08.2022,Indonesia,Sulawesi,Badi,Spermonde Archipelago,1495,A,E03,SV017,RF1,seawater,seawater,sample,50 mL seawater filtered through 0.2 um filter
e1100013599_NBCLAB10720_UPG.EG22.W064_SV017_B6_F03_DiatomPool_102189.789_ATTAAGGTCGGCTATTGAAG_L001,1100013599,NBC.LAB.10720,UPG-EG22-W064,Elsa Girard,03.08.2022,Indonesia,Sulawesi,Badi,Spermonde Archipelago,1495,A,F03,SV017,RF2,seawater,seawater,sample,50 mL seawater filtered through 0.2 um filter
e1100013611_NBCLAB10721_UPG.EG22.W067_SV017_B6_G03_DiatomPool_102189.790_ATTAAGGTCGTCAGCATCCG_L001,1100013611,NBC.LAB.10721,UPG-EG22-W067,Elsa Girard,03.08.2022,Indonesia,Sulawesi,Badi,Spermonde Archipelago,1495,A,G03,SV017,RF3,seawater,seawater,sample,50 mL seawater filtered through 0.2 um filter
e1100013540_NBCLAB10723_UPG.EG22.W070_SV017_B6_A04_DiatomPool_102189.792_GTGGCAACATCTTAACGACA_L001,1100013540,NBC.LAB.10723,UPG-EG22-W070,Agung/Supa,03.08.2022,Indonesia,Sulawesi,Badi,Spermonde Archipelago,1495,A,A04,SV017,30.5,seawater,seawater,sample,50 mL seawater filtered through 0.2 um filter
e1100013552_NBCLAB10724_UPG.EG22.W073_SV017_B6_B04_DiatomPool_102189.793_GTGGCAACATTCCTCGAGCT_L001,1100013552,NBC.LAB.10724,UPG-EG22-W073,Agung/Supa,03.08.2022,Indonesia,Sulawesi,Badi,Spermonde Archipelago,1495,A,B04,SV017,27.4,seawater,seawater,sample,50 mL seawater filtered through 0.2 um filter
e1100013564_NBCLAB10725_UPG.EG22.W076_SV017_B6_C04_DiatomPool_102189.794_GTGGCAACATCGAGTAATGT_L001,1100013564,NBC.LAB.10725,UPG-EG22-W076,Agung/Supa,03.08.2022,Indonesia,Sulawesi,Badi,Spermonde Archipelago,1495,A,C04,SV017,24.5,seawater,seawater,sample,50 mL seawater filtered through 0.2 um filter
e1100013576_NBCLAB10726_UPG.EG22.W079_SV017_B6_D04_DiatomPool_102189.795_GTGGCAACATCAGCGGTATG_L001,1100013576,NBC.LAB.10726,UPG-EG22-W079,Agung/Supa,03.08.2022,Indonesia,Sulawesi,Badi,Spermonde Archipelago,1495,A,D04,SV017,21.7,seawater,seawater,sample,50 mL seawater filtered through 0.2 um filter
e1100013588_NBCLAB10727_UPG.EG22.W082_SV017_B6_E04_DiatomPool_102189.796_GTGGCAACATGCTACTTGCA_L001,1100013588,NBC.LAB.10727,UPG-EG22-W082,Agung/Supa,03.08.2022,Indonesia,Sulawesi,Badi,Spermonde Archipelago,1495,A,E04,SV017,17.4,seawater,seawater,sample,50 mL seawater filtered through 0.2 um filter
e1100013600_NBCLAB10728_UPG.EG22.W085_SV017_B6_F04_DiatomPool_102189.797_GTGGCAACATGCTATTGAAG_L001,1100013600,NBC.LAB.10728,UPG-EG22-W085,Agung/Supa,03.08.2022,Indonesia,Sulawesi,Badi,Spermonde Archipelago,1495,A,F04,SV017,14.6,seawater,seawater,sample,50 mL seawater filtered through 0.2 um filter
e1100013612_NBCLAB10729_UPG.EG22.W088_SV017_B6_G04_DiatomPool_102189.798_GTGGCAACATTCAGCATCCG_L001,1100013612,NBC.LAB.10729,UPG-EG22-W088,Agung/Supa,03.08.2022,Indonesia,Sulawesi,Badi,Spermonde Archipelago,1495,A,G04,SV017,11.3,seawater,seawater,sample,50 mL seawater filtered through 0.2 um filter
e1100013624_NBCLAB10730_UPG.EG22.W091_SV017_B6_H04_DiatomPool_102189.799_GTGGCAACATTAGGTGGTGG_L001,1100013624,NBC.LAB.10730,UPG-EG22-W091,Agung/Supa,03.08.2022,Indonesia,Sulawesi,Badi,Spermonde Archipelago,1495,A,H04,SV017,8.1,seawater,seawater,sample,50 mL seawater filtered through 0.2 um filter
e1100013541_NBCLAB10731_UPG.EG22.W094_SV017_B6_A05_DiatomPool_102189.800_TGACCTGCTGCTTAACGACA_L001,1100013541,NBC.LAB.10731,UPG-EG22-W094,Agung/Supa,03.08.2022,Indonesia,Sulawesi,Badi,Spermonde Archipelago,1495,A,A05,SV017,5.5,seawater,seawater,sample,50 mL seawater filtered through 0.2 um filter
e1100013553_NBCLAB10732_UPG.EG22.W097_SV017_B6_B05_DiatomPool_102189.801_TGACCTGCTGTCCTCGAGCT_L001,1100013553,NBC.LAB.10732,UPG-EG22-W097,Agung/Supa,03.08.2022,Indonesia,Sulawesi,Badi,Spermonde Archipelago,1495,A,B05,SV017,2.5,seawater,seawater,sample,50 mL seawater filtered through 0.2 um filter
e1100013565_NBCLAB10733_UPG.EG22.W100_SV017_B6_C05_DiatomPool_102189.802_TGACCTGCTGCGAGTAATGT_L001,1100013565,NBC.LAB.10733,UPG-EG22-W100,NEGATIVE,01.08.2022,Indonesia,Sulawesi,Langkai,Spermonde Archipelago,1495,A,C05,SV017,NEGATIVE,negative,filtered seawater,NEGATIVE Langkai,50 mL seawater filtered through 0.2 um filter - filtered 04.08.2022
e1100013577_NBCLAB10734_UPG.EG22.W103_SV017_B6_D05_DiatomPool_102189.803_TGACCTGCTGCAGCGGTATG_L001,1100013577,NBC.LAB.10734,UPG-EG22-W103,NEGATIVE,02.08.2022,Indonesia,Sulawesi,Samalona,Spermonde Archipelago,1495,A,D05,SV017,NEGATIVE,negative,filtered seawater,NEGATIVE Samalona,50 mL seawater filtered through 0.2 um filter - filtered 04.08.2022
e1100013589_NBCLAB10735_UPG.EG22.W106_SV017_B6_E05_DiatomPool_102189.804_TGACCTGCTGGCTACTTGCA_L001,1100013589,NBC.LAB.10735,UPG-EG22-W106,NEGATIVE,03.08.2022,Indonesia,Sulawesi,Badi,Spermonde Archipelago,1495,A,E05,SV017,NEGATIVE,negative,filtered seawater,NEGATIVE Badi,50 mL seawater filtered through 0.2 um filter - filtered 04.08.2022
e1100013601_NBCLAB10736_UPG.EG22.W109_SV017_B6_F05_DiatomPool_102189.805_TGACCTGCTGGCTATTGAAG_L001,1100013601,NBC.LAB.10736,UPG-EG22-W109,Agung/Masdar,05.08.2022,Indonesia,Sulawesi,K. Keke,Spermonde Archipelago,1495,A,F05,SV017,20.1,seawater,seawater,sample,50 mL seawater filtered through 0.2 um filter
e1100013613_NBCLAB10737_UPG.EG22.W112_SV017_B6_G05_DiatomPool_102189.806_TGACCTGCTGTCAGCATCCG_L001,1100013613,NBC.LAB.10737,UPG-EG22-W112,Agung/Masdar,05.08.2022,Indonesia,Sulawesi,K. Keke,Spermonde Archipelago,1495,A,G05,SV017,17.5,seawater,seawater,sample,50 mL seawater filtered through 0.2 um filter
e1100013625_NBCLAB10738_UPG.EG22.W115_SV017_B6_H05_DiatomPool_102189.807_TGACCTGCTGTAGGTGGTGG_L001,1100013625,NBC.LAB.10738,UPG-EG22-W115,Agung/Masdar,05.08.2022,Indonesia,Sulawesi,K. Keke,Spermonde Archipelago,1495,A,H05,SV017,14.7,seawater,seawater,sample,50 mL seawater filtered through 0.2 um filter
e1100013542_NBCLAB10739_UPG.EG22.W118_SV017_B6_A06_DiatomPool_102189.808_CGCAGCTAGACTTAACGACA_L001,1100013542,NBC.LAB.10739,UPG-EG22-W118,Agung/Masdar,05.08.2022,Indonesia,Sulawesi,K. Keke,Spermonde Archipelago,1495,A,A06,SV017,11.8,seawater,seawater,sample,50 mL seawater filtered through 0.2 um filter
e1100013554_NBCLAB10740_UPG.EG22.W121_SV017_B6_B06_DiatomPool_102189.809_CGCAGCTAGATCCTCGAGCT_L001,1100013554,NBC.LAB.10740,UPG-EG22-W121,Agung/Masdar,05.08.2022,Indonesia,Sulawesi,K. Keke,Spermonde Archipelago,1495,A,B06,SV017,8.3,seawater,seawater,sample,50 mL seawater filtered through 0.2 um filter
e1100013566_NBCLAB10741_UPG.EG22.W124_SV017_B6_C06_DiatomPool_102189.810_CGCAGCTAGACGAGTAATGT_L001,1100013566,NBC.LAB.10741,UPG-EG22-W124,Agung/Masdar,05.08.2022,Indonesia,Sulawesi,K. Keke,Spermonde Archipelago,1495,A,C06,SV017,5.6,seawater,seawater,sample,50 mL seawater filtered through 0.2 um filter
e1100013578_NBCLAB10742_UPG.EG22.W127_SV017_B6_D06_DiatomPool_102189.811_CGCAGCTAGACAGCGGTATG_L001,1100013578,NBC.LAB.10742,UPG-EG22-W127,Agung/Masdar,05.08.2022,Indonesia,Sulawesi,K. Keke,Spermonde Archipelago,1495,A,D06,SV017,2.7,seawater,seawater,sample,50 mL seawater filtered through 0.2 um filter
e1100013590_NBCLAB10743_UPG.EG22.W130_SV017_B6_E06_DiatomPool_102189.812_CGCAGCTAGAGCTACTTGCA_L001,1100013590,NBC.LAB.10743,UPG-EG22-W130,Elsa Girard,05.08.2022,Indonesia,Sulawesi,K. Keke,Spermonde Archipelago,1495,A,E06,SV017,RF1,seawater,seawater,sample,50 mL seawater filtered through 0.2 um filter
e1100013602_NBCLAB10744_UPG.EG22.W133_SV017_B6_F06_DiatomPool_102189.813_CGCAGCTAGAGCTATTGAAG_L001,1100013602,NBC.LAB.10744,UPG-EG22-W133,Elsa Girard,05.08.2022,Indonesia,Sulawesi,K. Keke,Spermonde Archipelago,1495,A,F06,SV017,RF2,seawater,seawater,sample,50 mL seawater filtered through 0.2 um filter
e1100013614_NBCLAB10745_UPG.EG22.W136_SV017_B6_G06_DiatomPool_102189.814_CGCAGCTAGATCAGCATCCG_L001,1100013614,NBC.LAB.10745,UPG-EG22-W136,Elsa Girard,05.08.2022,Indonesia,Sulawesi,K. Keke,Spermonde Archipelago,1495,A,G06,SV017,RF3,seawater,seawater,sample,50 mL seawater filtered through 0.2 um filter
e1100013543_NBCLAB10747_UPG.EG22.W139_SV017_B6_A07_DiatomPool_102189.816_ACGCTAATCTCTTAACGACA_L001,1100013543,NBC.LAB.10747,UPG-EG22-W139,Agung/Masdar,06.08.2022,Indonesia,Sulawesi,Langkadea,Spermonde Archipelago,1495,A,A07,SV017,14.7,seawater,seawater,sample,50 mL seawater filtered through 0.2 um filter
e1100013555_NBCLAB10748_UPG.EG22.W142_SV017_B6_B07_DiatomPool_102189.817_ACGCTAATCTTCCTCGAGCT_L001,1100013555,NBC.LAB.10748,UPG-EG22-W142,Agung/Masdar,06.08.2022,Indonesia,Sulawesi,Langkadea,Spermonde Archipelago,1495,A,B07,SV017,11.9,seawater,seawater,sample,50 mL seawater filtered through 0.2 um filter
e1100013567_NBCLAB10749_UPG.EG22.W145_SV017_B6_C07_DiatomPool_102189.818_ACGCTAATCTCGAGTAATGT_L001,1100013567,NBC.LAB.10749,UPG-EG22-W145,Agung/Masdar,06.08.2022,Indonesia,Sulawesi,Langkadea,Spermonde Archipelago,1495,A,C07,SV017,8.9,seawater,seawater,sample,50 mL seawater filtered through 0.2 um filter
e1100013579_NBCLAB10750_UPG.EG22.W148_SV017_B6_D07_DiatomPool_102189.819_ACGCTAATCTCAGCGGTATG_L001,1100013579,NBC.LAB.10750,UPG-EG22-W148,Agung/Masdar,06.08.2022,Indonesia,Sulawesi,Langkadea,Spermonde Archipelago,1495,A,D07,SV017,5.6,seawater,seawater,sample,50 mL seawater filtered through 0.2 um filter
e1100013591_NBCLAB10751_UPG.EG22.W151_SV017_B6_E07_DiatomPool_102189.820_ACGCTAATCTGCTACTTGCA_L001,1100013591,NBC.LAB.10751,UPG-EG22-W151,Agung/Masdar,06.08.2022,Indonesia,Sulawesi,Langkadea,Spermonde Archipelago,1495,A,E07,SV017,3.3,seawater,seawater,sample,50 mL seawater filtered through 0.2 um filter
e1100013603_NBCLAB10752_UPG.EG22.W154_SV017_B6_F07_DiatomPool_102189.821_ACGCTAATCTGCTATTGAAG_L001,1100013603,NBC.LAB.10752,UPG-EG22-W154,Elsa Girard,06.08.2022,Indonesia,Sulawesi,Langkadea,Spermonde Archipelago,1495,A,F07,SV017,RF1,seawater,seawater,sample,50 mL seawater filtered through 0.2 um filter
e1100013615_NBCLAB10753_UPG.EG22.W157_SV017_B6_G07_DiatomPool_102189.822_ACGCTAATCTTCAGCATCCG_L001,1100013615,NBC.LAB.10753,UPG-EG22-W157,Elsa Girard,06.08.2022,Indonesia,Sulawesi,Langkadea,Spermonde Archipelago,1495,A,G07,SV017,RF2,seawater,seawater,sample,50 mL seawater filtered through 0.2 um filter
e1100013627_NBCLAB10754_UPG.EG22.W160_SV017_B6_H07_DiatomPool_102189.823_ACGCTAATCTTAGGTGGTGG_L001,1100013627,NBC.LAB.10754,UPG-EG22-W160,Elsa Girard,06.08.2022,Indonesia,Sulawesi,Langkadea,Spermonde Archipelago,1495,A,H07,SV017,RF3,seawater,seawater,sample,50 mL seawater filtered through 0.2 um filter
e1100013544_NBCLAB10755_UPG.EG22.W163_SV017_B6_A08_DiatomPool_102189.824_GTTGTTACCTCTTAACGACA_L001,1100013544,NBC.LAB.10755,UPG-EG22-W163,Elsa Girard,07.08.2022,Indonesia,Sulawesi,Karanrang,Spermonde Archipelago,1495,A,A08,SV017,RF1,seawater,seawater,sample,50 mL seawater filtered through 0.2 um filter
e1100013556_NBCLAB10756_UPG.EG22.W166_SV017_B6_B08_DiatomPool_102189.825_GTTGTTACCTTCCTCGAGCT_L001,1100013556,NBC.LAB.10756,UPG-EG22-W166,Elsa Girard,07.08.2022,Indonesia,Sulawesi,Karanrang,Spermonde Archipelago,1495,A,B08,SV017,RF2,seawater,seawater,sample,50 mL seawater filtered through 0.2 um filter
e1100013568_NBCLAB10757_UPG.EG22.W169_SV017_B6_C08_DiatomPool_102189.826_GTTGTTACCTCGAGTAATGT_L001,1100013568,NBC.LAB.10757,UPG-EG22-W169,Elsa Girard,07.08.2022,Indonesia,Sulawesi,Karanrang,Spermonde Archipelago,1495,A,C08,SV017,RF3,seawater,seawater,sample,50 mL seawater filtered through 0.2 um filter
e1100013580_NBCLAB10758_UPG.EG22.W172_SV017_B6_D08_DiatomPool_102189.827_GTTGTTACCTCAGCGGTATG_L001,1100013580,NBC.LAB.10758,UPG-EG22-W172,Agung/Masdar,07.08.2022,Indonesia,Sulawesi,Karanrang,Spermonde Archipelago,1495,A,D08,SV017,15.9,seawater,seawater,sample,50 mL seawater filtered through 0.2 um filter
e1100013592_NBCLAB10759_UPG.EG22.W175_SV017_B6_E08_DiatomPool_102189.828_GTTGTTACCTGCTACTTGCA_L001,1100013592,NBC.LAB.10759,UPG-EG22-W175,Agung/Masdar,07.08.2022,Indonesia,Sulawesi,Karanrang,Spermonde Archipelago,1495,A,E08,SV017,12.9,seawater,seawater,sample,50 mL seawater filtered through 0.2 um filter
e1100013604_NBCLAB10760_UPG.EG22.W178_SV017_B6_F08_DiatomPool_102189.829_GTTGTTACCTGCTATTGAAG_L001,1100013604,NBC.LAB.10760,UPG-EG22-W178,Agung/Masdar,07.08.2022,Indonesia,Sulawesi,Karanrang,Spermonde Archipelago,1495,A,F08,SV017,9.7,seawater,seawater,sample,50 mL seawater filtered through 0.2 um filter
e1100013616_NBCLAB10761_UPG.EG22.W181_SV017_B6_G08_DiatomPool_102189.830_GTTGTTACCTTCAGCATCCG_L001,1100013616,NBC.LAB.10761,UPG-EG22-W181,Agung/Masdar,07.08.2022,Indonesia,Sulawesi,Karanrang,Spermonde Archipelago,1495,A,G08,SV017,6.5,seawater,seawater,sample,50 mL seawater filtered through 0.2 um filter
e1100013628_NBCLAB10762_UPG.EG22.W184_SV017_B6_H08_DiatomPool_102189.831_GTTGTTACCTTAGGTGGTGG_L001,1100013628,NBC.LAB.10762,UPG-EG22-W184,Agung/Masdar,07.08.2022,Indonesia,Sulawesi,Karanrang,Spermonde Archipelago,1495,A,H08,SV017,3.5,seawater,seawater,sample,50 mL seawater filtered through 0.2 um filter
e1100013545_NBCLAB10763_UPG.EG22.W187_SV017_B6_A09_DiatomPool_102189.832_ACGAAGTGCGCTTAACGACA_L001,1100013545,NBC.LAB.10763,UPG-EG22-W187,Elsa Girard,08.08.2022,Indonesia,Sulawesi,Barang Baringan,Spermonde Archipelago,1495,A,A09,SV017,RF1,seawater,seawater,sample,50 mL seawater filtered through 0.2 um filter
e1100013557_NBCLAB10764_UPG.EG22.W190_SV017_B6_B09_DiatomPool_102189.833_ACGAAGTGCGTCCTCGAGCT_L001,1100013557,NBC.LAB.10764,UPG-EG22-W190,Elsa Girard,08.08.2022,Indonesia,Sulawesi,Barang Baringan,Spermonde Archipelago,1495,A,B09,SV017,RF2,seawater,seawater,sample,50 mL seawater filtered through 0.2 um filter
e1100013569_NBCLAB10765_UPG.EG22.W193_SV017_B6_C09_DiatomPool_102189.834_ACGAAGTGCGCGAGTAATGT_L001,1100013569,NBC.LAB.10765,UPG-EG22-W193,Elsa Girard,08.08.2022,Indonesia,Sulawesi,Barang Baringan,Spermonde Archipelago,1495,A,C09,SV017,RF3,seawater,seawater,sample,50 mL seawater filtered through 0.2 um filter
e1100013581_NBCLAB10766_UPG.EG22.W196_SV017_B6_D09_DiatomPool_102189.835_ACGAAGTGCGCAGCGGTATG_L001,1100013581,NBC.LAB.10766,UPG-EG22-W196,Agung/Masdar,08.08.2022,Indonesia,Sulawesi,Barang Baringan,Spermonde Archipelago,1495,A,D09,SV017,6.2,seawater,seawater,sample,50 mL seawater filtered through 0.2 um filter
e1100013593_NBCLAB10767_UPG.EG22.W199_SV017_B6_E09_DiatomPool_102189.836_ACGAAGTGCGGCTACTTGCA_L001,1100013593,NBC.LAB.10767,UPG-EG22-W199,Agung/Masdar,08.08.2022,Indonesia,Sulawesi,Barang Baringan,Spermonde Archipelago,1495,A,E09,SV017,3.9,seawater,seawater,sample,50 mL seawater filtered through 0.2 um filter
e1100013605_NBCLAB10768_UPG.EG22.W202_SV017_B6_F09_DiatomPool_102189.837_ACGAAGTGCGGCTATTGAAG_L001,1100013605,NBC.LAB.10768,UPG-EG22-W202,NEGATIVE,05.08.2022,Indonesia,Sulawesi,K. Keke,Spermonde Archipelago,1495,A,F09,SV017,NEGATIVE,negative,filtered seawater,NEGATIVE K. Keke,50 mL seawater filtered through 0.2 um filter - filtered 08.08.2022
e1100013617_NBCLAB10769_UPG.EG22.W205_SV017_B6_G09_DiatomPool_102189.838_ACGAAGTGCGTCAGCATCCG_L001,1100013617,NBC.LAB.10769,UPG-EG22-W205,NEGATIVE,06.08.2022,Indonesia,Sulawesi,Langkadea,Spermonde Archipelago,1495,A,G09,SV017,NEGATIVE,negative,filtered seawater,NEGATIVE Langkadea,50 mL seawater filtered through 0.2 um filter - filtered 08.08.2022
e1100013546_NBCLAB10771_UPG.EG22.W208_SV017_B6_A10_DiatomPool_102189.840_GAATAGCAAGCTTAACGACA_L001,1100013546,NBC.LAB.10771,UPG-EG22-W208,NEGATIVE,07.08.2022,Indonesia,Sulawesi,Karanrang,Spermonde Archipelago,1495,A,A10,SV017,NEGATIVE,negative,filtered seawater,NEGATIVE Karanrang,50 mL seawater filtered through 0.2 um filter - filtered 08.08.2022
e1100013558_NBCLAB10772_UPG.EG22.W211_SV017_B6_B10_DiatomPool_102189.841_GAATAGCAAGTCCTCGAGCT_L001,1100013558,NBC.LAB.10772,UPG-EG22-W211,NEGATIVE,08.08.2022,Indonesia,Sulawesi,Barang Baringan,Spermonde Archipelago,1495,A,B10,SV017,NEGATIVE,negative,filtered seawater,NEGATIVE Barang Baringan,50 mL seawater filtered through 0.2 um filter - filtered 08.08.2022
e1100013570_NBCLAB10773_UPG.EG22.W214_SV017_B6_C10_DiatomPool_102189.842_GAATAGCAAGCGAGTAATGT_L001,1100013570,NBC.LAB.10773,UPG-EG22-W214,Elsa Girard,09.08.2022,Indonesia,Sulawesi,Lae Lae,Spermonde Archipelago,1495,A,C10,SV017,RF1,seawater,seawater,sample,50 mL seawater filtered through 0.2 um filter
e1100013582_NBCLAB10774_UPG.EG22.W217_SV017_B6_D10_DiatomPool_102189.843_GAATAGCAAGCAGCGGTATG_L001,1100013582,NBC.LAB.10774,UPG-EG22-W217,Elsa Girard,09.08.2022,Indonesia,Sulawesi,Lae Lae,Spermonde Archipelago,1495,A,D10,SV017,RF2,seawater,seawater,sample,50 mL seawater filtered through 0.2 um filter
e1100013594_NBCLAB10775_UPG.EG22.W220_SV017_B6_E10_DiatomPool_102189.844_GAATAGCAAGGCTACTTGCA_L001,1100013594,NBC.LAB.10775,UPG-EG22-W220,Elsa Girard,09.08.2022,Indonesia,Sulawesi,Lae Lae,Spermonde Archipelago,1495,A,E10,SV017,RF3,seawater,seawater,sample,50 mL seawater filtered through 0.2 um filter
e1100013606_NBCLAB10776_UPG.EG22.W223_SV017_B6_F10_DiatomPool_102189.845_GAATAGCAAGGCTATTGAAG_L001,1100013606,NBC.LAB.10776,UPG-EG22-W223,Agung/Masdar,09.08.2022,Indonesia,Sulawesi,Lae Lae,Spermonde Archipelago,1495,A,F10,SV017,10.7,seawater,seawater,sample,50 mL seawater filtered through 0.2 um filter
e1100013618_NBCLAB10777_UPG.EG22.W226_SV017_B6_G10_DiatomPool_102189.846_GAATAGCAAGTCAGCATCCG_L001,1100013618,NBC.LAB.10777,UPG-EG22-W226,Agung/Masdar,09.08.2022,Indonesia,Sulawesi,Lae Lae,Spermonde Archipelago,1495,A,G10,SV017,7.7,seawater,seawater,sample,50 mL seawater filtered through 0.2 um filter
e1100013630_NBCLAB10778_UPG.EG22.W229_SV017_B6_H10_DiatomPool_102189.847_GAATAGCAAGTAGGTGGTGG_L001,1100013630,NBC.LAB.10778,UPG-EG22-W229,Agung/Masdar,09.08.2022,Indonesia,Sulawesi,Lae Lae,Spermonde Archipelago,1495,A,H10,SV017,4.9,seawater,seawater,sample,50 mL seawater filtered through 0.2 um filter
e1100013547_NBCLAB10779_UPG.EG22.W232_SV017_B6_A11_DiatomPool_102189.848_CCTGGTGAGACTTAACGACA_L001,1100013547,NBC.LAB.10779,UPG-EG22-W232,NEGATIVE,09.08.2022,Indonesia,Sulawesi,Lae Lae,Spermonde Archipelago,1495,A,A11,SV017,NEGATIVE,negative,filtered seawater,NEGATIVE Lae Lae,50 mL seawater filtered through 0.2 um filter - filtered 10.08.2022
e1100013559_NBCLAB10780_UPG.EG22.W235_SV017_B6_B11_DiatomPool_102189.849_CCTGGTGAGATCCTCGAGCT_L001,1100013559,NBC.LAB.10780,UPG-EG22-W235,Agung/Masdar,12.08.2022,Indonesia,Sulawesi,Kapoposang Masdar point,Spermonde Archipelago,1495,A,B11,SV017,25.2,seawater,seawater,sample,50 mL seawater filtered through 0.2 um filter
e1100013731_NBCLAB10907_UPG.EG22.W236_SV023_B2_A03_DiatomPool_102189.16_ATTAAGGTCGGTCGTGAATC_L001,1100013731,NBC.LAB.10907,UPG-EG22-W236,Agung/Masdar,12.08.2022,Indonesia,Sulawesi,Kapoposang Masdar point,Spermonde Archipelago,1497,A,A03,SV023,28,seawater,seawater,sample,50 mL seawater filtered through 0.2 um filter
e1100013583_NBCLAB10782_UPG.EG22.W241_SV017_B6_D11_DiatomPool_102189.851_CCTGGTGAGACAGCGGTATG_L001,1100013583,NBC.LAB.10782,UPG-EG22-W241,Agung/Masdar,12.08.2022,Indonesia,Sulawesi,Kapoposang Masdar point,Spermonde Archipelago,1495,A,D11,SV017,21.3,seawater,seawater,sample,50 mL seawater filtered through 0.2 um filter
e1100013595_NBCLAB10783_UPG.EG22.W244_SV017_B6_E11_DiatomPool_102189.852_CCTGGTGAGAGCTACTTGCA_L001,1100013595,NBC.LAB.10783,UPG-EG22-W244,Agung/Masdar,12.08.2022,Indonesia,Sulawesi,Kapoposang Masdar point,Spermonde Archipelago,1495,A,E11,SV017,17,seawater,seawater,sample,50 mL seawater filtered through 0.2 um filter
e1100013607_NBCLAB10784_UPG.EG22.W247_SV017_B6_F11_DiatomPool_102189.853_CCTGGTGAGAGCTATTGAAG_L001,1100013607,NBC.LAB.10784,UPG-EG22-W247,Agung/Masdar,12.08.2022,Indonesia,Sulawesi,Kapoposang Masdar point,Spermonde Archipelago,1495,A,F11,SV017,12,seawater,seawater,sample,50 mL seawater filtered through 0.2 um filter
e1100013619_NBCLAB10785_UPG.EG22.W250_SV017_B6_G11_DiatomPool_102189.854_CCTGGTGAGATCAGCATCCG_L001,1100013619,NBC.LAB.10785,UPG-EG22-W250,Agung/Masdar,12.08.2022,Indonesia,Sulawesi,Kapoposang Masdar point,Spermonde Archipelago,1495,A,G11,SV017,6.8,seawater,seawater,sample,50 mL seawater filtered through 0.2 um filter
e1100013631_NBCLAB10786_UPG.EG22.W253_SV017_B6_H11_DiatomPool_102189.855_CCTGGTGAGATAGGTGGTGG_L001,1100013631,NBC.LAB.10786,UPG-EG22-W253,Agung/Masdar,12.08.2022,Indonesia,Sulawesi,Kapoposang Masdar point,Spermonde Archipelago,1495,A,H11,SV017,3.9,seawater,seawater,sample,50 mL seawater filtered through 0.2 um filter
e1100013548_NBCLAB10787_UPG.EG22.W256_SV017_B6_A12_DiatomPool_102189.856_ACGTGAGGAACTTAACGACA_L001,1100013548,NBC.LAB.10787,UPG-EG22-W256,Elsa Girard,12.08.2022,Indonesia,Sulawesi,Kapoposang Masdar point,Spermonde Archipelago,1495,A,A12,SV017,RF1,seawater,seawater,sample,50 mL seawater filtered through 0.2 um filter
e1100013560_NBCLAB10788_UPG.EG22.W259_SV017_B6_B12_DiatomPool_102189.857_ACGTGAGGAATCCTCGAGCT_L001,1100013560,NBC.LAB.10788,UPG-EG22-W259,Elsa Girard,12.08.2022,Indonesia,Sulawesi,Kapoposang Masdar point,Spermonde Archipelago,1495,A,B12,SV017,RF2,seawater,seawater,sample,50 mL seawater filtered through 0.2 um filter
e1100013572_NBCLAB10789_UPG.EG22.W262_SV017_B6_C12_DiatomPool_102189.858_ACGTGAGGAACGAGTAATGT_L001,1100013572,NBC.LAB.10789,UPG-EG22-W262,Elsa Girard,12.08.2022,Indonesia,Sulawesi,Kapoposang Masdar point,Spermonde Archipelago,1495,A,C12,SV017,RF3,seawater,seawater,sample,50 mL seawater filtered through 0.2 um filter
e1100013584_NBCLAB10790_UPG.EG22.W265_SV017_B6_D12_DiatomPool_102189.859_ACGTGAGGAACAGCGGTATG_L001,1100013584,NBC.LAB.10790,UPG-EG22-W265,NEGATIVE,12.08.2022,Indonesia,Sulawesi,Kapoposang Masdar point,Spermonde Archipelago,1495,A,D12,SV017,NEGATIVE,negative,filtered seawater,NEGATIVE Kapoposang Masdar point,50 mL seawater filtered through 0.2 um filter - filtered 13.08.2022
e1100013596_NBCLAB10791_UPG.EG22.W268_SV017_B6_E12_DiatomPool_102189.860_ACGTGAGGAAGCTACTTGCA_L001,1100013596,NBC.LAB.10791,UPG-EG22-W268,Agung/Supa,17.08.2022,Indonesia,Sulawesi,Lumulumu,Spermonde Archipelago,1495,A,E12,SV017,25.9,seawater,seawater,sample,50 mL seawater filtered through 0.2 um filter
e1100013608_NBCLAB10792_UPG.EG22.W271_SV017_B6_F12_DiatomPool_102189.861_ACGTGAGGAAGCTATTGAAG_L001,1100013608,NBC.LAB.10792,UPG-EG22-W271,Agung/Supa,17.08.2022,Indonesia,Sulawesi,Lumulumu,Spermonde Archipelago,1495,A,F12,SV017,23.2,seawater,seawater,sample,50 mL seawater filtered through 0.2 um filter
e1100013620_NBCLAB10793_UPG.EG22.W274_SV017_B6_G12_DiatomPool_102189.862_ACGTGAGGAATCAGCATCCG_L001,1100013620,NBC.LAB.10793,UPG-EG22-W274,Agung/Supa,17.08.2022,Indonesia,Sulawesi,Lumulumu,Spermonde Archipelago,1495,A,G12,SV017,20.2,seawater,seawater,sample,50 mL seawater filtered through 0.2 um filter
e1100013633_NBCLAB10795_UPG.EG22.W277_SV016_B4_A01_DiatomPool_102189.384_GACCAAGTTAAATATGCCAG_L001,1100013633,NBC.LAB.10795,UPG-EG22-W277,Agung/Supa,17.08.2022,Indonesia,Sulawesi,Lumulumu,Spermonde Archipelago,1496,A,A01,SV016,17.6,seawater,seawater,sample,50 mL seawater filtered through 0.2 um filter
e1100013645_NBCLAB10796_UPG.EG22.W280_SV016_B4_B01_DiatomPool_102189.385_GACCAAGTTATAGAGTCACG_L001,1100013645,NBC.LAB.10796,UPG-EG22-W280,Agung/Supa,17.08.2022,Indonesia,Sulawesi,Lumulumu,Spermonde Archipelago,1496,A,B01,SV016,14.8,seawater,seawater,sample,50 mL seawater filtered through 0.2 um filter
e1100013657_NBCLAB10797_UPG.EG22.W283_SV016_B4_C01_DiatomPool_102189.386_GACCAAGTTATTAACAGGTC_L001,1100013657,NBC.LAB.10797,UPG-EG22-W283,Agung/Supa,17.08.2022,Indonesia,Sulawesi,Lumulumu,Spermonde Archipelago,1496,A,C01,SV016,11.4,seawater,seawater,sample,50 mL seawater filtered through 0.2 um filter
e1100013669_NBCLAB10798_UPG.EG22.W286_SV016_B4_D01_DiatomPool_102189.387_GACCAAGTTAACATGAGCCA_L001,1100013669,NBC.LAB.10798,UPG-EG22-W286,Agung/Supa,17.08.2022,Indonesia,Sulawesi,Lumulumu,Spermonde Archipelago,1496,A,D01,SV016,8.7,seawater,seawater,sample,50 mL seawater filtered through 0.2 um filter
e1100013681_NBCLAB10799_UPG.EG22.W289_SV016_B4_E01_DiatomPool_102189.388_GACCAAGTTAGCGAGGTTCT_L001,1100013681,NBC.LAB.10799,UPG-EG22-W289,Agung/Supa,17.08.2022,Indonesia,Sulawesi,Lumulumu,Spermonde Archipelago,1496,A,E01,SV016,6.6,seawater,seawater,sample,50 mL seawater filtered through 0.2 um filter
e1100013693_NBCLAB10800_UPG.EG22.W292_SV016_B4_F01_DiatomPool_102189.389_GACCAAGTTATGTCCGTAGG_L001,1100013693,NBC.LAB.10800,UPG-EG22-W292,Elsa Girard,17.08.2022,Indonesia,Sulawesi,Lumulumu,Spermonde Archipelago,1496,A,F01,SV016,RF1,seawater,seawater,sample,50 mL seawater filtered through 0.2 um filter
e1100013705_NBCLAB10801_UPG.EG22.W295_SV016_B4_G01_DiatomPool_102189.390_GACCAAGTTACATTATGCCT_L001,1100013705,NBC.LAB.10801,UPG-EG22-W295,Elsa Girard,17.08.2022,Indonesia,Sulawesi,Lumulumu,Spermonde Archipelago,1496,A,G01,SV016,RF2,seawater,seawater,sample,50 mL seawater filtered through 0.2 um filter
e1100013717_NBCLAB10802_UPG.EG22.W298_SV016_B4_H01_DiatomPool_102189.391_GACCAAGTTATCCACTGTTG_L001,1100013717,NBC.LAB.10802,UPG-EG22-W298,Elsa Girard,17.08.2022,Indonesia,Sulawesi,Lumulumu,Spermonde Archipelago,1496,A,H01,SV016,RF3,seawater,seawater,sample,50 mL seawater filtered through 0.2 um filter
e1100013634_NBCLAB10803_UPG.EG22.W301_SV016_B4_A02_DiatomPool_102189.392_CTCCGCTTATAATATGCCAG_L001,1100013634,NBC.LAB.10803,UPG-EG22-W301,Agung/Masdar,20.08.2022,Indonesia,Sulawesi,Polewali,Spermonde Archipelago,1496,A,A02,SV016,13.9,seawater,seawater,sample,50 mL seawater filtered through 0.2 um filter
e1100013646_NBCLAB10804_UPG.EG22.W304_SV016_B4_B02_DiatomPool_102189.393_CTCCGCTTATTAGAGTCACG_L001,1100013646,NBC.LAB.10804,UPG-EG22-W304,Agung/Masdar,20.08.2022,Indonesia,Sulawesi,Polewali,Spermonde Archipelago,1496,A,B02,SV016,11.3,seawater,seawater,sample,50 mL seawater filtered through 0.2 um filter
e1100013658_NBCLAB10805_UPG.EG22.W307_SV016_B4_C02_DiatomPool_102189.394_CTCCGCTTATTTAACAGGTC_L001,1100013658,NBC.LAB.10805,UPG-EG22-W307,Agung/Masdar,20.08.2022,Indonesia,Sulawesi,Polewali,Spermonde Archipelago,1496,A,C02,SV016,8.4,seawater,seawater,sample,50 mL seawater filtered through 0.2 um filter
e1100013670_NBCLAB10806_UPG.EG22.W310_SV016_B4_D02_DiatomPool_102189.395_CTCCGCTTATACATGAGCCA_L001,1100013670,NBC.LAB.10806,UPG-EG22-W310,Agung/Masdar,20.08.2022,Indonesia,Sulawesi,Polewali,Spermonde Archipelago,1496,A,D02,SV016,5.2,seawater,seawater,sample,50 mL seawater filtered through 0.2 um filter
e1100013682_NBCLAB10807_UPG.EG22.W313_SV016_B4_E02_DiatomPool_102189.396_CTCCGCTTATGCGAGGTTCT_L001,1100013682,NBC.LAB.10807,UPG-EG22-W313,Elsa Girard,20.08.2022,Indonesia,Sulawesi,Polewali,Spermonde Archipelago,1496,A,E02,SV016,RF1,seawater,seawater,sample,50 mL seawater filtered through 0.2 um filter
e1100013694_NBCLAB10808_UPG.EG22.W316_SV016_B4_F02_DiatomPool_102189.397_CTCCGCTTATTGTCCGTAGG_L001,1100013694,NBC.LAB.10808,UPG-EG22-W316,Elsa Girard,20.08.2022,Indonesia,Sulawesi,Polewali,Spermonde Archipelago,1496,A,F02,SV016,RF2,seawater,seawater,sample,50 mL seawater filtered through 0.2 um filter
e1100013706_NBCLAB10809_UPG.EG22.W319_SV016_B4_G02_DiatomPool_102189.398_CTCCGCTTATCATTATGCCT_L001,1100013706,NBC.LAB.10809,UPG-EG22-W319,Elsa Girard,20.08.2022,Indonesia,Sulawesi,Polewali,Spermonde Archipelago,1496,A,G02,SV016,RF3,seawater,seawater,sample,50 mL seawater filtered through 0.2 um filter
e1100013718_NBCLAB10810_UPG.EG22.W322_SV016_B4_H02_DiatomPool_102189.399_CTCCGCTTATTCCACTGTTG_L001,1100013718,NBC.LAB.10810,UPG-EG22-W322,NEGATIVE,21.08.2022,Indonesia,Sulawesi,AQUA,Spermonde Archipelago,1496,A,H02,SV016,NEGATIVE,negative,AQUA bottle seawater,NEGATIVE AQUA,50 mL seawater filtered through 0.2 um filter - filtered 21.08.2022
e1100013635_NBCLAB10811_UPG.EG22.W325_SV016_B4_A03_DiatomPool_102189.400_ATTAAGGTCGAATATGCCAG_L001,1100013635,NBC.LAB.10811,UPG-EG22-W325,NEGATIVE,17.08.2022,Indonesia,Sulawesi,Lumulumu,Spermonde Archipelago,1496,A,A03,SV016,NEGATIVE,negative,filtered seawater,NEGATIVE Lumulumu,50 mL seawater filtered through 0.2 um filter - filtered 21.08.2022
e1100013647_NBCLAB10812_UPG.EG22.W328_SV016_B4_B03_DiatomPool_102189.401_ATTAAGGTCGTAGAGTCACG_L001,1100013647,NBC.LAB.10812,UPG-EG22-W328,NEGATIVE,20.08.2022,Indonesia,Sulawesi,Polewali,Spermonde Archipelago,1496,A,B03,SV016,NEGATIVE,negative,filtered seawater,NEGATIVE Polewali,50 mL seawater filtered through 0.2 um filter - filtered 21.08.2022
e1100013659_NBCLAB10813_UPG.EG22.W331_SV016_B4_C03_DiatomPool_102189.402_ATTAAGGTCGTTAACAGGTC_L001,1100013659,NBC.LAB.10813,UPG-EG22-W331,Agung/Masdar,22.08.2022,Indonesia,Sulawesi,Padjenekang,Spermonde Archipelago,1496,A,C03,SV016,22.6,seawater,seawater,sample,50 mL seawater filtered through 0.2 um filter
e1100013759_NBCLAB10941_UPG.EG22.W332_SV023_B2_C07_DiatomPool_102189.50_ACGCTAATCTGCTCTTAGGT_L001,1100013759,NBC.LAB.10941,UPG-EG22-W332,Elsa Girard,22.08.2022,Indonesia,Sulawesi,Padjenekang,Spermonde Archipelago,1497,A,C07,SV023,RF1,seawater,seawater,sample,50 mL seawater filtered through 0.2 um filter
e1100013671_NBCLAB10814_UPG.EG22.W334_SV016_B4_D03_DiatomPool_102189.403_ATTAAGGTCGACATGAGCCA_L001,1100013671,NBC.LAB.10814,UPG-EG22-W334,Elsa Girard,22.08.2022,Indonesia,Sulawesi,Padjenekang,Spermonde Archipelago,1496,A,D03,SV016,RF2,seawater,seawater,sample,50 mL seawater filtered through 0.2 um filter
e1100013683_NBCLAB10815_UPG.EG22.W337_SV016_B4_E03_DiatomPool_102189.404_ATTAAGGTCGGCGAGGTTCT_L001,1100013683,NBC.LAB.10815,UPG-EG22-W337,Elsa Girard,22.08.2022,Indonesia,Sulawesi,Padjenekang,Spermonde Archipelago,1496,A,E03,SV016,RF3,seawater,seawater,sample,50 mL seawater filtered through 0.2 um filter
e1100013695_NBCLAB10816_UPG.EG22.W340_SV016_B4_F03_DiatomPool_102189.405_ATTAAGGTCGTGTCCGTAGG_L001,1100013695,NBC.LAB.10816,UPG-EG22-W340,Agung/Masdar,22.08.2022,Indonesia,Sulawesi,Padjenekang,Spermonde Archipelago,1496,A,F03,SV016,25.6,seawater,seawater,sample,50 mL seawater filtered through 0.2 um filter
e1100013636_NBCLAB10819_UPG.EG22.W346_SV016_B4_A04_DiatomPool_102189.408_GTGGCAACATAATATGCCAG_L001,1100013636,NBC.LAB.10819,UPG-EG22-W346,Agung/Masdar,22.08.2022,Indonesia,Sulawesi,Padjenekang,Spermonde Archipelago,1496,A,A04,SV016,19.5,seawater,seawater,sample,50 mL seawater filtered through 0.2 um filter
e1100013648_NBCLAB10820_UPG.EG22.W349_SV016_B4_B04_DiatomPool_102189.409_GTGGCAACATTAGAGTCACG_L001,1100013648,NBC.LAB.10820,UPG-EG22-W349,Agung/Masdar,22.08.2022,Indonesia,Sulawesi,Padjenekang,Spermonde Archipelago,1496,A,B04,SV016,16.9,seawater,seawater,sample,50 mL seawater filtered through 0.2 um filter
e1100013660_NBCLAB10821_UPG.EG22.W352_SV016_B4_C04_DiatomPool_102189.410_GTGGCAACATTTAACAGGTC_L001,1100013660,NBC.LAB.10821,UPG-EG22-W352,Agung/Masdar,22.08.2022,Indonesia,Sulawesi,Padjenekang,Spermonde Archipelago,1496,A,C04,SV016,13.6,seawater,seawater,sample,50 mL seawater filtered through 0.2 um filter
e1100013672_NBCLAB10822_UPG.EG22.W355_SV016_B4_D04_DiatomPool_102189.411_GTGGCAACATACATGAGCCA_L001,1100013672,NBC.LAB.10822,UPG-EG22-W355,Agung/Masdar,22.08.2022,Indonesia,Sulawesi,Padjenekang,Spermonde Archipelago,1496,A,D04,SV016,10,seawater,seawater,sample,50 mL seawater filtered through 0.2 um filter
e1100013684_NBCLAB10823_UPG.EG22.W358_SV016_B4_E04_DiatomPool_102189.412_GTGGCAACATGCGAGGTTCT_L001,1100013684,NBC.LAB.10823,UPG-EG22-W358,Agung/Masdar,22.08.2022,Indonesia,Sulawesi,Padjenekang,Spermonde Archipelago,1496,A,E04,SV016,7.1,seawater,seawater,sample,50 mL seawater filtered through 0.2 um filter
e1100013696_NBCLAB10824_UPG.EG22.W361_SV016_B4_F04_DiatomPool_102189.413_GTGGCAACATTGTCCGTAGG_L001,1100013696,NBC.LAB.10824,UPG-EG22-W361,Agung/Masdar,22.08.2022,Indonesia,Sulawesi,Padjenekang,Spermonde Archipelago,1496,A,F04,SV016,3.5,seawater,seawater,sample,50 mL seawater filtered through 0.2 um filter
e1100013708_NBCLAB10825_UPG.EG22.W364_SV016_B4_G04_DiatomPool_102189.414_GTGGCAACATCATTATGCCT_L001,1100013708,NBC.LAB.10825,UPG-EG22-W364,NEGATIVE,22.08.2022,Indonesia,Sulawesi,Padjenekang,Spermonde Archipelago,1496,A,G04,SV016,NEGATIVE,negative,filtered seawater,NEGATIVE Padjenekang,50 mL seawater filtered through 0.2 um filter - filtered 22.08.2022
e1100022154_extract_neg1.B_extract_neg1_TM018_D8_G05_DiatomPool_102189.1286_ATGCGCGTAAACGGACTGAG_L001,1100022154,extract_neg1,extract_neg1,NA,NA,NA,NA,NA,NA,1551,B,G05,TM018,NA,negative,Extraction NEGATIVE,Extraction NEGATIVE,
e1100022166_extract_neg2.B_extract_neg2_TM018_D8_H05_DiatomPool_102189.1287_ATGCGCGTAACACCGTCATA_L001,1100022166,extract_neg2,extract_neg2,NA,NA,NA,NA,NA,NA,1551,B,H05,TM018,NA,negative,Extraction NEGATIVE,Extraction NEGATIVE,
e1100022083_extract_neg3.B_extract_neg3_TM018_D8_A06_DiatomPool_102189.1288_GCTAAGAGAAAAGATCGGAT_L001,1100022083,extract_neg3,extract_neg3,NA,NA,NA,NA,NA,NA,1551,B,A06,TM018,NA,negative,Extraction NEGATIVE,Extraction NEGATIVE,
e1100022095_extract_neg4.B_extract_neg4_TM018_D8_B06_DiatomPool_102189.1289_GCTAAGAGAATTAACGTCCG_L001,1100022095,extract_neg4,extract_neg4,NA,NA,NA,NA,NA,NA,1551,B,B06,TM018,NA,negative,Extraction NEGATIVE,Extraction NEGATIVE,
e1100022107_extract_neg5.B_extract_neg5_TM018_D8_C06_DiatomPool_102189.1290_GCTAAGAGAAATTACCGATC_L001,1100022107,extract_neg5,extract_neg5,NA,NA,NA,NA,NA,NA,1551,B,C06,TM018,NA,negative,Extraction NEGATIVE,Extraction NEGATIVE,
e1100022119_extract_neg6.B_extract_neg6_TM018_D8_D06_DiatomPool_102189.1291_GCTAAGAGAAGTTGCATCGT_L001,1100022119,extract_neg6,extract_neg6,NA,NA,NA,NA,NA,NA,1551,B,D06,TM018,NA,negative,Extraction NEGATIVE,Extraction NEGATIVE,
e1100022080_negcontrol.B__SV020_D4_H12_DiatomPool_102189.575_GAATCGTCCGTCCACTGTTG_L001,1100022080,neg. control,neg. control,NA,NA,NA,NA,NA,NA,1550,B,H12,SV020,NA,negative,PCR NEGATIVE,PCR NEGATIVE,
e1100021985_NBCLAB10590.B_UPG.EG22.S001_SV020_D4_A01_DiatomPool_102189.480_TCGTGTTCGAAATATGCCAG_L001,1100021985,NBC.LAB.10590,UPG-EG22-S001,Elsa Girard,01.08.2022,Indonesia,,Langkai,Spermonde Archipelago,1550,B,A01,SV020,RF1,Rubble + halimeda,substrate,sample,
e1100021997_NBCLAB10591.B_UPG.EG22.S002_SV020_D4_B01_DiatomPool_102189.481_TCGTGTTCGATAGAGTCACG_L001,1100021997,NBC.LAB.10591,UPG-EG22-S002,Elsa Girard,01.08.2022,Indonesia,,Langkai,Spermonde Archipelago,1550,B,B01,SV020,RF3,rubble + algae,substrate,sample,
e1100022009_NBCLAB10592.B_UPG.EG22.S003_SV020_D4_C01_DiatomPool_102189.482_TCGTGTTCGATTAACAGGTC_L001,1100022009,NBC.LAB.10592,UPG-EG22-S003,Agung/Masdar,01.08.2022,Indonesia,,Langkai,Spermonde Archipelago,1550,B,C01,SV020,15.3,rubble,substrate,sample,
e1100022021_NBCLAB10593.B_UPG.EG22.S004_SV020_D4_D01_DiatomPool_102189.483_TCGTGTTCGAACATGAGCCA_L001,1100022021,NBC.LAB.10593,UPG-EG22-S004,Agung/Masdar,01.08.2022,Indonesia,,Langkai,Spermonde Archipelago,1550,B,D01,SV020,12.8,rubble + sand,substrate,sample,
e1100022033_NBCLAB10594.B_UPG.EG22.S005_SV020_D4_E01_DiatomPool_102189.484_TCGTGTTCGAGCGAGGTTCT_L001,1100022033,NBC.LAB.10594,UPG-EG22-S005,Agung/Masdar,01.08.2022,Indonesia,,Langkai,Spermonde Archipelago,1550,B,E01,SV020,10.1,rubble + sand,substrate,sample,
e1100022045_NBCLAB10595.B_UPG.EG22.S006_SV020_D4_F01_DiatomPool_102189.485_TCGTGTTCGATGTCCGTAGG_L001,1100022045,NBC.LAB.10595,UPG-EG22-S006,Elsa Girard,01.08.2022,Indonesia,,Langkai,Spermonde Archipelago,1550,B,F01,SV020,RF2,algae,substrate,sample,
e1100022057_NBCLAB10596.B_UPG.EG22.S007_SV020_D4_G01_DiatomPool_102189.486_TCGTGTTCGACATTATGCCT_L001,1100022057,NBC.LAB.10596,UPG-EG22-S007,Agung/Masdar,01.08.2022,Indonesia,,Langkai,Spermonde Archipelago,1550,B,G01,SV020,17.3,rubble,substrate,sample,
e1100022069_NBCLAB10597.B_UPG.EG22.S008_SV020_D4_H01_DiatomPool_102189.487_TCGTGTTCGATCCACTGTTG_L001,1100022069,NBC.LAB.10597,UPG-EG22-S008,Agung/Masdar,01.08.2022,Indonesia,,Langkai,Spermonde Archipelago,1550,B,H01,SV020,4.9,rubble + sand,substrate,sample,
e1100021986_NBCLAB10598.B_UPG.EG22.S009_SV020_D4_A02_DiatomPool_102189.488_TTCAGTTGGAAATATGCCAG_L001,1100021986,NBC.LAB.10598,UPG-EG22-S009,Agung/Masdar,01.08.2022,Indonesia,,Langkai,Spermonde Archipelago,1550,B,A02,SV020,7.8,rubble,substrate,sample,
e1100021998_NBCLAB10599.B_UPG.EG22.S010_SV020_D4_B02_DiatomPool_102189.489_TTCAGTTGGATAGAGTCACG_L001,1100021998,NBC.LAB.10599,UPG-EG22-S010,Agung/Masdar,01.08.2022,Indonesia,,Langkai,Spermonde Archipelago,1550,B,B02,SV020,19.1,rubble + sand,substrate,sample,
e1100022010_NBCLAB10600.B_UPG.EG22.S011_SV020_D4_C02_DiatomPool_102189.490_TTCAGTTGGATTAACAGGTC_L001,1100022010,NBC.LAB.10600,UPG-EG22-S011,Agung/Masdar,02.08.2022,Indonesia,,Samalona,Spermonde Archipelago,1550,B,C02,SV020,7.5,rubble,substrate,sample,
e1100022022_NBCLAB10601.B_UPG.EG22.S012_SV020_D4_D02_DiatomPool_102189.491_TTCAGTTGGAACATGAGCCA_L001,1100022022,NBC.LAB.10601,UPG-EG22-S012,Elsa Girard,02.08.2022,Indonesia,,Samalona,Spermonde Archipelago,1550,B,D02,SV020,RF3,rubble + algae,substrate,sample,
e1100022034_NBCLAB10602.B_UPG.EG22.S013_SV020_D4_E02_DiatomPool_102189.492_TTCAGTTGGAGCGAGGTTCT_L001,1100022034,NBC.LAB.10602,UPG-EG22-S013,Agung/Masdar,02.08.2022,Indonesia,,Samalona,Spermonde Archipelago,1550,B,E02,SV020,4.7,rubble + algae,substrate,sample,
e1100022046_NBCLAB10603.B_UPG.EG22.S014_SV020_D4_F02_DiatomPool_102189.493_TTCAGTTGGATGTCCGTAGG_L001,1100022046,NBC.LAB.10603,UPG-EG22-S014,Elsa Girard,02.08.2022,Indonesia,,Samalona,Spermonde Archipelago,1550,B,F02,SV020,RF1,rubble + algae,substrate,sample,
e1100022058_NBCLAB10604.B_UPG.EG22.S015_SV020_D4_G02_DiatomPool_102189.494_TTCAGTTGGACATTATGCCT_L001,1100022058,NBC.LAB.10604,UPG-EG22-S015,Agung/Masdar,02.08.2022,Indonesia,,Samalona,Spermonde Archipelago,1550,B,G02,SV020,19.5,rubble + sand,substrate,sample,
e1100022070_NBCLAB10605.B_UPG.EG22.S016_SV020_D4_H02_DiatomPool_102189.495_TTCAGTTGGATCCACTGTTG_L001,1100022070,NBC.LAB.10605,UPG-EG22-S016,Agung/Masdar,02.08.2022,Indonesia,,Samalona,Spermonde Archipelago,1550,B,H02,SV020,13,rubble + algae,substrate,sample,
e1100021987_NBCLAB10606.B_UPG.EG22.S017_SV020_D4_A03_DiatomPool_102189.496_AATGCGGTTCAATATGCCAG_L001,1100021987,NBC.LAB.10606,UPG-EG22-S017,Agung/Masdar,02.08.2022,Indonesia,,Samalona,Spermonde Archipelago,1550,B,A03,SV020,22.2,rubble + sand,substrate,sample,
e1100021999_NBCLAB10607.B_UPG.EG22.S018_SV020_D4_B03_DiatomPool_102189.497_AATGCGGTTCTAGAGTCACG_L001,1100021999,NBC.LAB.10607,UPG-EG22-S018,Agung/Masdar,02.08.2022,Indonesia,,Samalona,Spermonde Archipelago,1550,B,B03,SV020,16.5,rubble + algae,substrate,sample,
e1100022011_NBCLAB10608.B_UPG.EG22.S019_SV020_D4_C03_DiatomPool_102189.498_AATGCGGTTCTTAACAGGTC_L001,1100022011,NBC.LAB.10608,UPG-EG22-S019,Elsa Girard,02.08.2022,Indonesia,,Samalona,Spermonde Archipelago,1550,B,C03,SV020,RF2,rubble + algae,substrate,sample,
e1100022023_NBCLAB10609.B_UPG.EG22.S020_SV020_D4_D03_DiatomPool_102189.499_AATGCGGTTCACATGAGCCA_L001,1100022023,NBC.LAB.10609,UPG-EG22-S020,Agung/Masdar,02.08.2022,Indonesia,,Samalona,Spermonde Archipelago,1550,B,D03,SV020,9.8,rubble + algae,substrate,sample,
e1100022035_NBCLAB10610.B_UPG.EG22.S021_SV020_D4_E03_DiatomPool_102189.500_AATGCGGTTCGCGAGGTTCT_L001,1100022035,NBC.LAB.10610,UPG-EG22-S021,Agung/Supa,03.08.2022,Indonesia,,Badi,Spermonde Archipelago,1550,B,E03,SV020,17.4,rubble,substrate,sample,
e1100022047_NBCLAB10611.B_UPG.EG22.S022_SV020_D4_F03_DiatomPool_102189.501_AATGCGGTTCTGTCCGTAGG_L001,1100022047,NBC.LAB.10611,UPG-EG22-S022,Agung/Supa,03.08.2022,Indonesia,,Badi,Spermonde Archipelago,1550,B,F03,SV020,8.1,rubble + algae,substrate,sample,
e1100022059_NBCLAB10612.B_UPG.EG22.S023_SV020_D4_G03_DiatomPool_102189.502_AATGCGGTTCCATTATGCCT_L001,1100022059,NBC.LAB.10612,UPG-EG22-S023,Agung/Supa,03.08.2022,Indonesia,,Badi,Spermonde Archipelago,1550,B,G03,SV020,14.6,rubble,substrate,sample,
e1100022071_NBCLAB10613.B_UPG.EG22.S024_SV020_D4_H03_DiatomPool_102189.503_AATGCGGTTCTCCACTGTTG_L001,1100022071,NBC.LAB.10613,UPG-EG22-S024,Agung/Supa,03.08.2022,Indonesia,,Badi,Spermonde Archipelago,1550,B,H03,SV020,27.4,rubble + sand,substrate,sample,
e1100021988_NBCLAB10614.B_UPG.EG22.S025_SV020_D4_A04_DiatomPool_102189.504_AGCCTGTTGTAATATGCCAG_L001,1100021988,NBC.LAB.10614,UPG-EG22-S025,Agung/Supa,03.08.2022,Indonesia,,Badi,Spermonde Archipelago,1550,B,A04,SV020,5.5,rubble + algae,substrate,sample,
e1100022000_NBCLAB10615.B_UPG.EG22.S026_SV020_D4_B04_DiatomPool_102189.505_AGCCTGTTGTTAGAGTCACG_L001,1100022000,NBC.LAB.10615,UPG-EG22-S026,Agung/Supa,03.08.2022,Indonesia,,Badi,Spermonde Archipelago,1550,B,B04,SV020,30.5,rubble,substrate,sample,
e1100022012_NBCLAB10616.B_UPG.EG22.S027_SV020_D4_C04_DiatomPool_102189.506_AGCCTGTTGTTTAACAGGTC_L001,1100022012,NBC.LAB.10616,UPG-EG22-S027,Elsa Girard,03.08.2022,Indonesia,,Badi,Spermonde Archipelago,1550,B,C04,SV020,RF2,rubble + algae,substrate,sample,
e1100022024_NBCLAB10617.B_UPG.EG22.S028_SV020_D4_D04_DiatomPool_102189.507_AGCCTGTTGTACATGAGCCA_L001,1100022024,NBC.LAB.10617,UPG-EG22-S028,Elsa Girard,03.08.2022,Indonesia,,Badi,Spermonde Archipelago,1550,B,D04,SV020,RF3,rubble + algae,substrate,sample,
e1100022036_NBCLAB10618.B_UPG.EG22.S029_SV020_D4_E04_DiatomPool_102189.508_AGCCTGTTGTGCGAGGTTCT_L001,1100022036,NBC.LAB.10618,UPG-EG22-S029,Agung/Supa,03.08.2022,Indonesia,,Badi,Spermonde Archipelago,1550,B,E04,SV020,11.3,rubble,substrate,sample,
e1100022048_NBCLAB10619.B_UPG.EG22.S030_SV020_D4_F04_DiatomPool_102189.509_AGCCTGTTGTTGTCCGTAGG_L001,1100022048,NBC.LAB.10619,UPG-EG22-S030,Agung/Supa,03.08.2022,Indonesia,,Badi,Spermonde Archipelago,1550,B,F04,SV020,21.7,rubble + algae,substrate,sample,
e1100022060_NBCLAB10620.B_UPG.EG22.S031_SV020_D4_G04_DiatomPool_102189.510_AGCCTGTTGTCATTATGCCT_L001,1100022060,NBC.LAB.10620,UPG-EG22-S031,Elsa Girard,03.08.2022,Indonesia,,Badi,Spermonde Archipelago,1550,B,G04,SV020,RF1,rubble + algae,substrate,sample,
e1100022072_NBCLAB10621.B_UPG.EG22.S032_SV020_D4_H04_DiatomPool_102189.511_AGCCTGTTGTTCCACTGTTG_L001,1100022072,NBC.LAB.10621,UPG-EG22-S032,Agung/Supa,03.08.2022,Indonesia,,Badi,Spermonde Archipelago,1550,B,H04,SV020,2.5,thick layer algae on rubble,substrate,sample,
e1100021989_NBCLAB10622.B_UPG.EG22.S033_SV020_D4_A05_DiatomPool_102189.512_ATGCGCGTAAAATATGCCAG_L001,1100021989,NBC.LAB.10622,UPG-EG22-S033,Agung/Supa,03.08.2022,Indonesia,,Badi,Spermonde Archipelago,1550,B,A05,SV020,24.5,rubble + algae,substrate,sample,
e1100022001_NBCLAB10623.B_UPG.EG22.S034_SV020_D4_B05_DiatomPool_102189.513_ATGCGCGTAATAGAGTCACG_L001,1100022001,NBC.LAB.10623,UPG-EG22-S034,Agung/Masdar,05.08.2022,Indonesia,,K. Keke,Spermonde Archipelago,1550,B,B05,SV020,14.7,rubble + algae,substrate,sample,
e1100022013_NBCLAB10624.B_UPG.EG22.S035_SV020_D4_C05_DiatomPool_102189.514_ATGCGCGTAATTAACAGGTC_L001,1100022013,NBC.LAB.10624,UPG-EG22-S035,Elsa Girard,05.08.2022,Indonesia,,K. Keke,Spermonde Archipelago,1550,B,C05,SV020,RF2,rubble + algae,substrate,sample,
e1100022025_NBCLAB10625.B_UPG.EG22.S036_SV020_D4_D05_DiatomPool_102189.515_ATGCGCGTAAACATGAGCCA_L001,1100022025,NBC.LAB.10625,UPG-EG22-S036,Agung/Masdar,05.08.2022,Indonesia,,K. Keke,Spermonde Archipelago,1550,B,D05,SV020,11.8,rubble + algae,substrate,sample,
e1100022037_NBCLAB10626.B_UPG.EG22.S037_SV020_D4_E05_DiatomPool_102189.516_ATGCGCGTAAGCGAGGTTCT_L001,1100022037,NBC.LAB.10626,UPG-EG22-S037,Elsa Girard,05.08.2022,Indonesia,,K. Keke,Spermonde Archipelago,1550,B,E05,SV020,RF3,rubble,substrate,sample,
e1100022049_NBCLAB10627.B_UPG.EG22.S038_SV020_D4_F05_DiatomPool_102189.517_ATGCGCGTAATGTCCGTAGG_L001,1100022049,NBC.LAB.10627,UPG-EG22-S038,Agung/Masdar,05.08.2022,Indonesia,,K. Keke,Spermonde Archipelago,1550,B,F05,SV020,2.7,rubble + algae,substrate,sample,
e1100022061_NBCLAB10628.B_UPG.EG22.S039_SV020_D4_G05_DiatomPool_102189.518_ATGCGCGTAACATTATGCCT_L001,1100022061,NBC.LAB.10628,UPG-EG22-S039,Agung/Masdar,05.08.2022,Indonesia,,K. Keke,Spermonde Archipelago,1550,B,G05,SV020,17.5,rubble,substrate,sample,
e1100022073_NBCLAB10629.B_UPG.EG22.S040_SV020_D4_H05_DiatomPool_102189.519_ATGCGCGTAATCCACTGTTG_L001,1100022073,NBC.LAB.10629,UPG-EG22-S040,Elsa Girard,05.08.2022,Indonesia,,K. Keke,Spermonde Archipelago,1550,B,H05,SV020,RF1,rubble + algae,substrate,sample,
e1100021990_NBCLAB10630.B_UPG.EG22.S041_SV020_D4_A06_DiatomPool_102189.520_GCTAAGAGAAAATATGCCAG_L001,1100021990,NBC.LAB.10630,UPG-EG22-S041,Agung/Masdar,05.08.2022,Indonesia,,K. Keke,Spermonde Archipelago,1550,B,A06,SV020,8.3,rubble + algae,substrate,sample,
e1100022002_NBCLAB10631.B_UPG.EG22.S042_SV020_D4_B06_DiatomPool_102189.521_GCTAAGAGAATAGAGTCACG_L001,1100022002,NBC.LAB.10631,UPG-EG22-S042,Agung/Masdar,05.08.2022,Indonesia,,K. Keke,Spermonde Archipelago,1550,B,B06,SV020,5.6,rubble + algae,substrate,sample,
e1100022014_NBCLAB10632.B_PCR.Neg43.MilliQ_SV020_D4_C06_DiatomPool_102189.522_GCTAAGAGAATTAACAGGTC_L001,1100022014,NBC.LAB.10632,UPG-EG22-S043,Agung/Masdar,05.08.2022,Indonesia,,K. Keke,Spermonde Archipelago,1550,B,C06,SV020,20.1,rubble,substrate,sample,
e1100022026_NBCLAB10633.B_UPG.EG22.S044_SV020_D4_D06_DiatomPool_102189.523_GCTAAGAGAAACATGAGCCA_L001,1100022026,NBC.LAB.10633,UPG-EG22-S044,Agung/Masdar,06.08.2022,Indonesia,,Langkadea,Spermonde Archipelago,1550,B,D06,SV020,11.9,rubble + sand,substrate,sample,
e1100022038_NBCLAB10634.B_UPG.EG22.S045_SV020_D4_E06_DiatomPool_102189.524_GCTAAGAGAAGCGAGGTTCT_L001,1100022038,NBC.LAB.10634,UPG-EG22-S045,Elsa Girard,06.08.2022,Indonesia,,Langkadea,Spermonde Archipelago,1550,B,E06,SV020,RF1,rubble + algae,substrate,sample,
e1100022050_NBCLAB10635.B_UPG.EG22.S046_SV020_D4_F06_DiatomPool_102189.525_GCTAAGAGAATGTCCGTAGG_L001,1100022050,NBC.LAB.10635,UPG-EG22-S046,Agung/Masdar,06.08.2022,Indonesia,,Langkadea,Spermonde Archipelago,1550,B,F06,SV020,8.9,rubble,substrate,sample,
e1100022062_NBCLAB10636.B_UPG.EG22.S047_SV020_D4_G06_DiatomPool_102189.526_GCTAAGAGAACATTATGCCT_L001,1100022062,NBC.LAB.10636,UPG-EG22-S047,Agung/Masdar,06.08.2022,Indonesia,,Langkadea,Spermonde Archipelago,1550,B,G06,SV020,14.7,sand,substrate,sample,
e1100022074_NBCLAB10637.B_UPG.EG22.S048_SV020_D4_H06_DiatomPool_102189.527_GCTAAGAGAATCCACTGTTG_L001,1100022074,NBC.LAB.10637,UPG-EG22-S048,Elsa Girard,06.08.2022,Indonesia,,Langkadea,Spermonde Archipelago,1550,B,H06,SV020,RF2,rubble + seagrass,substrate,sample,
e1100021991_NBCLAB10638.B_UPG.EG22.S049_SV020_D4_A07_DiatomPool_102189.528_AGTGTCGCGAAATATGCCAG_L001,1100021991,NBC.LAB.10638,UPG-EG22-S049,Agung/Masdar,06.08.2022,Indonesia,,Langkadea,Spermonde Archipelago,1550,B,A07,SV020,3.3,rubble,substrate,sample,
e1100022003_NBCLAB10639.B_UPG.EG22.S050_SV020_D4_B07_DiatomPool_102189.529_AGTGTCGCGATAGAGTCACG_L001,1100022003,NBC.LAB.10639,UPG-EG22-S050,Elsa Girard,06.08.2022,Indonesia,,Langkadea,Spermonde Archipelago,1550,B,B07,SV020,RF3,rubble + seagrass,substrate,sample,
e1100022015_NBCLAB10640.B_UPG.EG22.S051_SV020_D4_C07_DiatomPool_102189.530_AGTGTCGCGATTAACAGGTC_L001,1100022015,NBC.LAB.10640,UPG-EG22-S051,Agung/Masdar,06.08.2022,Indonesia,,Langkadea,Spermonde Archipelago,1550,B,C07,SV020,5.6,rubble,substrate,sample,
e1100022027_NBCLAB10641.B_UPG.EG22.S052_SV020_D4_D07_DiatomPool_102189.531_AGTGTCGCGAACATGAGCCA_L001,1100022027,NBC.LAB.10641,UPG-EG22-S052,Agung/Masdar,07.08.2022,Indonesia,,Karanrang,Spermonde Archipelago,1550,B,D07,SV020,9.7,rubble,substrate,sample,
e1100022039_NBCLAB10642.B_UPG.EG22.S053_SV020_D4_E07_DiatomPool_102189.532_AGTGTCGCGAGCGAGGTTCT_L001,1100022039,NBC.LAB.10642,UPG-EG22-S053,Elsa Girard,07.08.2022,Indonesia,,Karanrang,Spermonde Archipelago,1550,B,E07,SV020,RF2,rubble + algae,substrate,sample,
e1100022051_NBCLAB10643.B_UPG.EG22.S054_SV020_D4_F07_DiatomPool_102189.533_AGTGTCGCGATGTCCGTAGG_L001,1100022051,NBC.LAB.10643,UPG-EG22-S054,Agung/Masdar,07.08.2022,Indonesia,,Karanrang,Spermonde Archipelago,1550,B,F07,SV020,12.9,rubble + sand + algae,substrate,sample,
e1100022063_NBCLAB10644.B_UPG.EG22.S055_SV020_D4_G07_DiatomPool_102189.534_AGTGTCGCGACATTATGCCT_L001,1100022063,NBC.LAB.10644,UPG-EG22-S055,Elsa Girard,07.08.2022,Indonesia,,Karanrang,Spermonde Archipelago,1550,B,G07,SV020,RF3,rubble + algae + seagrass,substrate,sample,
e1100022075_NBCLAB10645.B_UPG.EG22.S056_SV020_D4_H07_DiatomPool_102189.535_AGTGTCGCGATCCACTGTTG_L001,1100022075,NBC.LAB.10645,UPG-EG22-S056,Agung/Masdar,07.08.2022,Indonesia,,Karanrang,Spermonde Archipelago,1550,B,H07,SV020,3.5,rubble,substrate,sample,
e1100021992_NBCLAB10646.B_UPG.EG22.S057_SV020_D4_A08_DiatomPool_102189.536_TCGATCTCCAAATATGCCAG_L001,1100021992,NBC.LAB.10646,UPG-EG22-S057,Agung/Masdar,07.08.2022,Indonesia,,Karanrang,Spermonde Archipelago,1550,B,A08,SV020,6.5,rubble,substrate,sample,
e1100022004_NBCLAB10647.B_UPG.EG22.S058_SV020_D4_B08_DiatomPool_102189.537_TCGATCTCCATAGAGTCACG_L001,1100022004,NBC.LAB.10647,UPG-EG22-S058,Elsa Girard,07.08.2022,Indonesia,,Karanrang,Spermonde Archipelago,1550,B,B08,SV020,RF1,rubble + algae,substrate,sample,
e1100022016_NBCLAB10648.B_UPG.EG22.S059_SV020_D4_C08_DiatomPool_102189.538_TCGATCTCCATTAACAGGTC_L001,1100022016,NBC.LAB.10648,UPG-EG22-S059,Agung/Masdar,07.08.2022,Indonesia,,Karanrang,Spermonde Archipelago,1550,B,C08,SV020,15.9,sand,substrate,sample,
e1100022028_NBCLAB10649.B_UPG.EG22.S060_SV020_D4_D08_DiatomPool_102189.539_TCGATCTCCAACATGAGCCA_L001,1100022028,NBC.LAB.10649,UPG-EG22-S060,Agung/Masdar,08.08.2022,Indonesia,,Barang Baringan,Spermonde Archipelago,1550,B,D08,SV020,3.9,rubble + sand,substrate,sample,
e1100022040_NBCLAB10650.B_UPG.EG22.S061_SV020_D4_E08_DiatomPool_102189.540_TCGATCTCCAGCGAGGTTCT_L001,1100022040,NBC.LAB.10650,UPG-EG22-S061,Elsa Girard,08.08.2022,Indonesia,,Barang Baringan,Spermonde Archipelago,1550,B,E08,SV020,RF1,rubble + algae,substrate,sample,
e1100022052_NBCLAB10651.B_UPG.EG22.S062_SV020_D4_F08_DiatomPool_102189.541_TCGATCTCCATGTCCGTAGG_L001,1100022052,NBC.LAB.10651,UPG-EG22-S062,Elsa Girard,08.08.2022,Indonesia,,Barang Baringan,Spermonde Archipelago,1550,B,F08,SV020,RF3,rubble + algae,substrate,sample,
e1100022064_NBCLAB10652.B_UPG.EG22.S063_SV020_D4_G08_DiatomPool_102189.542_TCGATCTCCACATTATGCCT_L001,1100022064,NBC.LAB.10652,UPG-EG22-S063,Elsa Girard,08.08.2022,Indonesia,,Barang Baringan,Spermonde Archipelago,1550,B,G08,SV020,RF2,rubble + algae,substrate,sample,
e1100022076_NBCLAB10653.B_UPG.EG22.S064_SV020_D4_H08_DiatomPool_102189.543_TCGATCTCCATCCACTGTTG_L001,1100022076,NBC.LAB.10653,UPG-EG22-S064,Agung/Masdar,08.08.2022,Indonesia,,Barang Baringan,Spermonde Archipelago,1550,B,H08,SV020,6.2,sand,substrate,sample,
e1100021993_NBCLAB10654.B_UPG.EG22.S065_SV020_D4_A09_DiatomPool_102189.544_ATCGGTCTGGAATATGCCAG_L001,1100021993,NBC.LAB.10654,UPG-EG22-S065,Elsa Girard,09.08.2022,Indonesia,,Lae Lae,Spermonde Archipelago,1550,B,A09,SV020,RF2,rubble + algae,substrate,sample,
e1100022005_NBCLAB10655.B_UPG.EG22.S066_SV020_D4_B09_DiatomPool_102189.545_ATCGGTCTGGTAGAGTCACG_L001,1100022005,NBC.LAB.10655,UPG-EG22-S066,Agung/Masdar,09.08.2022,Indonesia,,Lae Lae,Spermonde Archipelago,1550,B,B09,SV020,7.7,rubble + sand,substrate,sample,
e1100022017_NBCLAB10656.B_UPG.EG22.S067_SV020_D4_C09_DiatomPool_102189.546_ATCGGTCTGGTTAACAGGTC_L001,1100022017,NBC.LAB.10656,UPG-EG22-S067,Elsa Girard,09.08.2022,Indonesia,,Lae Lae,Spermonde Archipelago,1550,B,C09,SV020,RF3,rubble + algae,substrate,sample,
e1100022029_NBCLAB10657.B_UPG.EG22.S068_SV020_D4_D09_DiatomPool_102189.547_ATCGGTCTGGACATGAGCCA_L001,1100022029,NBC.LAB.10657,UPG-EG22-S068,Elsa Girard,09.08.2022,Indonesia,,Lae Lae,Spermonde Archipelago,1550,B,D09,SV020,RF1,rubble + algae,substrate,sample,
e1100022041_NBCLAB10658.B_UPG.EG22.S069_SV020_D4_E09_DiatomPool_102189.548_ATCGGTCTGGGCGAGGTTCT_L001,1100022041,NBC.LAB.10658,UPG-EG22-S069,Agung/Masdar,09.08.2022,Indonesia,,Lae Lae,Spermonde Archipelago,1550,B,E09,SV020,10.7,sand,substrate,sample,
e1100022053_NBCLAB10659.B_UPG.EG22.S070_SV020_D4_F09_DiatomPool_102189.549_ATCGGTCTGGTGTCCGTAGG_L001,1100022053,NBC.LAB.10659,UPG-EG22-S070,Agung/Masdar,09.08.2022,Indonesia,,Lae Lae,Spermonde Archipelago,1550,B,F09,SV020,4.9,rubble + sand,substrate,sample,
e1100022065_NBCLAB10660.B_UPG.EG22.S071_SV020_D4_G09_DiatomPool_102189.550_ATCGGTCTGGCATTATGCCT_L001,1100022065,NBC.LAB.10660,UPG-EG22-S071,Elsa Girard,12.08.2022,Indonesia,,Kapoposang Masdar point,Spermonde Archipelago,1550,B,G09,SV020,RF2,rubble,substrate,sample,
e1100022077_NBCLAB10661.B_UPG.EG22.S072_SV020_D4_H09_DiatomPool_102189.551_ATCGGTCTGGTCCACTGTTG_L001,1100022077,NBC.LAB.10661,UPG-EG22-S072,Agung/Masdar,12.08.2022,Indonesia,,Kapoposang Masdar point,Spermonde Archipelago,1550,B,H09,SV020,28,rubble + sand,substrate,sample,
e1100021994_NBCLAB10662.B_UPG.EG22.S073_SV020_D4_A10_DiatomPool_102189.552_AAGGCTGTGGAATATGCCAG_L001,1100021994,NBC.LAB.10662,UPG-EG22-S073,Elsa Girard,12.08.2022,Indonesia,,Kapoposang Masdar point,Spermonde Archipelago,1550,B,A10,SV020,RF1,rubble,substrate,sample,
e1100022006_NBCLAB10663.B_UPG.EG22.S074_SV020_D4_B10_DiatomPool_102189.553_AAGGCTGTGGTAGAGTCACG_L001,1100022006,NBC.LAB.10663,UPG-EG22-S074,Agung/Masdar,12.08.2022,Indonesia,,Kapoposang Masdar point,Spermonde Archipelago,1550,B,B10,SV020,17,rubble + sand,substrate,sample,
e1100022018_NBCLAB10664.B_UPG.EG22.S075_SV020_D4_C10_DiatomPool_102189.554_AAGGCTGTGGTTAACAGGTC_L001,1100022018,NBC.LAB.10664,UPG-EG22-S075,Agung/Masdar,12.08.2022,Indonesia,,Kapoposang Masdar point,Spermonde Archipelago,1550,B,C10,SV020,25.2,rubble + sand,substrate,sample,
e1100022030_NBCLAB10665.B_UPG.EG22.S076_SV020_D4_D10_DiatomPool_102189.555_AAGGCTGTGGACATGAGCCA_L001,1100022030,NBC.LAB.10665,UPG-EG22-S076,Agung/Masdar,12.08.2022,Indonesia,,Kapoposang Masdar point,Spermonde Archipelago,1550,B,D10,SV020,6.8,rubble + sand,substrate,sample,
e1100022042_NBCLAB10666.B_UPG.EG22.S077_SV020_D4_E10_DiatomPool_102189.556_AAGGCTGTGGGCGAGGTTCT_L001,1100022042,NBC.LAB.10666,UPG-EG22-S077,Elsa Girard,12.08.2022,Indonesia,,Kapoposang Masdar point,Spermonde Archipelago,1550,B,E10,SV020,RF3,rubble,substrate,sample,
e1100022054_NBCLAB10667.B_UPG.EG22.S078_SV020_D4_F10_DiatomPool_102189.557_AAGGCTGTGGTGTCCGTAGG_L001,1100022054,NBC.LAB.10667,UPG-EG22-S078,Agung/Masdar,12.08.2022,Indonesia,,Kapoposang Masdar point,Spermonde Archipelago,1550,B,F10,SV020,12,rubble + sand,substrate,sample,
e1100022066_NBCLAB10668.B_UPG.EG22.S079_SV020_D4_G10_DiatomPool_102189.558_AAGGCTGTGGCATTATGCCT_L001,1100022066,NBC.LAB.10668,UPG-EG22-S079,Agung/Masdar,12.08.2022,Indonesia,,Kapoposang Masdar point,Spermonde Archipelago,1550,B,G10,SV020,3.9,rubble + sand,substrate,sample,
e1100022078_NBCLAB10669.B_PCR.Neg80.MilliQ_SV020_D4_H10_DiatomPool_102189.559_AAGGCTGTGGTCCACTGTTG_L001,1100022078,NBC.LAB.10669,UPG-EG22-S080,Agung/Masdar,12.08.2022,Indonesia,,Kapoposang Masdar point,Spermonde Archipelago,1550,B,H10,SV020,21.3,rubble + sand,substrate,sample,
e1100021995_NBCLAB10670.B_UPG.EG22.S081_SV020_D4_A11_DiatomPool_102189.560_TCTATTCGGTAATATGCCAG_L001,1100021995,NBC.LAB.10670,UPG-EG22-S081,Agung/Supa,17.08.2022,Indonesia,,Lumulumu,Spermonde Archipelago,1550,B,A11,SV020,8.7,rubble,substrate,sample,
e1100022007_NBCLAB10671.B_UPG.EG22.S082_SV020_D4_B11_DiatomPool_102189.561_TCTATTCGGTTAGAGTCACG_L001,1100022007,NBC.LAB.10671,UPG-EG22-S082,Elsa Girard,17.08.2022,Indonesia,,Lumulumu,Spermonde Archipelago,1550,B,B11,SV020,RF3,seagrass + algae,substrate,sample,
e1100022019_NBCLAB10672.B_UPG.EG22.S083_SV020_D4_C11_DiatomPool_102189.562_TCTATTCGGTTTAACAGGTC_L001,1100022019,NBC.LAB.10672,UPG-EG22-S083,Agung/Supa,17.08.2022,Indonesia,,Lumulumu,Spermonde Archipelago,1550,B,C11,SV020,6.6,rubble + algae,substrate,sample,
e1100022031_NBCLAB10673.B_UPG.EG22.S084_SV020_D4_D11_DiatomPool_102189.563_TCTATTCGGTACATGAGCCA_L001,1100022031,NBC.LAB.10673,UPG-EG22-S084,Elsa Girard,17.08.2022,Indonesia,,Lumulumu,Spermonde Archipelago,1550,B,D11,SV020,RF1,seagrass + algae + rubble + sand,substrate,sample,
e1100022043_NBCLAB10674.B_UPG.EG22.S085_SV020_D4_E11_DiatomPool_102189.564_TCTATTCGGTGCGAGGTTCT_L001,1100022043,NBC.LAB.10674,UPG-EG22-S085,Agung/Supa,17.08.2022,Indonesia,,Lumulumu,Spermonde Archipelago,1550,B,E11,SV020,11.4,rubble,substrate,sample,
e1100022055_NBCLAB10675.B_UPG.EG22.S086_SV020_D4_F11_DiatomPool_102189.565_TCTATTCGGTTGTCCGTAGG_L001,1100022055,NBC.LAB.10675,UPG-EG22-S086,Agung/Supa,17.08.2022,Indonesia,,Lumulumu,Spermonde Archipelago,1550,B,F11,SV020,17.6,rubble + sand,substrate,sample,
e1100022067_NBCLAB10676.B_UPG.EG22.S087_SV020_D4_G11_DiatomPool_102189.566_TCTATTCGGTCATTATGCCT_L001,1100022067,NBC.LAB.10676,UPG-EG22-S087,Elsa Girard,17.08.2022,Indonesia,,Lumulumu,Spermonde Archipelago,1550,B,G11,SV020,RF2,seagrass + algae,substrate,sample,
e1100022079_NBCLAB10677.B_UPG.EG22.S088_SV020_D4_H11_DiatomPool_102189.567_TCTATTCGGTTCCACTGTTG_L001,1100022079,NBC.LAB.10677,UPG-EG22-S088,Agung/Supa,17.08.2022,Indonesia,,Lumulumu,Spermonde Archipelago,1550,B,H11,SV020,14.8,rubble,substrate,sample,
e1100021996_NBCLAB10678.B_UPG.EG22.S089_SV020_D4_A12_DiatomPool_102189.568_GAATCGTCCGAATATGCCAG_L001,1100021996,NBC.LAB.10678,UPG-EG22-S089,Agung/Supa,17.08.2022,Indonesia,,Lumulumu,Spermonde Archipelago,1550,B,A12,SV020,23.2,rubble + sand,substrate,sample,
e1100022008_NBCLAB10679.B_UPG.EG22.S090_SV020_D4_B12_DiatomPool_102189.569_GAATCGTCCGTAGAGTCACG_L001,1100022008,NBC.LAB.10679,UPG-EG22-S090,Agung/Supa,17.08.2022,Indonesia,,Lumulumu,Spermonde Archipelago,1550,B,B12,SV020,20.2,rubble + sand,substrate,sample,
e1100022020_NBCLAB10680.B_UPG.EG22.S091_SV020_D4_C12_DiatomPool_102189.570_GAATCGTCCGTTAACAGGTC_L001,1100022020,NBC.LAB.10680,UPG-EG22-S091,Agung/Supa,17.08.2022,Indonesia,,Lumulumu,Spermonde Archipelago,1550,B,C12,SV020,25.9,rubble + sand,substrate,sample,
e1100022032_NBCLAB10681.B_UPG.EG22.S092_SV020_D4_D12_DiatomPool_102189.571_GAATCGTCCGACATGAGCCA_L001,1100022032,NBC.LAB.10681,UPG-EG22-S092,Elsa Girard,20.08.2022,Indonesia,,Polewali,Spermonde Archipelago,1550,B,D12,SV020,RF2,rubble + seagrass + algae,substrate,sample,
e1100022044_NBCLAB10682.B_UPG.EG22.S093_SV020_D4_E12_DiatomPool_102189.572_GAATCGTCCGGCGAGGTTCT_L001,1100022044,NBC.LAB.10682,UPG-EG22-S093,Elsa Girard,20.08.2022,Indonesia,,Polewali,Spermonde Archipelago,1550,B,E12,SV020,RF3,rubble + seagrass + algae,substrate,sample,
e1100022056_NBCLAB10683.B_UPG.EG22.S094_SV020_D4_F12_DiatomPool_102189.573_GAATCGTCCGTGTCCGTAGG_L001,1100022056,NBC.LAB.10683,UPG-EG22-S094,Elsa Girard,20.08.2022,Indonesia,,Polewali,Spermonde Archipelago,1550,B,F12,SV020,RF1,rubble + algae,substrate,sample,
e1100022068_NBCLAB10684.B_UPG.EG22.S095_SV020_D4_G12_DiatomPool_102189.574_GAATCGTCCGCATTATGCCT_L001,1100022068,NBC.LAB.10684,UPG-EG22-S095,Agung/Masdar,20.08.2022,Indonesia,,Polewali,Spermonde Archipelago,1550,B,G12,SV020,11.3,rubble + mud,substrate,sample,
e1100022081_NBCLAB10685.B_UPG.EG22.S096_TM018_D8_A04_DiatomPool_102189.1272_AGCCTGTTGTAAGATCGGAT_L001,1100022081,NBC.LAB.10685,UPG-EG22-S096,Agung/Masdar,20.08.2022,Indonesia,,Polewali,Spermonde Archipelago,1551,B,A04,TM018,13.9,sand,substrate,sample,
e1100022093_NBCLAB10686.B_UPG.EG22.S097_TM018_D8_B04_DiatomPool_102189.1273_AGCCTGTTGTTTAACGTCCG_L001,1100022093,NBC.LAB.10686,UPG-EG22-S097,Agung/Masdar,20.08.2022,Indonesia,,Polewali,Spermonde Archipelago,1551,B,B04,TM018,5.2,rubble + algae,substrate,sample,
e1100022117_NBCLAB10688.B_UPG.EG22.S098_TM018_D8_D04_DiatomPool_102189.1275_AGCCTGTTGTGTTGCATCGT_L001,1100022117,NBC.LAB.10688,UPG-EG22-S098,Agung/Masdar,22.08.2022,Indonesia,,Padjenekang,Spermonde Archipelago,1551,B,D04,TM018,7.1,rubble + algae,substrate,sample,
e1100022129_NBCLAB10689.B_UPG.EG22.S099_TM018_D8_E04_DiatomPool_102189.1276_AGCCTGTTGTACTGGACGTT_L001,1100022129,NBC.LAB.10689,UPG-EG22-S099,Agung/Masdar,22.08.2022,Indonesia,,Padjenekang,Spermonde Archipelago,1551,B,E04,TM018,16.9,rubble,substrate,sample,
e1100022141_NBCLAB10690.B_UPG.EG22.S100_TM018_D8_F04_DiatomPool_102189.1277_AGCCTGTTGTTTGTTCGTGT_L001,1100022141,NBC.LAB.10690,UPG-EG22-S100,Agung/Masdar,22.08.2022,Indonesia,,Padjenekang,Spermonde Archipelago,1551,B,F04,TM018,19.5,rubble + sand,substrate,sample,
e1100022153_NBCLAB10691.B_UPG.EG22.S101_TM018_D8_G04_DiatomPool_102189.1278_AGCCTGTTGTACGGACTGAG_L001,1100022153,NBC.LAB.10691,UPG-EG22-S101,Elsa Girard,22.08.2022,Indonesia,,Padjenekang,Spermonde Archipelago,1551,B,G04,TM018,RF1,rubble + sand,substrate,sample,
e1100022165_NBCLAB10692.B_UPG.EG22.S102_TM018_D8_H04_DiatomPool_102189.1279_AGCCTGTTGTCACCGTCATA_L001,1100022165,NBC.LAB.10692,UPG-EG22-S102,Agung/Masdar,22.08.2022,Indonesia,,Padjenekang,Spermonde Archipelago,1551,B,H04,TM018,13.6,rubble + algae,substrate,sample,
e1100022082_NBCLAB10693.B_UPG.EG22.S103_TM018_D8_A05_DiatomPool_102189.1280_ATGCGCGTAAAAGATCGGAT_L001,1100022082,NBC.LAB.10693,UPG-EG22-S103,Elsa Girard,22.08.2022,Indonesia,,Padjenekang,Spermonde Archipelago,1551,B,A05,TM018,RF3,rubble + algae,substrate,sample,
e1100022094_NBCLAB10694.B_UPG.EG22.S104_TM018_D8_B05_DiatomPool_102189.1281_ATGCGCGTAATTAACGTCCG_L001,1100022094,NBC.LAB.10694,UPG-EG22-S104,Agung/Masdar,22.08.2022,Indonesia,,Padjenekang,Spermonde Archipelago,1551,B,B05,TM018,25.6,sand,substrate,sample,
e1100022106_NBCLAB10695.B_UPG.EG22.S106_TM018_D8_C05_DiatomPool_102189.1282_ATGCGCGTAAATTACCGATC_L001,1100022106,NBC.LAB.10695,UPG-EG22-S106,Elsa Girard,22.08.2022,Indonesia,,Padjenekang,Spermonde Archipelago,1551,B,C05,TM018,RF2,rubble + algae,substrate,sample,
e1100022118_NBCLAB10696.B_UPG.EG22.S107_TM018_D8_D05_DiatomPool_102189.1283_ATGCGCGTAAGTTGCATCGT_L001,1100022118,NBC.LAB.10696,UPG-EG22-S107,Agung/Masdar,22.08.2022,Indonesia,,Padjenekang,Spermonde Archipelago,1551,B,D05,TM018,10,rubble + algae,substrate,sample,
e1100022130_NBCLAB10697.B_UPG.EG22.S108_TM018_D8_E05_DiatomPool_102189.1284_ATGCGCGTAAACTGGACGTT_L001,1100022130,NBC.LAB.10697,UPG-EG22-S108,Agung/Masdar,22.08.2022,Indonesia,,Padjenekang,Spermonde Archipelago,1551,B,E05,TM018,3.5,rubble + algae,substrate,sample,
e1100022142_NBCLAB10698.B_UPG.EG22.S109_TM018_D8_F05_DiatomPool_102189.1285_ATGCGCGTAATTGTTCGTGT_L001,1100022142,NBC.LAB.10698,UPG-EG22-S109,Agung/Masdar,22.08.2022,Indonesia,,Padjenekang,Spermonde Archipelago,1551,B,F05,TM018,22.6,rubble,substrate,sample,
e1100022105_NBCLAB10687.B_UPG.EG22.S121_TM018_D8_C04_DiatomPool_102189.1274_AGCCTGTTGTATTACCGATC_L001,1100022105,NBC.LAB.10687,UPG-EG22-S121,Agung/Masdar,20.08.2022,Indonesia,,Polewali,Spermonde Archipelago,1551,B,C04,TM018,8.4,rubble + seagrass,substrate,sample,
e1100013720_NBCLAB10826_UPG.EG22.W002_SV016_B4_H04_DiatomPool_102189.415_GTGGCAACATTCCACTGTTG_L001,1100013720,NBC.LAB.10826,UPG-EG22-W002,Elsa Girard,01.08.2022,Indonesia,Sulawesi,Langkai,Spermonde Archipelago,1496,B,H04,SV016,RF3,seawater,seawater,sample,50 mL seawater filtered through 0.2 um filter
e1100013637_NBCLAB10827_UPG.EG22.W005_SV016_B4_A05_DiatomPool_102189.416_TGACCTGCTGAATATGCCAG_L001,1100013637,NBC.LAB.10827,UPG-EG22-W005,Elsa Girard,01.08.2022,Indonesia,Sulawesi,Langkai,Spermonde Archipelago,1496,B,A05,SV016,RF2,seawater,seawater,sample,50 mL seawater filtered through 0.2 um filter
e1100013649_NBCLAB10828_UPG.EG22.W008_SV016_B4_B05_DiatomPool_102189.417_TGACCTGCTGTAGAGTCACG_L001,1100013649,NBC.LAB.10828,UPG-EG22-W008,Agung/Masdar,01.08.2022,Indonesia,Sulawesi,Langkai,Spermonde Archipelago,1496,B,B05,SV016,19.1,seawater,seawater,sample,50 mL seawater filtered through 0.2 um filter
e1100013661_NBCLAB10829_UPG.EG22.W011_SV016_B4_C05_DiatomPool_102189.418_TGACCTGCTGTTAACAGGTC_L001,1100013661,NBC.LAB.10829,UPG-EG22-W011,Agung/Masdar,01.08.2022,Indonesia,Sulawesi,Langkai,Spermonde Archipelago,1496,B,C05,SV016,17.3,seawater,seawater,sample,50 mL seawater filtered through 0.2 um filter
e1100013673_NBCLAB10830_UPG.EG22.W014_SV016_B4_D05_DiatomPool_102189.419_TGACCTGCTGACATGAGCCA_L001,1100013673,NBC.LAB.10830,UPG-EG22-W014,Agung/Masdar,01.08.2022,Indonesia,Sulawesi,Langkai,Spermonde Archipelago,1496,B,D05,SV016,15.3,seawater,seawater,sample,50 mL seawater filtered through 0.2 um filter
e1100013773_NBCLAB10958_UPG.EG22.W018_SV023_B2_D09_DiatomPool_102189.67_ACGAAGTGCGTAGAAGCCAT_L001,1100013773,NBC.LAB.10958,UPG-EG22-W018,Agung/Masdar,01.08.2022,Indonesia,Sulawesi,Langkai,Spermonde Archipelago,1497,B,D09,SV023,12.8,seawater,seawater,sample,50 mL seawater filtered through 0.2 um filter
e1100013697_NBCLAB10832_UPG.EG22.W020_SV016_B4_F05_DiatomPool_102189.421_TGACCTGCTGTGTCCGTAGG_L001,1100013697,NBC.LAB.10832,UPG-EG22-W020,Agung/Masdar,01.08.2022,Indonesia,Sulawesi,Langkai,Spermonde Archipelago,1496,B,F05,SV016,10.1,seawater,seawater,sample,50 mL seawater filtered through 0.2 um filter
e1100013621_NBCLAB10706_UPG.EG22.W022_SV017_B6_H01_DiatomPool_102189.775_GACCAAGTTATAGGTGGTGG_L001,1100013621,NBC.LAB.10706,UPG-EG22-W022,Agung/Masdar,01.08.2022,Indonesia,Sulawesi,Langkai,Spermonde Archipelago,1495,B,H01,SV017,7.8,seawater,seawater,sample,50 mL seawater filtered through 0.2 um filter
e1100013721_NBCLAB10834_UPG.EG22.W026_SV016_B4_H05_DiatomPool_102189.423_TGACCTGCTGTCCACTGTTG_L001,1100013721,NBC.LAB.10834,UPG-EG22-W026,Agung/Masdar,01.08.2022,Indonesia,Sulawesi,Langkai,Spermonde Archipelago,1496,B,H05,SV016,4.9,seawater,seawater,sample,50 mL seawater filtered through 0.2 um filter
e1100013638_NBCLAB10835_UPG.EG22.W029_SV016_B4_A06_DiatomPool_102189.424_CGCAGCTAGAAATATGCCAG_L001,1100013638,NBC.LAB.10835,UPG-EG22-W029,Elsa Girard,01.08.2022,Indonesia,Sulawesi,Langkai,Spermonde Archipelago,1496,B,A06,SV016,RF1,seawater,seawater,sample,50 mL seawater filtered through 0.2 um filter
e1100013650_NBCLAB10836_UPG.EG22.W032_SV016_B4_B06_DiatomPool_102189.425_CGCAGCTAGATAGAGTCACG_L001,1100013650,NBC.LAB.10836,UPG-EG22-W032,Agung/Masdar,02.08.2022,Indonesia,Sulawesi,Samalona,Spermonde Archipelago,1496,B,B06,SV016,22.2,seawater,seawater,sample,50 mL seawater filtered through 0.2 um filter
e1100013662_NBCLAB10837_UPG.EG22.W035_SV016_B4_C06_DiatomPool_102189.426_CGCAGCTAGATTAACAGGTC_L001,1100013662,NBC.LAB.10837,UPG-EG22-W035,Agung/Masdar,02.08.2022,Indonesia,Sulawesi,Samalona,Spermonde Archipelago,1496,B,C06,SV016,19.5,seawater,seawater,sample,50 mL seawater filtered through 0.2 um filter
e1100013674_NBCLAB10838_UPG.EG22.W038_SV016_B4_D06_DiatomPool_102189.427_CGCAGCTAGAACATGAGCCA_L001,1100013674,NBC.LAB.10838,UPG-EG22-W038,Agung/Masdar,02.08.2022,Indonesia,Sulawesi,Samalona,Spermonde Archipelago,1496,B,D06,SV016,16.5,seawater,seawater,sample,50 mL seawater filtered through 0.2 um filter
e1100013686_NBCLAB10839_UPG.EG22.W041_SV016_B4_E06_DiatomPool_102189.428_CGCAGCTAGAGCGAGGTTCT_L001,1100013686,NBC.LAB.10839,UPG-EG22-W041,Agung/Masdar,02.08.2022,Indonesia,Sulawesi,Samalona,Spermonde Archipelago,1496,B,E06,SV016,13,seawater,seawater,sample,50 mL seawater filtered through 0.2 um filter
e1100013698_NBCLAB10840_UPG.EG22.W044_SV016_B4_F06_DiatomPool_102189.429_CGCAGCTAGATGTCCGTAGG_L001,1100013698,NBC.LAB.10840,UPG-EG22-W044,Agung/Masdar,02.08.2022,Indonesia,Sulawesi,Samalona,Spermonde Archipelago,1496,B,F06,SV016,9.8,seawater,seawater,sample,50 mL seawater filtered through 0.2 um filter
e1100013710_NBCLAB10841_UPG.EG22.W047_SV016_B4_G06_DiatomPool_102189.430_CGCAGCTAGACATTATGCCT_L001,1100013710,NBC.LAB.10841,UPG-EG22-W047,Agung/Masdar,02.08.2022,Indonesia,Sulawesi,Samalona,Spermonde Archipelago,1496,B,G06,SV016,7.5,seawater,seawater,sample,50 mL seawater filtered through 0.2 um filter
e1100013639_NBCLAB10843_UPG.EG22.W050_SV016_B4_A07_DiatomPool_102189.432_ACGCTAATCTAATATGCCAG_L001,1100013639,NBC.LAB.10843,UPG-EG22-W050,Agung/Masdar,02.08.2022,Indonesia,Sulawesi,Samalona,Spermonde Archipelago,1496,B,A07,SV016,4.7,seawater,seawater,sample,50 mL seawater filtered through 0.2 um filter
e1100013651_NBCLAB10844_UPG.EG22.W053_SV016_B4_B07_DiatomPool_102189.433_ACGCTAATCTTAGAGTCACG_L001,1100013651,NBC.LAB.10844,UPG-EG22-W053,Elsa Girard,02.08.2022,Indonesia,Sulawesi,Samalona,Spermonde Archipelago,1496,B,B07,SV016,RF1,seawater,seawater,sample,50 mL seawater filtered through 0.2 um filter
e1100013663_NBCLAB10845_UPG.EG22.W056_SV016_B4_C07_DiatomPool_102189.434_ACGCTAATCTTTAACAGGTC_L001,1100013663,NBC.LAB.10845,UPG-EG22-W056,Elsa Girard,02.08.2022,Indonesia,Sulawesi,Samalona,Spermonde Archipelago,1496,B,C07,SV016,RF2,seawater,seawater,sample,50 mL seawater filtered through 0.2 um filter
e1100013675_NBCLAB10846_UPG.EG22.W059_SV016_B4_D07_DiatomPool_102189.435_ACGCTAATCTACATGAGCCA_L001,1100013675,NBC.LAB.10846,UPG-EG22-W059,Elsa Girard,02.08.2022,Indonesia,Sulawesi,Samalona,Spermonde Archipelago,1496,B,D07,SV016,RF3,seawater,seawater,sample,50 mL seawater filtered through 0.2 um filter
e1100013687_NBCLAB10847_UPG.EG22.W062_SV016_B4_E07_DiatomPool_102189.436_ACGCTAATCTGCGAGGTTCT_L001,1100013687,NBC.LAB.10847,UPG-EG22-W062,Elsa Girard,03.08.2022,Indonesia,Sulawesi,Badi,Spermonde Archipelago,1496,B,E07,SV016,RF1,seawater,seawater,sample,50 mL seawater filtered through 0.2 um filter
e1100013699_NBCLAB10848_UPG.EG22.W065_SV016_B4_F07_DiatomPool_102189.437_ACGCTAATCTTGTCCGTAGG_L001,1100013699,NBC.LAB.10848,UPG-EG22-W065,Elsa Girard,03.08.2022,Indonesia,Sulawesi,Badi,Spermonde Archipelago,1496,B,F07,SV016,RF2,seawater,seawater,sample,50 mL seawater filtered through 0.2 um filter
e1100013711_NBCLAB10849_UPG.EG22.W068_SV016_B4_G07_DiatomPool_102189.438_ACGCTAATCTCATTATGCCT_L001,1100013711,NBC.LAB.10849,UPG-EG22-W068,Elsa Girard,03.08.2022,Indonesia,Sulawesi,Badi,Spermonde Archipelago,1496,B,G07,SV016,RF3,seawater,seawater,sample,50 mL seawater filtered through 0.2 um filter
e1100013723_NBCLAB10850_UPG.EG22.W071_SV016_B4_H07_DiatomPool_102189.439_ACGCTAATCTTCCACTGTTG_L001,1100013723,NBC.LAB.10850,UPG-EG22-W071,Agung/Supa,03.08.2022,Indonesia,Sulawesi,Badi,Spermonde Archipelago,1496,B,H07,SV016,30.5,seawater,seawater,sample,50 mL seawater filtered through 0.2 um filter
e1100013640_NBCLAB10851_UPG.EG22.W074_SV016_B4_A08_DiatomPool_102189.440_GTTGTTACCTAATATGCCAG_L001,1100013640,NBC.LAB.10851,UPG-EG22-W074,Agung/Supa,03.08.2022,Indonesia,Sulawesi,Badi,Spermonde Archipelago,1496,B,A08,SV016,27.4,seawater,seawater,sample,50 mL seawater filtered through 0.2 um filter
e1100013652_NBCLAB10852_UPG.EG22.W077_SV016_B4_B08_DiatomPool_102189.441_GTTGTTACCTTAGAGTCACG_L001,1100013652,NBC.LAB.10852,UPG-EG22-W077,Agung/Supa,03.08.2022,Indonesia,Sulawesi,Badi,Spermonde Archipelago,1496,B,B08,SV016,24.5,seawater,seawater,sample,50 mL seawater filtered through 0.2 um filter
e1100013664_NBCLAB10853_UPG.EG22.W080_SV016_B4_C08_DiatomPool_102189.442_GTTGTTACCTTTAACAGGTC_L001,1100013664,NBC.LAB.10853,UPG-EG22-W080,Agung/Supa,03.08.2022,Indonesia,Sulawesi,Badi,Spermonde Archipelago,1496,B,C08,SV016,21.7,seawater,seawater,sample,50 mL seawater filtered through 0.2 um filter
e1100013676_NBCLAB10854_UPG.EG22.W083_SV016_B4_D08_DiatomPool_102189.443_GTTGTTACCTACATGAGCCA_L001,1100013676,NBC.LAB.10854,UPG-EG22-W083,Agung/Supa,03.08.2022,Indonesia,Sulawesi,Badi,Spermonde Archipelago,1496,B,D08,SV016,17.4,seawater,seawater,sample,50 mL seawater filtered through 0.2 um filter
e1100013688_NBCLAB10855_UPG.EG22.W086_SV016_B4_E08_DiatomPool_102189.444_GTTGTTACCTGCGAGGTTCT_L001,1100013688,NBC.LAB.10855,UPG-EG22-W086,Agung/Supa,03.08.2022,Indonesia,Sulawesi,Badi,Spermonde Archipelago,1496,B,E08,SV016,14.6,seawater,seawater,sample,50 mL seawater filtered through 0.2 um filter
e1100013700_NBCLAB10856_UPG.EG22.W089_SV016_B4_F08_DiatomPool_102189.445_GTTGTTACCTTGTCCGTAGG_L001,1100013700,NBC.LAB.10856,UPG-EG22-W089,Agung/Supa,03.08.2022,Indonesia,Sulawesi,Badi,Spermonde Archipelago,1496,B,F08,SV016,11.3,seawater,seawater,sample,50 mL seawater filtered through 0.2 um filter
e1100013712_NBCLAB10857_UPG.EG22.W092_SV016_B4_G08_DiatomPool_102189.446_GTTGTTACCTCATTATGCCT_L001,1100013712,NBC.LAB.10857,UPG-EG22-W092,Agung/Supa,03.08.2022,Indonesia,Sulawesi,Badi,Spermonde Archipelago,1496,B,G08,SV016,8.1,seawater,seawater,sample,50 mL seawater filtered through 0.2 um filter
e1100013724_NBCLAB10858_UPG.EG22.W095_SV016_B4_H08_DiatomPool_102189.447_GTTGTTACCTTCCACTGTTG_L001,1100013724,NBC.LAB.10858,UPG-EG22-W095,Agung/Supa,03.08.2022,Indonesia,Sulawesi,Badi,Spermonde Archipelago,1496,B,H08,SV016,5.5,seawater,seawater,sample,50 mL seawater filtered through 0.2 um filter
e1100013641_NBCLAB10859_UPG.EG22.W098_SV016_B4_A09_DiatomPool_102189.448_ACGAAGTGCGAATATGCCAG_L001,1100013641,NBC.LAB.10859,UPG-EG22-W098,Agung/Supa,03.08.2022,Indonesia,Sulawesi,Badi,Spermonde Archipelago,1496,B,A09,SV016,2.5,seawater,seawater,sample,50 mL seawater filtered through 0.2 um filter
e1100013653_NBCLAB10860_UPG.EG22.W101_SV016_B4_B09_DiatomPool_102189.449_ACGAAGTGCGTAGAGTCACG_L001,1100013653,NBC.LAB.10860,UPG-EG22-W101,NEGATIVE,01.08.2022,Indonesia,Sulawesi,Langkai,Spermonde Archipelago,1496,B,B09,SV016,NEGATIVE,negative,filtered seawater,NEGATIVE Langkai,50 mL seawater filtered through 0.2 um filter - filtered 04.08.2022
e1100013665_NBCLAB10861_UPG.EG22.W104_SV016_B4_C09_DiatomPool_102189.450_ACGAAGTGCGTTAACAGGTC_L001,1100013665,NBC.LAB.10861,UPG-EG22-W104,NEGATIVE,02.08.2022,Indonesia,Sulawesi,Samalona,Spermonde Archipelago,1496,B,C09,SV016,NEGATIVE,negative,filtered seawater,NEGATIVE Samalona,50 mL seawater filtered through 0.2 um filter - filtered 04.08.2022
e1100013677_NBCLAB10862_UPG.EG22.W107_SV016_B4_D09_DiatomPool_102189.451_ACGAAGTGCGACATGAGCCA_L001,1100013677,NBC.LAB.10862,UPG-EG22-W107,NEGATIVE,03.08.2022,Indonesia,Sulawesi,Badi,Spermonde Archipelago,1496,B,D09,SV016,NEGATIVE,negative,filtered seawater,NEGATIVE Badi,50 mL seawater filtered through 0.2 um filter - filtered 04.08.2022
e1100013689_NBCLAB10863_UPG.EG22.W110_SV016_B4_E09_DiatomPool_102189.452_ACGAAGTGCGGCGAGGTTCT_L001,1100013689,NBC.LAB.10863,UPG-EG22-W110,Agung/Masdar,05.08.2022,Indonesia,Sulawesi,K. Keke,Spermonde Archipelago,1496,B,E09,SV016,20.1,seawater,seawater,sample,50 mL seawater filtered through 0.2 um filter
e1100013701_NBCLAB10864_UPG.EG22.W113_SV016_B4_F09_DiatomPool_102189.453_ACGAAGTGCGTGTCCGTAGG_L001,1100013701,NBC.LAB.10864,UPG-EG22-W113,Agung/Masdar,05.08.2022,Indonesia,Sulawesi,K. Keke,Spermonde Archipelago,1496,B,F09,SV016,17.5,seawater,seawater,sample,50 mL seawater filtered through 0.2 um filter
e1100013713_NBCLAB10865_UPG.EG22.W116_SV016_B4_G09_DiatomPool_102189.454_ACGAAGTGCGCATTATGCCT_L001,1100013713,NBC.LAB.10865,UPG-EG22-W116,Agung/Masdar,05.08.2022,Indonesia,Sulawesi,K. Keke,Spermonde Archipelago,1496,B,G09,SV016,14.7,seawater,seawater,sample,50 mL seawater filtered through 0.2 um filter
e1100013642_NBCLAB10867_UPG.EG22.W119_SV016_B4_A10_DiatomPool_102189.456_GAATAGCAAGAATATGCCAG_L001,1100013642,NBC.LAB.10867,UPG-EG22-W119,Agung/Masdar,05.08.2022,Indonesia,Sulawesi,K. Keke,Spermonde Archipelago,1496,B,A10,SV016,11.8,seawater,seawater,sample,50 mL seawater filtered through 0.2 um filter
e1100013654_NBCLAB10868_UPG.EG22.W122_SV016_B4_B10_DiatomPool_102189.457_GAATAGCAAGTAGAGTCACG_L001,1100013654,NBC.LAB.10868,UPG-EG22-W122,Agung/Masdar,05.08.2022,Indonesia,Sulawesi,K. Keke,Spermonde Archipelago,1496,B,B10,SV016,8.3,seawater,seawater,sample,50 mL seawater filtered through 0.2 um filter
e1100013666_NBCLAB10869_UPG.EG22.W125_SV016_B4_C10_DiatomPool_102189.458_GAATAGCAAGTTAACAGGTC_L001,1100013666,NBC.LAB.10869,UPG-EG22-W125,Agung/Masdar,05.08.2022,Indonesia,Sulawesi,K. Keke,Spermonde Archipelago,1496,B,C10,SV016,5.6,seawater,seawater,sample,50 mL seawater filtered through 0.2 um filter
e1100013678_NBCLAB10870_UPG.EG22.W128_SV016_B4_D10_DiatomPool_102189.459_GAATAGCAAGACATGAGCCA_L001,1100013678,NBC.LAB.10870,UPG-EG22-W128,Agung/Masdar,05.08.2022,Indonesia,Sulawesi,K. Keke,Spermonde Archipelago,1496,B,D10,SV016,2.7,seawater,seawater,sample,50 mL seawater filtered through 0.2 um filter
e1100013690_NBCLAB10871_UPG.EG22.W131_SV016_B4_E10_DiatomPool_102189.460_GAATAGCAAGGCGAGGTTCT_L001,1100013690,NBC.LAB.10871,UPG-EG22-W131,Elsa Girard,05.08.2022,Indonesia,Sulawesi,K. Keke,Spermonde Archipelago,1496,B,E10,SV016,RF1,seawater,seawater,sample,50 mL seawater filtered through 0.2 um filter
e1100013702_NBCLAB10872_UPG.EG22.W134_SV016_B4_F10_DiatomPool_102189.461_GAATAGCAAGTGTCCGTAGG_L001,1100013702,NBC.LAB.10872,UPG-EG22-W134,Elsa Girard,05.08.2022,Indonesia,Sulawesi,K. Keke,Spermonde Archipelago,1496,B,F10,SV016,RF2,seawater,seawater,sample,50 mL seawater filtered through 0.2 um filter
e1100013714_NBCLAB10873_UPG.EG22.W137_SV016_B4_G10_DiatomPool_102189.462_GAATAGCAAGCATTATGCCT_L001,1100013714,NBC.LAB.10873,UPG-EG22-W137,Elsa Girard,05.08.2022,Indonesia,Sulawesi,K. Keke,Spermonde Archipelago,1496,B,G10,SV016,RF3,seawater,seawater,sample,50 mL seawater filtered through 0.2 um filter
e1100013726_NBCLAB10874_UPG.EG22.W140_SV016_B4_H10_DiatomPool_102189.463_GAATAGCAAGTCCACTGTTG_L001,1100013726,NBC.LAB.10874,UPG-EG22-W140,Agung/Masdar,06.08.2022,Indonesia,Sulawesi,Langkadea,Spermonde Archipelago,1496,B,H10,SV016,14.7,seawater,seawater,sample,50 mL seawater filtered through 0.2 um filter
e1100013643_NBCLAB10875_UPG.EG22.W143_SV016_B4_A11_DiatomPool_102189.464_CCTGGTGAGAAATATGCCAG_L001,1100013643,NBC.LAB.10875,UPG-EG22-W143,Agung/Masdar,06.08.2022,Indonesia,Sulawesi,Langkadea,Spermonde Archipelago,1496,B,A11,SV016,11.9,seawater,seawater,sample,50 mL seawater filtered through 0.2 um filter
e1100013655_NBCLAB10876_UPG.EG22.W146_SV016_B4_B11_DiatomPool_102189.465_CCTGGTGAGATAGAGTCACG_L001,1100013655,NBC.LAB.10876,UPG-EG22-W146,Agung/Masdar,06.08.2022,Indonesia,Sulawesi,Langkadea,Spermonde Archipelago,1496,B,B11,SV016,8.9,seawater,seawater,sample,50 mL seawater filtered through 0.2 um filter
e1100013667_NBCLAB10877_UPG.EG22.W149_SV016_B4_C11_DiatomPool_102189.466_CCTGGTGAGATTAACAGGTC_L001,1100013667,NBC.LAB.10877,UPG-EG22-W149,Agung/Masdar,06.08.2022,Indonesia,Sulawesi,Langkadea,Spermonde Archipelago,1496,B,C11,SV016,5.6,seawater,seawater,sample,50 mL seawater filtered through 0.2 um filter
e1100013679_NBCLAB10878_UPG.EG22.W152_SV016_B4_D11_DiatomPool_102189.467_CCTGGTGAGAACATGAGCCA_L001,1100013679,NBC.LAB.10878,UPG-EG22-W152,Agung/Masdar,06.08.2022,Indonesia,Sulawesi,Langkadea,Spermonde Archipelago,1496,B,D11,SV016,3.3,seawater,seawater,sample,50 mL seawater filtered through 0.2 um filter
e1100013691_NBCLAB10879_UPG.EG22.W155_SV016_B4_E11_DiatomPool_102189.468_CCTGGTGAGAGCGAGGTTCT_L001,1100013691,NBC.LAB.10879,UPG-EG22-W155,Elsa Girard,06.08.2022,Indonesia,Sulawesi,Langkadea,Spermonde Archipelago,1496,B,E11,SV016,RF1,seawater,seawater,sample,50 mL seawater filtered through 0.2 um filter
e1100013703_NBCLAB10880_UPG.EG22.W158_SV016_B4_F11_DiatomPool_102189.469_CCTGGTGAGATGTCCGTAGG_L001,1100013703,NBC.LAB.10880,UPG-EG22-W158,Elsa Girard,06.08.2022,Indonesia,Sulawesi,Langkadea,Spermonde Archipelago,1496,B,F11,SV016,RF2,seawater,seawater,sample,50 mL seawater filtered through 0.2 um filter
e1100013715_NBCLAB10881_UPG.EG22.W161_SV016_B4_G11_DiatomPool_102189.470_CCTGGTGAGACATTATGCCT_L001,1100013715,NBC.LAB.10881,UPG-EG22-W161,Elsa Girard,06.08.2022,Indonesia,Sulawesi,Langkadea,Spermonde Archipelago,1496,B,G11,SV016,RF3,seawater,seawater,sample,50 mL seawater filtered through 0.2 um filter
e1100013727_NBCLAB10882_UPG.EG22.W164_SV016_B4_H11_DiatomPool_102189.471_CCTGGTGAGATCCACTGTTG_L001,1100013727,NBC.LAB.10882,UPG-EG22-W164,Elsa Girard,07.08.2022,Indonesia,Sulawesi,Karanrang,Spermonde Archipelago,1496,B,H11,SV016,RF1,seawater,seawater,sample,50 mL seawater filtered through 0.2 um filter
e1100013644_NBCLAB10883_UPG.EG22.W167_SV016_B4_A12_DiatomPool_102189.472_ACGTGAGGAAAATATGCCAG_L001,1100013644,NBC.LAB.10883,UPG-EG22-W167,Elsa Girard,07.08.2022,Indonesia,Sulawesi,Karanrang,Spermonde Archipelago,1496,B,A12,SV016,RF2,seawater,seawater,sample,50 mL seawater filtered through 0.2 um filter
e1100013656_NBCLAB10884_UPG.EG22.W170_SV016_B4_B12_DiatomPool_102189.473_ACGTGAGGAATAGAGTCACG_L001,1100013656,NBC.LAB.10884,UPG-EG22-W170,Elsa Girard,07.08.2022,Indonesia,Sulawesi,Karanrang,Spermonde Archipelago,1496,B,B12,SV016,RF3,seawater,seawater,sample,50 mL seawater filtered through 0.2 um filter
e1100013668_NBCLAB10885_UPG.EG22.W173_SV016_B4_C12_DiatomPool_102189.474_ACGTGAGGAATTAACAGGTC_L001,1100013668,NBC.LAB.10885,UPG-EG22-W173,Agung/Masdar,07.08.2022,Indonesia,Sulawesi,Karanrang,Spermonde Archipelago,1496,B,C12,SV016,15.9,seawater,seawater,sample,50 mL seawater filtered through 0.2 um filter
e1100013680_NBCLAB10886_UPG.EG22.W176_SV016_B4_D12_DiatomPool_102189.475_ACGTGAGGAAACATGAGCCA_L001,1100013680,NBC.LAB.10886,UPG-EG22-W176,Agung/Masdar,07.08.2022,Indonesia,Sulawesi,Karanrang,Spermonde Archipelago,1496,B,D12,SV016,12.9,seawater,seawater,sample,50 mL seawater filtered through 0.2 um filter
e1100013692_NBCLAB10887_UPG.EG22.W179_SV016_B4_E12_DiatomPool_102189.476_ACGTGAGGAAGCGAGGTTCT_L001,1100013692,NBC.LAB.10887,UPG-EG22-W179,Agung/Masdar,07.08.2022,Indonesia,Sulawesi,Karanrang,Spermonde Archipelago,1496,B,E12,SV016,9.7,seawater,seawater,sample,50 mL seawater filtered through 0.2 um filter
e1100013704_NBCLAB10888_UPG.EG22.W182_SV016_B4_F12_DiatomPool_102189.477_ACGTGAGGAATGTCCGTAGG_L001,1100013704,NBC.LAB.10888,UPG-EG22-W182,Agung/Masdar,07.08.2022,Indonesia,Sulawesi,Karanrang,Spermonde Archipelago,1496,B,F12,SV016,6.5,seawater,seawater,sample,50 mL seawater filtered through 0.2 um filter
e1100013716_NBCLAB10889_UPG.EG22.W185_SV016_B4_G12_DiatomPool_102189.478_ACGTGAGGAACATTATGCCT_L001,1100013716,NBC.LAB.10889,UPG-EG22-W185,Agung/Masdar,07.08.2022,Indonesia,Sulawesi,Karanrang,Spermonde Archipelago,1496,B,G12,SV016,3.5,seawater,seawater,sample,50 mL seawater filtered through 0.2 um filter
e1100013729_NBCLAB10891_UPG.EG22.W188_SV023_B2_A01_DiatomPool_102189.0_GACCAAGTTAGTCGTGAATC_L001,1100013729,NBC.LAB.10891,UPG-EG22-W188,Elsa Girard,08.08.2022,Indonesia,Sulawesi,Barang Baringan,Spermonde Archipelago,1497,B,A01,SV023,RF1,seawater,seawater,sample,50 mL seawater filtered through 0.2 um filter
e1100013741_NBCLAB10892_UPG.EG22.W191_SV023_B2_B01_DiatomPool_102189.1_GACCAAGTTACTGTTCTACG_L001,1100013741,NBC.LAB.10892,UPG-EG22-W191,Elsa Girard,08.08.2022,Indonesia,Sulawesi,Barang Baringan,Spermonde Archipelago,1497,B,B01,SV023,RF2,seawater,seawater,sample,50 mL seawater filtered through 0.2 um filter
e1100013753_NBCLAB10893_UPG.EG22.W194_SV023_B2_C01_DiatomPool_102189.2_GACCAAGTTAGCTCTTAGGT_L001,1100013753,NBC.LAB.10893,UPG-EG22-W194,Elsa Girard,08.08.2022,Indonesia,Sulawesi,Barang Baringan,Spermonde Archipelago,1497,B,C01,SV023,RF3,seawater,seawater,sample,50 mL seawater filtered through 0.2 um filter
e1100013765_NBCLAB10894_UPG.EG22.W197_SV023_B2_D01_DiatomPool_102189.3_GACCAAGTTATAGAAGCCAT_L001,1100013765,NBC.LAB.10894,UPG-EG22-W197,Agung/Masdar,08.08.2022,Indonesia,Sulawesi,Barang Baringan,Spermonde Archipelago,1497,B,D01,SV023,6.2,seawater,seawater,sample,50 mL seawater filtered through 0.2 um filter
e1100013777_NBCLAB10895_UPG.EG22.W200_SV023_B2_E01_DiatomPool_102189.4_GACCAAGTTACACTTAGGTA_L001,1100013777,NBC.LAB.10895,UPG-EG22-W200,Agung/Masdar,08.08.2022,Indonesia,Sulawesi,Barang Baringan,Spermonde Archipelago,1497,B,E01,SV023,3.9,seawater,seawater,sample,50 mL seawater filtered through 0.2 um filter
e1100013789_NBCLAB10896_UPG.EG22.W203_SV023_B2_F01_DiatomPool_102189.5_GACCAAGTTAATAGGTAAGG_L001,1100013789,NBC.LAB.10896,UPG-EG22-W203,NEGATIVE,05.08.2022,Indonesia,Sulawesi,K. Keke,Spermonde Archipelago,1497,B,F01,SV023,NEGATIVE,negative,filtered seawater,NEGATIVE K. Keke,50 mL seawater filtered through 0.2 um filter - filtered 08.08.2022
e1100013801_NBCLAB10897_UPG.EG22.W206_SV023_B2_G01_DiatomPool_102189.6_GACCAAGTTACGCCTTATAT_L001,1100013801,NBC.LAB.10897,UPG-EG22-W206,NEGATIVE,06.08.2022,Indonesia,Sulawesi,Langkadea,Spermonde Archipelago,1497,B,G01,SV023,NEGATIVE,negative,filtered seawater,NEGATIVE Langkadea,50 mL seawater filtered through 0.2 um filter - filtered 08.08.2022
e1100013813_NBCLAB10898_UPG.EG22.W209_SV023_B2_H01_DiatomPool_102189.7_GACCAAGTTAGCACGATGCT_L001,1100013813,NBC.LAB.10898,UPG-EG22-W209,NEGATIVE,07.08.2022,Indonesia,Sulawesi,Karanrang,Spermonde Archipelago,1497,B,H01,SV023,NEGATIVE,negative,filtered seawater,NEGATIVE Karanrang,50 mL seawater filtered through 0.2 um filter - filtered 08.08.2022
e1100013730_NBCLAB10899_UPG.EG22.W212_SV023_B2_A02_DiatomPool_102189.8_CTCCGCTTATGTCGTGAATC_L001,1100013730,NBC.LAB.10899,UPG-EG22-W212,NEGATIVE,08.08.2022,Indonesia,Sulawesi,Barang Baringan,Spermonde Archipelago,1497,B,A02,SV023,NEGATIVE,negative,filtered seawater,NEGATIVE Barang Baringan,50 mL seawater filtered through 0.2 um filter - filtered 08.08.2022
e1100013742_NBCLAB10900_UPG.EG22.W215_SV023_B2_B02_DiatomPool_102189.9_CTCCGCTTATCTGTTCTACG_L001,1100013742,NBC.LAB.10900,UPG-EG22-W215,Elsa Girard,09.08.2022,Indonesia,Sulawesi,Lae Lae,Spermonde Archipelago,1497,B,B02,SV023,RF1,seawater,seawater,sample,50 mL seawater filtered through 0.2 um filter
e1100013754_NBCLAB10901_UPG.EG22.W218_SV023_B2_C02_DiatomPool_102189.10_CTCCGCTTATGCTCTTAGGT_L001,1100013754,NBC.LAB.10901,UPG-EG22-W218,Elsa Girard,09.08.2022,Indonesia,Sulawesi,Lae Lae,Spermonde Archipelago,1497,B,C02,SV023,RF2,seawater,seawater,sample,50 mL seawater filtered through 0.2 um filter
e1100013766_NBCLAB10902_UPG.EG22.W221_SV023_B2_D02_DiatomPool_102189.11_CTCCGCTTATTAGAAGCCAT_L001,1100013766,NBC.LAB.10902,UPG-EG22-W221,Elsa Girard,09.08.2022,Indonesia,Sulawesi,Lae Lae,Spermonde Archipelago,1497,B,D02,SV023,RF3,seawater,seawater,sample,50 mL seawater filtered through 0.2 um filter
e1100013778_NBCLAB10903_UPG.EG22.W224_SV023_B2_E02_DiatomPool_102189.12_CTCCGCTTATCACTTAGGTA_L001,1100013778,NBC.LAB.10903,UPG-EG22-W224,Agung/Masdar,09.08.2022,Indonesia,Sulawesi,Lae Lae,Spermonde Archipelago,1497,B,E02,SV023,10.7,seawater,seawater,sample,50 mL seawater filtered through 0.2 um filter
e1100013790_NBCLAB10904_UPG.EG22.W227_SV023_B2_F02_DiatomPool_102189.13_CTCCGCTTATATAGGTAAGG_L001,1100013790,NBC.LAB.10904,UPG-EG22-W227,Agung/Masdar,09.08.2022,Indonesia,Sulawesi,Lae Lae,Spermonde Archipelago,1497,B,F02,SV023,7.7,seawater,seawater,sample,50 mL seawater filtered through 0.2 um filter
e1100013802_NBCLAB10905_UPG.EG22.W230_SV023_B2_G02_DiatomPool_102189.14_CTCCGCTTATCGCCTTATAT_L001,1100013802,NBC.LAB.10905,UPG-EG22-W230,Agung/Masdar,09.08.2022,Indonesia,Sulawesi,Lae Lae,Spermonde Archipelago,1497,B,G02,SV023,4.9,seawater,seawater,sample,50 mL seawater filtered through 0.2 um filter
e1100013814_NBCLAB10906_UPG.EG22.W233_SV023_B2_H02_DiatomPool_102189.15_CTCCGCTTATGCACGATGCT_L001,1100013814,NBC.LAB.10906,UPG-EG22-W233,NEGATIVE,09.08.2022,Indonesia,Sulawesi,Lae Lae,Spermonde Archipelago,1497,B,H02,SV023,NEGATIVE,negative,filtered seawater,NEGATIVE Lae Lae,50 mL seawater filtered through 0.2 um filter - filtered 10.08.2022
e1100013927_NBCLAB11035_UPG.EG22.W237_SV018_B8_A07_DiatomPool_102189.1200_ACGCTAATCTAAGATCGGAT_L001,1100013927,NBC.LAB.11035,UPG-EG22-W237,Agung/Masdar,12.08.2022,Indonesia,Sulawesi,Kapoposang Masdar point,Spermonde Archipelago,1499,B,A07,SV018,28,seawater,seawater,sample,50 mL seawater filtered through 0.2 um filter
e1100013743_NBCLAB10908_UPG.EG22.W239_SV023_B2_B03_DiatomPool_102189.17_ATTAAGGTCGCTGTTCTACG_L001,1100013743,NBC.LAB.10908,UPG-EG22-W239,Agung/Masdar,12.08.2022,Indonesia,Sulawesi,Kapoposang Masdar point,Spermonde Archipelago,1497,B,B03,SV023,25.2,seawater,seawater,sample,50 mL seawater filtered through 0.2 um filter
e1100013755_NBCLAB10909_UPG.EG22.W242_SV023_B2_C03_DiatomPool_102189.18_ATTAAGGTCGGCTCTTAGGT_L001,1100013755,NBC.LAB.10909,UPG-EG22-W242,Agung/Masdar,12.08.2022,Indonesia,Sulawesi,Kapoposang Masdar point,Spermonde Archipelago,1497,B,C03,SV023,21.3,seawater,seawater,sample,50 mL seawater filtered through 0.2 um filter
e1100013767_NBCLAB10910_UPG.EG22.W245_SV023_B2_D03_DiatomPool_102189.19_ATTAAGGTCGTAGAAGCCAT_L001,1100013767,NBC.LAB.10910,UPG-EG22-W245,Agung/Masdar,12.08.2022,Indonesia,Sulawesi,Kapoposang Masdar point,Spermonde Archipelago,1497,B,D03,SV023,17,seawater,seawater,sample,50 mL seawater filtered through 0.2 um filter
e1100013779_NBCLAB10911_UPG.EG22.W248_SV023_B2_E03_DiatomPool_102189.20_ATTAAGGTCGCACTTAGGTA_L001,1100013779,NBC.LAB.10911,UPG-EG22-W248,Agung/Masdar,12.08.2022,Indonesia,Sulawesi,Kapoposang Masdar point,Spermonde Archipelago,1497,B,E03,SV023,12,seawater,seawater,sample,50 mL seawater filtered through 0.2 um filter
e1100013791_NBCLAB10912_UPG.EG22.W251_SV023_B2_F03_DiatomPool_102189.21_ATTAAGGTCGATAGGTAAGG_L001,1100013791,NBC.LAB.10912,UPG-EG22-W251,Agung/Masdar,12.08.2022,Indonesia,Sulawesi,Kapoposang Masdar point,Spermonde Archipelago,1497,B,F03,SV023,6.8,seawater,seawater,sample,50 mL seawater filtered through 0.2 um filter
e1100013803_NBCLAB10913_UPG.EG22.W254_SV023_B2_G03_DiatomPool_102189.22_ATTAAGGTCGCGCCTTATAT_L001,1100013803,NBC.LAB.10913,UPG-EG22-W254,Agung/Masdar,12.08.2022,Indonesia,Sulawesi,Kapoposang Masdar point,Spermonde Archipelago,1497,B,G03,SV023,3.9,seawater,seawater,sample,50 mL seawater filtered through 0.2 um filter
e1100013732_NBCLAB10915_UPG.EG22.W257_SV023_B2_A04_DiatomPool_102189.24_GTGGCAACATGTCGTGAATC_L001,1100013732,NBC.LAB.10915,UPG-EG22-W257,Elsa Girard,12.08.2022,Indonesia,Sulawesi,Kapoposang Masdar point,Spermonde Archipelago,1497,B,A04,SV023,RF1,seawater,seawater,sample,50 mL seawater filtered through 0.2 um filter
e1100013744_NBCLAB10916_UPG.EG22.W260_SV023_B2_B04_DiatomPool_102189.25_GTGGCAACATCTGTTCTACG_L001,1100013744,NBC.LAB.10916,UPG-EG22-W260,Elsa Girard,12.08.2022,Indonesia,Sulawesi,Kapoposang Masdar point,Spermonde Archipelago,1497,B,B04,SV023,RF2,seawater,seawater,sample,50 mL seawater filtered through 0.2 um filter
e1100013756_NBCLAB10917_UPG.EG22.W263_SV023_B2_C04_DiatomPool_102189.26_GTGGCAACATGCTCTTAGGT_L001,1100013756,NBC.LAB.10917,UPG-EG22-W263,Elsa Girard,12.08.2022,Indonesia,Sulawesi,Kapoposang Masdar point,Spermonde Archipelago,1497,B,C04,SV023,RF3,seawater,seawater,sample,50 mL seawater filtered through 0.2 um filter
e1100013768_NBCLAB10918_UPG.EG22.W266_SV023_B2_D04_DiatomPool_102189.27_GTGGCAACATTAGAAGCCAT_L001,1100013768,NBC.LAB.10918,UPG-EG22-W266,NEGATIVE,12.08.2022,Indonesia,Sulawesi,Kapoposang Masdar point,Spermonde Archipelago,1497,B,D04,SV023,NEGATIVE,negative,filtered seawater,NEGATIVE Kapoposang Masdar point,50 mL seawater filtered through 0.2 um filter - filtered 13.08.2022
e1100013780_NBCLAB10919_UPG.EG22.W269_SV023_B2_E04_DiatomPool_102189.28_GTGGCAACATCACTTAGGTA_L001,1100013780,NBC.LAB.10919,UPG-EG22-W269,Agung/Supa,17.08.2022,Indonesia,Sulawesi,Lumulumu,Spermonde Archipelago,1497,B,E04,SV023,25.9,seawater,seawater,sample,50 mL seawater filtered through 0.2 um filter
e1100013792_NBCLAB10920_UPG.EG22.W272_SV023_B2_F04_DiatomPool_102189.29_GTGGCAACATATAGGTAAGG_L001,1100013792,NBC.LAB.10920,UPG-EG22-W272,Agung/Supa,17.08.2022,Indonesia,Sulawesi,Lumulumu,Spermonde Archipelago,1497,B,F04,SV023,23.2,seawater,seawater,sample,50 mL seawater filtered through 0.2 um filter
e1100013804_NBCLAB10921_UPG.EG22.W275_SV023_B2_G04_DiatomPool_102189.30_GTGGCAACATCGCCTTATAT_L001,1100013804,NBC.LAB.10921,UPG-EG22-W275,Agung/Supa,17.08.2022,Indonesia,Sulawesi,Lumulumu,Spermonde Archipelago,1497,B,G04,SV023,20.2,seawater,seawater,sample,50 mL seawater filtered through 0.2 um filter
e1100013816_NBCLAB10922_UPG.EG22.W278_SV023_B2_H04_DiatomPool_102189.31_GTGGCAACATGCACGATGCT_L001,1100013816,NBC.LAB.10922,UPG-EG22-W278,Agung/Supa,17.08.2022,Indonesia,Sulawesi,Lumulumu,Spermonde Archipelago,1497,B,H04,SV023,17.6,seawater,seawater,sample,50 mL seawater filtered through 0.2 um filter
e1100013733_NBCLAB10923_UPG.EG22.W281_SV023_B2_A05_DiatomPool_102189.32_TGACCTGCTGGTCGTGAATC_L001,1100013733,NBC.LAB.10923,UPG-EG22-W281,Agung/Supa,17.08.2022,Indonesia,Sulawesi,Lumulumu,Spermonde Archipelago,1497,B,A05,SV023,14.8,seawater,seawater,sample,50 mL seawater filtered through 0.2 um filter
e1100013745_NBCLAB10924_UPG.EG22.W284_SV023_B2_B05_DiatomPool_102189.33_TGACCTGCTGCTGTTCTACG_L001,1100013745,NBC.LAB.10924,UPG-EG22-W284,Agung/Supa,17.08.2022,Indonesia,Sulawesi,Lumulumu,Spermonde Archipelago,1497,B,B05,SV023,11.4,seawater,seawater,sample,50 mL seawater filtered through 0.2 um filter
e1100013757_NBCLAB10925_UPG.EG22.W287_SV023_B2_C05_DiatomPool_102189.34_TGACCTGCTGGCTCTTAGGT_L001,1100013757,NBC.LAB.10925,UPG-EG22-W287,Agung/Supa,17.08.2022,Indonesia,Sulawesi,Lumulumu,Spermonde Archipelago,1497,B,C05,SV023,8.7,seawater,seawater,sample,50 mL seawater filtered through 0.2 um filter
e1100013769_NBCLAB10926_UPG.EG22.W290_SV023_B2_D05_DiatomPool_102189.35_TGACCTGCTGTAGAAGCCAT_L001,1100013769,NBC.LAB.10926,UPG-EG22-W290,Agung/Supa,17.08.2022,Indonesia,Sulawesi,Lumulumu,Spermonde Archipelago,1497,B,D05,SV023,6.6,seawater,seawater,sample,50 mL seawater filtered through 0.2 um filter
e1100013781_NBCLAB10927_UPG.EG22.W293_SV023_B2_E05_DiatomPool_102189.36_TGACCTGCTGCACTTAGGTA_L001,1100013781,NBC.LAB.10927,UPG-EG22-W293,Elsa Girard,17.08.2022,Indonesia,Sulawesi,Lumulumu,Spermonde Archipelago,1497,B,E05,SV023,RF1,seawater,seawater,sample,50 mL seawater filtered through 0.2 um filter
e1100013793_NBCLAB10928_UPG.EG22.W296_SV023_B2_F05_DiatomPool_102189.37_TGACCTGCTGATAGGTAAGG_L001,1100013793,NBC.LAB.10928,UPG-EG22-W296,Elsa Girard,17.08.2022,Indonesia,Sulawesi,Lumulumu,Spermonde Archipelago,1497,B,F05,SV023,RF2,seawater,seawater,sample,50 mL seawater filtered through 0.2 um filter
e1100013805_NBCLAB10929_UPG.EG22.W299_SV023_B2_G05_DiatomPool_102189.38_TGACCTGCTGCGCCTTATAT_L001,1100013805,NBC.LAB.10929,UPG-EG22-W299,Elsa Girard,17.08.2022,Indonesia,Sulawesi,Lumulumu,Spermonde Archipelago,1497,B,G05,SV023,RF3,seawater,seawater,sample,50 mL seawater filtered through 0.2 um filter
e1100013817_NBCLAB10930_UPG.EG22.W302_SV023_B2_H05_DiatomPool_102189.39_TGACCTGCTGGCACGATGCT_L001,1100013817,NBC.LAB.10930,UPG-EG22-W302,Agung/Masdar,20.08.2022,Indonesia,Sulawesi,Polewali,Spermonde Archipelago,1497,B,H05,SV023,13.9,seawater,seawater,sample,50 mL seawater filtered through 0.2 um filter
e1100013734_NBCLAB10931_UPG.EG22.W305_SV023_B2_A06_DiatomPool_102189.40_CGCAGCTAGAGTCGTGAATC_L001,1100013734,NBC.LAB.10931,UPG-EG22-W305,Agung/Masdar,20.08.2022,Indonesia,Sulawesi,Polewali,Spermonde Archipelago,1497,B,A06,SV023,11.3,seawater,seawater,sample,50 mL seawater filtered through 0.2 um filter
e1100013746_NBCLAB10932_UPG.EG22.W308_SV023_B2_B06_DiatomPool_102189.41_CGCAGCTAGACTGTTCTACG_L001,1100013746,NBC.LAB.10932,UPG-EG22-W308,Agung/Masdar,20.08.2022,Indonesia,Sulawesi,Polewali,Spermonde Archipelago,1497,B,B06,SV023,8.4,seawater,seawater,sample,50 mL seawater filtered through 0.2 um filter
e1100013758_NBCLAB10933_UPG.EG22.W311_SV023_B2_C06_DiatomPool_102189.42_CGCAGCTAGAGCTCTTAGGT_L001,1100013758,NBC.LAB.10933,UPG-EG22-W311,Agung/Masdar,20.08.2022,Indonesia,Sulawesi,Polewali,Spermonde Archipelago,1497,B,C06,SV023,5.2,seawater,seawater,sample,50 mL seawater filtered through 0.2 um filter
e1100013770_NBCLAB10934_UPG.EG22.W314_SV023_B2_D06_DiatomPool_102189.43_CGCAGCTAGATAGAAGCCAT_L001,1100013770,NBC.LAB.10934,UPG-EG22-W314,Elsa Girard,20.08.2022,Indonesia,Sulawesi,Polewali,Spermonde Archipelago,1497,B,D06,SV023,RF1,seawater,seawater,sample,50 mL seawater filtered through 0.2 um filter
e1100013782_NBCLAB10935_UPG.EG22.W317_SV023_B2_E06_DiatomPool_102189.44_CGCAGCTAGACACTTAGGTA_L001,1100013782,NBC.LAB.10935,UPG-EG22-W317,Elsa Girard,20.08.2022,Indonesia,Sulawesi,Polewali,Spermonde Archipelago,1497,B,E06,SV023,RF2,seawater,seawater,sample,50 mL seawater filtered through 0.2 um filter
e1100013794_NBCLAB10936_UPG.EG22.W320_SV023_B2_F06_DiatomPool_102189.45_CGCAGCTAGAATAGGTAAGG_L001,1100013794,NBC.LAB.10936,UPG-EG22-W320,Elsa Girard,20.08.2022,Indonesia,Sulawesi,Polewali,Spermonde Archipelago,1497,B,F06,SV023,RF3,seawater,seawater,sample,50 mL seawater filtered through 0.2 um filter
e1100013806_NBCLAB10937_UPG.EG22.W323_SV023_B2_G06_DiatomPool_102189.46_CGCAGCTAGACGCCTTATAT_L001,1100013806,NBC.LAB.10937,UPG-EG22-W323,NEGATIVE,21.08.2022,Indonesia,Sulawesi,AQUA,Spermonde Archipelago,1497,B,G06,SV023,NEGATIVE,negative,AQUA bottle seawater,NEGATIVE AQUA,50 mL seawater filtered through 0.2 um filter - filtered 21.08.2022
e1100013735_NBCLAB10939_UPG.EG22.W326_SV023_B2_A07_DiatomPool_102189.48_ACGCTAATCTGTCGTGAATC_L001,1100013735,NBC.LAB.10939,UPG-EG22-W326,NEGATIVE,17.08.2022,Indonesia,Sulawesi,Lumulumu,Spermonde Archipelago,1497,B,A07,SV023,NEGATIVE,negative,filtered seawater,NEGATIVE Lumulumu,50 mL seawater filtered through 0.2 um filter - filtered 21.08.2022
e1100013747_NBCLAB10940_UPG.EG22.W329_SV023_B2_B07_DiatomPool_102189.49_ACGCTAATCTCTGTTCTACG_L001,1100013747,NBC.LAB.10940,UPG-EG22-W329,NEGATIVE,20.08.2022,Indonesia,Sulawesi,Polewali,Spermonde Archipelago,1497,B,B07,SV023,NEGATIVE,negative,filtered seawater,NEGATIVE Polewali,50 mL seawater filtered through 0.2 um filter - filtered 21.08.2022
e1100013943_NBCLAB11068_UPG.EG22.W333_SV018_B8_B11_DiatomPool_102189.1233_CCTGGTGAGATTAACGTCCG_L001,1100013943,NBC.LAB.11068,UPG-EG22-W333,Elsa Girard,22.08.2022,Indonesia,Sulawesi,Padjenekang,Spermonde Archipelago,1499,B,B11,SV018,RF1,seawater,seawater,sample,50 mL seawater filtered through 0.2 um filter
e1100013771_NBCLAB10942_UPG.EG22.W335_SV023_B2_D07_DiatomPool_102189.51_ACGCTAATCTTAGAAGCCAT_L001,1100013771,NBC.LAB.10942,UPG-EG22-W335,Elsa Girard,22.08.2022,Indonesia,Sulawesi,Padjenekang,Spermonde Archipelago,1497,B,D07,SV023,RF2,seawater,seawater,sample,50 mL seawater filtered through 0.2 um filter
e1100013783_NBCLAB10943_UPG.EG22.W338_SV023_B2_E07_DiatomPool_102189.52_ACGCTAATCTCACTTAGGTA_L001,1100013783,NBC.LAB.10943,UPG-EG22-W338,Elsa Girard,22.08.2022,Indonesia,Sulawesi,Padjenekang,Spermonde Archipelago,1497,B,E07,SV023,RF3,seawater,seawater,sample,50 mL seawater filtered through 0.2 um filter
e1100013795_NBCLAB10944_UPG.EG22.W341_SV023_B2_F07_DiatomPool_102189.53_ACGCTAATCTATAGGTAAGG_L001,1100013795,NBC.LAB.10944,UPG-EG22-W341,Agung/Masdar,22.08.2022,Indonesia,Sulawesi,Padjenekang,Spermonde Archipelago,1497,B,F07,SV023,25.6,seawater,seawater,sample,50 mL seawater filtered through 0.2 um filter
e1100013707_NBCLAB10817_UPG.EG22.W343_SV016_B4_G03_DiatomPool_102189.406_ATTAAGGTCGCATTATGCCT_L001,1100013707,NBC.LAB.10817,UPG-EG22-W343,Agung/Masdar,22.08.2022,Indonesia,Sulawesi,Padjenekang,Spermonde Archipelago,1496,B,G03,SV016,22.6,seawater,seawater,sample,50 mL seawater filtered through 0.2 um filter
e1100013819_NBCLAB10946_UPG.EG22.W347_SV023_B2_H07_DiatomPool_102189.55_ACGCTAATCTGCACGATGCT_L001,1100013819,NBC.LAB.10946,UPG-EG22-W347,Agung/Masdar,22.08.2022,Indonesia,Sulawesi,Padjenekang,Spermonde Archipelago,1497,B,H07,SV023,19.5,seawater,seawater,sample,50 mL seawater filtered through 0.2 um filter
e1100013736_NBCLAB10947_UPG.EG22.W350_SV023_B2_A08_DiatomPool_102189.56_GTTGTTACCTGTCGTGAATC_L001,1100013736,NBC.LAB.10947,UPG-EG22-W350,Agung/Masdar,22.08.2022,Indonesia,Sulawesi,Padjenekang,Spermonde Archipelago,1497,B,A08,SV023,16.9,seawater,seawater,sample,50 mL seawater filtered through 0.2 um filter
e1100013748_NBCLAB10948_UPG.EG22.W353_SV023_B2_B08_DiatomPool_102189.57_GTTGTTACCTCTGTTCTACG_L001,1100013748,NBC.LAB.10948,UPG-EG22-W353,Agung/Masdar,22.08.2022,Indonesia,Sulawesi,Padjenekang,Spermonde Archipelago,1497,B,B08,SV023,13.6,seawater,seawater,sample,50 mL seawater filtered through 0.2 um filter
e1100013760_NBCLAB10949_UPG.EG22.W356_SV023_B2_C08_DiatomPool_102189.58_GTTGTTACCTGCTCTTAGGT_L001,1100013760,NBC.LAB.10949,UPG-EG22-W356,Agung/Masdar,22.08.2022,Indonesia,Sulawesi,Padjenekang,Spermonde Archipelago,1497,B,C08,SV023,10,seawater,seawater,sample,50 mL seawater filtered through 0.2 um filter
e1100013772_NBCLAB10950_UPG.EG22.W359_SV023_B2_D08_DiatomPool_102189.59_GTTGTTACCTTAGAAGCCAT_L001,1100013772,NBC.LAB.10950,UPG-EG22-W359,Agung/Masdar,22.08.2022,Indonesia,Sulawesi,Padjenekang,Spermonde Archipelago,1497,B,D08,SV023,7.1,seawater,seawater,sample,50 mL seawater filtered through 0.2 um filter
e1100013784_NBCLAB10951_UPG.EG22.W362_SV023_B2_E08_DiatomPool_102189.60_GTTGTTACCTCACTTAGGTA_L001,1100013784,NBC.LAB.10951,UPG-EG22-W362,Agung/Masdar,22.08.2022,Indonesia,Sulawesi,Padjenekang,Spermonde Archipelago,1497,B,E08,SV023,3.5,seawater,seawater,sample,50 mL seawater filtered through 0.2 um filter
e1100013796_NBCLAB10952_UPG.EG22.W365_SV023_B2_F08_DiatomPool_102189.61_GTTGTTACCTATAGGTAAGG_L001,1100013796,NBC.LAB.10952,UPG-EG22-W365,NEGATIVE,22.08.2022,Indonesia,Sulawesi,Padjenekang,Spermonde Archipelago,1497,B,F08,SV023,NEGATIVE,negative,filtered seawater,NEGATIVE Padjenekang,50 mL seawater filtered through 0.2 um filter - filtered 22.08.2022
e1100022154_extract_neg1.C_extract_neg1_TM018_D8_G08_DiatomPool_102189.1310_TCGATCTCCAACGGACTGAG_L001,1100022154,extract_neg1,extract_neg1,NA,NA,NA,NA,NA,NA,1551,C,G08,TM018,NA,negative,Extraction NEGATIVE,Extraction NEGATIVE,
e1100022166_extract_neg2.C_extract_neg2_TM018_D8_H08_DiatomPool_102189.1311_TCGATCTCCACACCGTCATA_L001,1100022166,extract_neg2,extract_neg2,NA,NA,NA,NA,NA,NA,1551,C,H08,TM018,NA,negative,Extraction NEGATIVE,Extraction NEGATIVE,
e1100022083_extract_neg3.C_extract_neg3_TM018_D8_A09_DiatomPool_102189.1312_ATCGGTCTGGAAGATCGGAT_L001,1100022083,extract_neg3,extract_neg3,NA,NA,NA,NA,NA,NA,1551,C,A09,TM018,NA,negative,Extraction NEGATIVE,Extraction NEGATIVE,
e1100022095_extract_neg4.C_extract_neg4_TM018_D8_B09_DiatomPool_102189.1313_ATCGGTCTGGTTAACGTCCG_L001,1100022095,extract_neg4,extract_neg4,NA,NA,NA,NA,NA,NA,1551,C,B09,TM018,NA,negative,Extraction NEGATIVE,Extraction NEGATIVE,
e1100022107_extract_neg5.C_extract_neg5_TM018_D8_C09_DiatomPool_102189.1314_ATCGGTCTGGATTACCGATC_L001,1100022107,extract_neg5,extract_neg5,NA,NA,NA,NA,NA,NA,1551,C,C09,TM018,NA,negative,Extraction NEGATIVE,Extraction NEGATIVE,
e1100022119_extract_neg6.C_extract_neg6_TM018_D8_D09_DiatomPool_102189.1315_ATCGGTCTGGGTTGCATCGT_L001,1100022119,extract_neg6,extract_neg6,NA,NA,NA,NA,NA,NA,1551,C,D09,TM018,NA,negative,Extraction NEGATIVE,Extraction NEGATIVE,
e1100022080_negcontrol.C__SV021_D6_H12_DiatomPool_102189.959_GAATCGTCCGTAGGTGGTGG_L001,1100022080,neg. control,neg. control,NA,NA,NA,NA,NA,NA,1550,C,H12,SV021,NA,negative,PCR NEGATIVE,PCR NEGATIVE,
e1100021985_NBCLAB10590.C_UPG.EG22.S001_SV021_D6_A01_DiatomPool_102189.864_TCGTGTTCGACTTAACGACA_L001,1100021985,NBC.LAB.10590,UPG-EG22-S001,Elsa Girard,01.08.2022,Indonesia,,Langkai,Spermonde Archipelago,1550,C,A01,SV021,RF1,Rubble + halimeda,substrate,sample,
e1100021997_NBCLAB10591.C_UPG.EG22.S002_SV021_D6_B01_DiatomPool_102189.865_TCGTGTTCGATCCTCGAGCT_L001,1100021997,NBC.LAB.10591,UPG-EG22-S002,Elsa Girard,01.08.2022,Indonesia,,Langkai,Spermonde Archipelago,1550,C,B01,SV021,RF3,rubble + algae,substrate,sample,
e1100022009_NBCLAB10592.C_UPG.EG22.S003_SV021_D6_C01_DiatomPool_102189.866_TCGTGTTCGACGAGTAATGT_L001,1100022009,NBC.LAB.10592,UPG-EG22-S003,Agung/Masdar,01.08.2022,Indonesia,,Langkai,Spermonde Archipelago,1550,C,C01,SV021,15.3,rubble,substrate,sample,
e1100022021_NBCLAB10593.C_UPG.EG22.S004_SV021_D6_D01_DiatomPool_102189.867_TCGTGTTCGACAGCGGTATG_L001,1100022021,NBC.LAB.10593,UPG-EG22-S004,Agung/Masdar,01.08.2022,Indonesia,,Langkai,Spermonde Archipelago,1550,C,D01,SV021,12.8,rubble + sand,substrate,sample,
e1100022033_NBCLAB10594.C_UPG.EG22.S005_SV021_D6_E01_DiatomPool_102189.868_TCGTGTTCGAGCTACTTGCA_L001,1100022033,NBC.LAB.10594,UPG-EG22-S005,Agung/Masdar,01.08.2022,Indonesia,,Langkai,Spermonde Archipelago,1550,C,E01,SV021,10.1,rubble + sand,substrate,sample,
e1100022045_NBCLAB10595.C_UPG.EG22.S006_SV021_D6_F01_DiatomPool_102189.869_TCGTGTTCGAGCTATTGAAG_L001,1100022045,NBC.LAB.10595,UPG-EG22-S006,Elsa Girard,01.08.2022,Indonesia,,Langkai,Spermonde Archipelago,1550,C,F01,SV021,RF2,algae,substrate,sample,
e1100022057_NBCLAB10596.C_UPG.EG22.S007_SV021_D6_G01_DiatomPool_102189.870_TCGTGTTCGATCAGCATCCG_L001,1100022057,NBC.LAB.10596,UPG-EG22-S007,Agung/Masdar,01.08.2022,Indonesia,,Langkai,Spermonde Archipelago,1550,C,G01,SV021,17.3,rubble,substrate,sample,
e1100022069_NBCLAB10597.C_UPG.EG22.S008_SV021_D6_H01_DiatomPool_102189.871_TCGTGTTCGATAGGTGGTGG_L001,1100022069,NBC.LAB.10597,UPG-EG22-S008,Agung/Masdar,01.08.2022,Indonesia,,Langkai,Spermonde Archipelago,1550,C,H01,SV021,4.9,rubble + sand,substrate,sample,
e1100021986_NBCLAB10598.C_UPG.EG22.S009_SV021_D6_A02_DiatomPool_102189.872_TTCAGTTGGACTTAACGACA_L001,1100021986,NBC.LAB.10598,UPG-EG22-S009,Agung/Masdar,01.08.2022,Indonesia,,Langkai,Spermonde Archipelago,1550,C,A02,SV021,7.8,rubble,substrate,sample,
e1100021998_NBCLAB10599.C_UPG.EG22.S010_SV021_D6_B02_DiatomPool_102189.873_TTCAGTTGGATCCTCGAGCT_L001,1100021998,NBC.LAB.10599,UPG-EG22-S010,Agung/Masdar,01.08.2022,Indonesia,,Langkai,Spermonde Archipelago,1550,C,B02,SV021,19.1,rubble + sand,substrate,sample,
e1100022010_NBCLAB10600.C_UPG.EG22.S011_SV021_D6_C02_DiatomPool_102189.874_TTCAGTTGGACGAGTAATGT_L001,1100022010,NBC.LAB.10600,UPG-EG22-S011,Agung/Masdar,02.08.2022,Indonesia,,Samalona,Spermonde Archipelago,1550,C,C02,SV021,7.5,rubble,substrate,sample,
e1100022022_NBCLAB10601.C_UPG.EG22.S012_SV021_D6_D02_DiatomPool_102189.875_TTCAGTTGGACAGCGGTATG_L001,1100022022,NBC.LAB.10601,UPG-EG22-S012,Elsa Girard,02.08.2022,Indonesia,,Samalona,Spermonde Archipelago,1550,C,D02,SV021,RF3,rubble + algae,substrate,sample,
e1100022034_NBCLAB10602.C_UPG.EG22.S013_SV021_D6_E02_DiatomPool_102189.876_TTCAGTTGGAGCTACTTGCA_L001,1100022034,NBC.LAB.10602,UPG-EG22-S013,Agung/Masdar,02.08.2022,Indonesia,,Samalona,Spermonde Archipelago,1550,C,E02,SV021,4.7,rubble + algae,substrate,sample,
e1100022046_NBCLAB10603.C_UPG.EG22.S014_SV021_D6_F02_DiatomPool_102189.877_TTCAGTTGGAGCTATTGAAG_L001,1100022046,NBC.LAB.10603,UPG-EG22-S014,Elsa Girard,02.08.2022,Indonesia,,Samalona,Spermonde Archipelago,1550,C,F02,SV021,RF1,rubble + algae,substrate,sample,
e1100022058_NBCLAB10604.C_UPG.EG22.S015_SV021_D6_G02_DiatomPool_102189.878_TTCAGTTGGATCAGCATCCG_L001,1100022058,NBC.LAB.10604,UPG-EG22-S015,Agung/Masdar,02.08.2022,Indonesia,,Samalona,Spermonde Archipelago,1550,C,G02,SV021,19.5,rubble + sand,substrate,sample,
e1100022070_NBCLAB10605.C_UPG.EG22.S016_SV021_D6_H02_DiatomPool_102189.879_TTCAGTTGGATAGGTGGTGG_L001,1100022070,NBC.LAB.10605,UPG-EG22-S016,Agung/Masdar,02.08.2022,Indonesia,,Samalona,Spermonde Archipelago,1550,C,H02,SV021,13,rubble + algae,substrate,sample,
e1100021987_NBCLAB10606.C_UPG.EG22.S017_SV021_D6_A03_DiatomPool_102189.880_AATGCGGTTCCTTAACGACA_L001,1100021987,NBC.LAB.10606,UPG-EG22-S017,Agung/Masdar,02.08.2022,Indonesia,,Samalona,Spermonde Archipelago,1550,C,A03,SV021,22.2,rubble + sand,substrate,sample,
e1100021999_NBCLAB10607.C_UPG.EG22.S018_SV021_D6_B03_DiatomPool_102189.881_AATGCGGTTCTCCTCGAGCT_L001,1100021999,NBC.LAB.10607,UPG-EG22-S018,Agung/Masdar,02.08.2022,Indonesia,,Samalona,Spermonde Archipelago,1550,C,B03,SV021,16.5,rubble + algae,substrate,sample,
e1100022011_NBCLAB10608.C_UPG.EG22.S019_SV021_D6_C03_DiatomPool_102189.882_AATGCGGTTCCGAGTAATGT_L001,1100022011,NBC.LAB.10608,UPG-EG22-S019,Elsa Girard,02.08.2022,Indonesia,,Samalona,Spermonde Archipelago,1550,C,C03,SV021,RF2,rubble + algae,substrate,sample,
e1100022023_NBCLAB10609.C_UPG.EG22.S020_SV021_D6_D03_DiatomPool_102189.883_AATGCGGTTCCAGCGGTATG_L001,1100022023,NBC.LAB.10609,UPG-EG22-S020,Agung/Masdar,02.08.2022,Indonesia,,Samalona,Spermonde Archipelago,1550,C,D03,SV021,9.8,rubble + algae,substrate,sample,
e1100022035_NBCLAB10610.C_UPG.EG22.S021_SV021_D6_E03_DiatomPool_102189.884_AATGCGGTTCGCTACTTGCA_L001,1100022035,NBC.LAB.10610,UPG-EG22-S021,Agung/Supa,03.08.2022,Indonesia,,Badi,Spermonde Archipelago,1550,C,E03,SV021,17.4,rubble,substrate,sample,
e1100022047_NBCLAB10611.C_UPG.EG22.S022_SV021_D6_F03_DiatomPool_102189.885_AATGCGGTTCGCTATTGAAG_L001,1100022047,NBC.LAB.10611,UPG-EG22-S022,Agung/Supa,03.08.2022,Indonesia,,Badi,Spermonde Archipelago,1550,C,F03,SV021,8.1,rubble + algae,substrate,sample,
e1100022059_NBCLAB10612.C_UPG.EG22.S023_SV021_D6_G03_DiatomPool_102189.886_AATGCGGTTCTCAGCATCCG_L001,1100022059,NBC.LAB.10612,UPG-EG22-S023,Agung/Supa,03.08.2022,Indonesia,,Badi,Spermonde Archipelago,1550,C,G03,SV021,14.6,rubble,substrate,sample,
e1100022071_NBCLAB10613.C_UPG.EG22.S024_SV021_D6_H03_DiatomPool_102189.887_AATGCGGTTCTAGGTGGTGG_L001,1100022071,NBC.LAB.10613,UPG-EG22-S024,Agung/Supa,03.08.2022,Indonesia,,Badi,Spermonde Archipelago,1550,C,H03,SV021,27.4,rubble + sand,substrate,sample,
e1100021988_NBCLAB10614.C_UPG.EG22.S025_SV021_D6_A04_DiatomPool_102189.888_AGCCTGTTGTCTTAACGACA_L001,1100021988,NBC.LAB.10614,UPG-EG22-S025,Agung/Supa,03.08.2022,Indonesia,,Badi,Spermonde Archipelago,1550,C,A04,SV021,5.5,rubble + algae,substrate,sample,
e1100022000_NBCLAB10615.C_UPG.EG22.S026_SV021_D6_B04_DiatomPool_102189.889_AGCCTGTTGTTCCTCGAGCT_L001,1100022000,NBC.LAB.10615,UPG-EG22-S026,Agung/Supa,03.08.2022,Indonesia,,Badi,Spermonde Archipelago,1550,C,B04,SV021,30.5,rubble,substrate,sample,
e1100022012_NBCLAB10616.C_UPG.EG22.S027_SV021_D6_C04_DiatomPool_102189.890_AGCCTGTTGTCGAGTAATGT_L001,1100022012,NBC.LAB.10616,UPG-EG22-S027,Elsa Girard,03.08.2022,Indonesia,,Badi,Spermonde Archipelago,1550,C,C04,SV021,RF2,rubble + algae,substrate,sample,
e1100022024_NBCLAB10617.C_UPG.EG22.S028_SV021_D6_D04_DiatomPool_102189.891_AGCCTGTTGTCAGCGGTATG_L001,1100022024,NBC.LAB.10617,UPG-EG22-S028,Elsa Girard,03.08.2022,Indonesia,,Badi,Spermonde Archipelago,1550,C,D04,SV021,RF3,rubble + algae,substrate,sample,
e1100022036_NBCLAB10618.C_UPG.EG22.S029_SV021_D6_E04_DiatomPool_102189.892_AGCCTGTTGTGCTACTTGCA_L001,1100022036,NBC.LAB.10618,UPG-EG22-S029,Agung/Supa,03.08.2022,Indonesia,,Badi,Spermonde Archipelago,1550,C,E04,SV021,11.3,rubble,substrate,sample,
e1100022048_NBCLAB10619.C_UPG.EG22.S030_SV021_D6_F04_DiatomPool_102189.893_AGCCTGTTGTGCTATTGAAG_L001,1100022048,NBC.LAB.10619,UPG-EG22-S030,Agung/Supa,03.08.2022,Indonesia,,Badi,Spermonde Archipelago,1550,C,F04,SV021,21.7,rubble + algae,substrate,sample,
e1100022060_NBCLAB10620.C_UPG.EG22.S031_SV021_D6_G04_DiatomPool_102189.894_AGCCTGTTGTTCAGCATCCG_L001,1100022060,NBC.LAB.10620,UPG-EG22-S031,Elsa Girard,03.08.2022,Indonesia,,Badi,Spermonde Archipelago,1550,C,G04,SV021,RF1,rubble + algae,substrate,sample,
e1100022072_NBCLAB10621.C_UPG.EG22.S032_SV021_D6_H04_DiatomPool_102189.895_AGCCTGTTGTTAGGTGGTGG_L001,1100022072,NBC.LAB.10621,UPG-EG22-S032,Agung/Supa,03.08.2022,Indonesia,,Badi,Spermonde Archipelago,1550,C,H04,SV021,2.5,thick layer algae on rubble,substrate,sample,
e1100021989_NBCLAB10622.C_UPG.EG22.S033_SV021_D6_A05_DiatomPool_102189.896_ATGCGCGTAACTTAACGACA_L001,1100021989,NBC.LAB.10622,UPG-EG22-S033,Agung/Supa,03.08.2022,Indonesia,,Badi,Spermonde Archipelago,1550,C,A05,SV021,24.5,rubble + algae,substrate,sample,
e1100022001_NBCLAB10623.C_UPG.EG22.S034_SV021_D6_B05_DiatomPool_102189.897_ATGCGCGTAATCCTCGAGCT_L001,1100022001,NBC.LAB.10623,UPG-EG22-S034,Agung/Masdar,05.08.2022,Indonesia,,K. Keke,Spermonde Archipelago,1550,C,B05,SV021,14.7,rubble + algae,substrate,sample,
e1100022013_NBCLAB10624.C_UPG.EG22.S035_SV021_D6_C05_DiatomPool_102189.898_ATGCGCGTAACGAGTAATGT_L001,1100022013,NBC.LAB.10624,UPG-EG22-S035,Elsa Girard,05.08.2022,Indonesia,,K. Keke,Spermonde Archipelago,1550,C,C05,SV021,RF2,rubble + algae,substrate,sample,
e1100022025_NBCLAB10625.C_UPG.EG22.S036_SV021_D6_D05_DiatomPool_102189.899_ATGCGCGTAACAGCGGTATG_L001,1100022025,NBC.LAB.10625,UPG-EG22-S036,Agung/Masdar,05.08.2022,Indonesia,,K. Keke,Spermonde Archipelago,1550,C,D05,SV021,11.8,rubble + algae,substrate,sample,
e1100022037_NBCLAB10626.C_UPG.EG22.S037_SV021_D6_E05_DiatomPool_102189.900_ATGCGCGTAAGCTACTTGCA_L001,1100022037,NBC.LAB.10626,UPG-EG22-S037,Elsa Girard,05.08.2022,Indonesia,,K. Keke,Spermonde Archipelago,1550,C,E05,SV021,RF3,rubble,substrate,sample,
e1100022049_NBCLAB10627.C_UPG.EG22.S038_SV021_D6_F05_DiatomPool_102189.901_ATGCGCGTAAGCTATTGAAG_L001,1100022049,NBC.LAB.10627,UPG-EG22-S038,Agung/Masdar,05.08.2022,Indonesia,,K. Keke,Spermonde Archipelago,1550,C,F05,SV021,2.7,rubble + algae,substrate,sample,
e1100022061_NBCLAB10628.C_UPG.EG22.S039_SV021_D6_G05_DiatomPool_102189.902_ATGCGCGTAATCAGCATCCG_L001,1100022061,NBC.LAB.10628,UPG-EG22-S039,Agung/Masdar,05.08.2022,Indonesia,,K. Keke,Spermonde Archipelago,1550,C,G05,SV021,17.5,rubble,substrate,sample,
e1100022073_NBCLAB10629.C_UPG.EG22.S040_SV021_D6_H05_DiatomPool_102189.903_ATGCGCGTAATAGGTGGTGG_L001,1100022073,NBC.LAB.10629,UPG-EG22-S040,Elsa Girard,05.08.2022,Indonesia,,K. Keke,Spermonde Archipelago,1550,C,H05,SV021,RF1,rubble + algae,substrate,sample,
e1100021990_NBCLAB10630.C_UPG.EG22.S041_SV021_D6_A06_DiatomPool_102189.904_GCTAAGAGAACTTAACGACA_L001,1100021990,NBC.LAB.10630,UPG-EG22-S041,Agung/Masdar,05.08.2022,Indonesia,,K. Keke,Spermonde Archipelago,1550,C,A06,SV021,8.3,rubble + algae,substrate,sample,
e1100022002_NBCLAB10631.C_UPG.EG22.S042_SV021_D6_B06_DiatomPool_102189.905_GCTAAGAGAATCCTCGAGCT_L001,1100022002,NBC.LAB.10631,UPG-EG22-S042,Agung/Masdar,05.08.2022,Indonesia,,K. Keke,Spermonde Archipelago,1550,C,B06,SV021,5.6,rubble + algae,substrate,sample,
e1100022014_NBCLAB10632.C_PCR.Neg43.MilliQ_SV021_D6_C06_DiatomPool_102189.906_GCTAAGAGAACGAGTAATGT_L001,1100022014,NBC.LAB.10632,UPG-EG22-S043,Agung/Masdar,05.08.2022,Indonesia,,K. Keke,Spermonde Archipelago,1550,C,C06,SV021,20.1,rubble,substrate,sample,
e1100022026_NBCLAB10633.C_UPG.EG22.S044_SV021_D6_D06_DiatomPool_102189.907_GCTAAGAGAACAGCGGTATG_L001,1100022026,NBC.LAB.10633,UPG-EG22-S044,Agung/Masdar,06.08.2022,Indonesia,,Langkadea,Spermonde Archipelago,1550,C,D06,SV021,11.9,rubble + sand,substrate,sample,
e1100022038_NBCLAB10634.C_UPG.EG22.S045_SV021_D6_E06_DiatomPool_102189.908_GCTAAGAGAAGCTACTTGCA_L001,1100022038,NBC.LAB.10634,UPG-EG22-S045,Elsa Girard,06.08.2022,Indonesia,,Langkadea,Spermonde Archipelago,1550,C,E06,SV021,RF1,rubble + algae,substrate,sample,
e1100022050_NBCLAB10635.C_UPG.EG22.S046_SV021_D6_F06_DiatomPool_102189.909_GCTAAGAGAAGCTATTGAAG_L001,1100022050,NBC.LAB.10635,UPG-EG22-S046,Agung/Masdar,06.08.2022,Indonesia,,Langkadea,Spermonde Archipelago,1550,C,F06,SV021,8.9,rubble,substrate,sample,
e1100022062_NBCLAB10636.C_UPG.EG22.S047_SV021_D6_G06_DiatomPool_102189.910_GCTAAGAGAATCAGCATCCG_L001,1100022062,NBC.LAB.10636,UPG-EG22-S047,Agung/Masdar,06.08.2022,Indonesia,,Langkadea,Spermonde Archipelago,1550,C,G06,SV021,14.7,sand,substrate,sample,
e1100022074_NBCLAB10637.C_UPG.EG22.S048_SV021_D6_H06_DiatomPool_102189.911_GCTAAGAGAATAGGTGGTGG_L001,1100022074,NBC.LAB.10637,UPG-EG22-S048,Elsa Girard,06.08.2022,Indonesia,,Langkadea,Spermonde Archipelago,1550,C,H06,SV021,RF2,rubble + seagrass,substrate,sample,
e1100021991_NBCLAB10638.C_UPG.EG22.S049_SV021_D6_A07_DiatomPool_102189.912_AGTGTCGCGACTTAACGACA_L001,1100021991,NBC.LAB.10638,UPG-EG22-S049,Agung/Masdar,06.08.2022,Indonesia,,Langkadea,Spermonde Archipelago,1550,C,A07,SV021,3.3,rubble,substrate,sample,
e1100022003_NBCLAB10639.C_UPG.EG22.S050_SV021_D6_B07_DiatomPool_102189.913_AGTGTCGCGATCCTCGAGCT_L001,1100022003,NBC.LAB.10639,UPG-EG22-S050,Elsa Girard,06.08.2022,Indonesia,,Langkadea,Spermonde Archipelago,1550,C,B07,SV021,RF3,rubble + seagrass,substrate,sample,
e1100022015_NBCLAB10640.C_UPG.EG22.S051_SV021_D6_C07_DiatomPool_102189.914_AGTGTCGCGACGAGTAATGT_L001,1100022015,NBC.LAB.10640,UPG-EG22-S051,Agung/Masdar,06.08.2022,Indonesia,,Langkadea,Spermonde Archipelago,1550,C,C07,SV021,5.6,rubble,substrate,sample,
e1100022027_NBCLAB10641.C_UPG.EG22.S052_SV021_D6_D07_DiatomPool_102189.915_AGTGTCGCGACAGCGGTATG_L001,1100022027,NBC.LAB.10641,UPG-EG22-S052,Agung/Masdar,07.08.2022,Indonesia,,Karanrang,Spermonde Archipelago,1550,C,D07,SV021,9.7,rubble,substrate,sample,
e1100022039_NBCLAB10642.C_UPG.EG22.S053_SV021_D6_E07_DiatomPool_102189.916_AGTGTCGCGAGCTACTTGCA_L001,1100022039,NBC.LAB.10642,UPG-EG22-S053,Elsa Girard,07.08.2022,Indonesia,,Karanrang,Spermonde Archipelago,1550,C,E07,SV021,RF2,rubble + algae,substrate,sample,
e1100022051_NBCLAB10643.C_UPG.EG22.S054_SV021_D6_F07_DiatomPool_102189.917_AGTGTCGCGAGCTATTGAAG_L001,1100022051,NBC.LAB.10643,UPG-EG22-S054,Agung/Masdar,07.08.2022,Indonesia,,Karanrang,Spermonde Archipelago,1550,C,F07,SV021,12.9,rubble + sand + algae,substrate,sample,
e1100022063_NBCLAB10644.C_UPG.EG22.S055_SV021_D6_G07_DiatomPool_102189.918_AGTGTCGCGATCAGCATCCG_L001,1100022063,NBC.LAB.10644,UPG-EG22-S055,Elsa Girard,07.08.2022,Indonesia,,Karanrang,Spermonde Archipelago,1550,C,G07,SV021,RF3,rubble + algae + seagrass,substrate,sample,
e1100022075_NBCLAB10645.C_UPG.EG22.S056_SV021_D6_H07_DiatomPool_102189.919_AGTGTCGCGATAGGTGGTGG_L001,1100022075,NBC.LAB.10645,UPG-EG22-S056,Agung/Masdar,07.08.2022,Indonesia,,Karanrang,Spermonde Archipelago,1550,C,H07,SV021,3.5,rubble,substrate,sample,
e1100021992_NBCLAB10646.C_UPG.EG22.S057_SV021_D6_A08_DiatomPool_102189.920_TCGATCTCCACTTAACGACA_L001,1100021992,NBC.LAB.10646,UPG-EG22-S057,Agung/Masdar,07.08.2022,Indonesia,,Karanrang,Spermonde Archipelago,1550,C,A08,SV021,6.5,rubble,substrate,sample,
e1100022004_NBCLAB10647.C_UPG.EG22.S058_SV021_D6_B08_DiatomPool_102189.921_TCGATCTCCATCCTCGAGCT_L001,1100022004,NBC.LAB.10647,UPG-EG22-S058,Elsa Girard,07.08.2022,Indonesia,,Karanrang,Spermonde Archipelago,1550,C,B08,SV021,RF1,rubble + algae,substrate,sample,
e1100022016_NBCLAB10648.C_UPG.EG22.S059_SV021_D6_C08_DiatomPool_102189.922_TCGATCTCCACGAGTAATGT_L001,1100022016,NBC.LAB.10648,UPG-EG22-S059,Agung/Masdar,07.08.2022,Indonesia,,Karanrang,Spermonde Archipelago,1550,C,C08,SV021,15.9,sand,substrate,sample,
e1100022028_NBCLAB10649.C_UPG.EG22.S060_SV021_D6_D08_DiatomPool_102189.923_TCGATCTCCACAGCGGTATG_L001,1100022028,NBC.LAB.10649,UPG-EG22-S060,Agung/Masdar,08.08.2022,Indonesia,,Barang Baringan,Spermonde Archipelago,1550,C,D08,SV021,3.9,rubble + sand,substrate,sample,
e1100022040_NBCLAB10650.C_UPG.EG22.S061_SV021_D6_E08_DiatomPool_102189.924_TCGATCTCCAGCTACTTGCA_L001,1100022040,NBC.LAB.10650,UPG-EG22-S061,Elsa Girard,08.08.2022,Indonesia,,Barang Baringan,Spermonde Archipelago,1550,C,E08,SV021,RF1,rubble + algae,substrate,sample,
e1100022052_NBCLAB10651.C_UPG.EG22.S062_SV021_D6_F08_DiatomPool_102189.925_TCGATCTCCAGCTATTGAAG_L001,1100022052,NBC.LAB.10651,UPG-EG22-S062,Elsa Girard,08.08.2022,Indonesia,,Barang Baringan,Spermonde Archipelago,1550,C,F08,SV021,RF3,rubble + algae,substrate,sample,
e1100022064_NBCLAB10652.C_UPG.EG22.S063_SV021_D6_G08_DiatomPool_102189.926_TCGATCTCCATCAGCATCCG_L001,1100022064,NBC.LAB.10652,UPG-EG22-S063,Elsa Girard,08.08.2022,Indonesia,,Barang Baringan,Spermonde Archipelago,1550,C,G08,SV021,RF2,rubble + algae,substrate,sample,
e1100022076_NBCLAB10653.C_UPG.EG22.S064_SV021_D6_H08_DiatomPool_102189.927_TCGATCTCCATAGGTGGTGG_L001,1100022076,NBC.LAB.10653,UPG-EG22-S064,Agung/Masdar,08.08.2022,Indonesia,,Barang Baringan,Spermonde Archipelago,1550,C,H08,SV021,6.2,sand,substrate,sample,
e1100021993_NBCLAB10654.C_UPG.EG22.S065_SV021_D6_A09_DiatomPool_102189.928_ATCGGTCTGGCTTAACGACA_L001,1100021993,NBC.LAB.10654,UPG-EG22-S065,Elsa Girard,09.08.2022,Indonesia,,Lae Lae,Spermonde Archipelago,1550,C,A09,SV021,RF2,rubble + algae,substrate,sample,
e1100022005_NBCLAB10655.C_UPG.EG22.S066_SV021_D6_B09_DiatomPool_102189.929_ATCGGTCTGGTCCTCGAGCT_L001,1100022005,NBC.LAB.10655,UPG-EG22-S066,Agung/Masdar,09.08.2022,Indonesia,,Lae Lae,Spermonde Archipelago,1550,C,B09,SV021,7.7,rubble + sand,substrate,sample,
e1100022017_NBCLAB10656.C_UPG.EG22.S067_SV021_D6_C09_DiatomPool_102189.930_ATCGGTCTGGCGAGTAATGT_L001,1100022017,NBC.LAB.10656,UPG-EG22-S067,Elsa Girard,09.08.2022,Indonesia,,Lae Lae,Spermonde Archipelago,1550,C,C09,SV021,RF3,rubble + algae,substrate,sample,
e1100022029_NBCLAB10657.C_UPG.EG22.S068_SV021_D6_D09_DiatomPool_102189.931_ATCGGTCTGGCAGCGGTATG_L001,1100022029,NBC.LAB.10657,UPG-EG22-S068,Elsa Girard,09.08.2022,Indonesia,,Lae Lae,Spermonde Archipelago,1550,C,D09,SV021,RF1,rubble + algae,substrate,sample,
e1100022041_NBCLAB10658.C_UPG.EG22.S069_SV021_D6_E09_DiatomPool_102189.932_ATCGGTCTGGGCTACTTGCA_L001,1100022041,NBC.LAB.10658,UPG-EG22-S069,Agung/Masdar,09.08.2022,Indonesia,,Lae Lae,Spermonde Archipelago,1550,C,E09,SV021,10.7,sand,substrate,sample,
e1100022053_NBCLAB10659.C_UPG.EG22.S070_SV021_D6_F09_DiatomPool_102189.933_ATCGGTCTGGGCTATTGAAG_L001,1100022053,NBC.LAB.10659,UPG-EG22-S070,Agung/Masdar,09.08.2022,Indonesia,,Lae Lae,Spermonde Archipelago,1550,C,F09,SV021,4.9,rubble + sand,substrate,sample,
e1100022065_NBCLAB10660.C_UPG.EG22.S071_SV021_D6_G09_DiatomPool_102189.934_ATCGGTCTGGTCAGCATCCG_L001,1100022065,NBC.LAB.10660,UPG-EG22-S071,Elsa Girard,12.08.2022,Indonesia,,Kapoposang Masdar point,Spermonde Archipelago,1550,C,G09,SV021,RF2,rubble,substrate,sample,
e1100022077_NBCLAB10661.C_UPG.EG22.S072_SV021_D6_H09_DiatomPool_102189.935_ATCGGTCTGGTAGGTGGTGG_L001,1100022077,NBC.LAB.10661,UPG-EG22-S072,Agung/Masdar,12.08.2022,Indonesia,,Kapoposang Masdar point,Spermonde Archipelago,1550,C,H09,SV021,28,rubble + sand,substrate,sample,
e1100021994_NBCLAB10662.C_UPG.EG22.S073_SV021_D6_A10_DiatomPool_102189.936_AAGGCTGTGGCTTAACGACA_L001,1100021994,NBC.LAB.10662,UPG-EG22-S073,Elsa Girard,12.08.2022,Indonesia,,Kapoposang Masdar point,Spermonde Archipelago,1550,C,A10,SV021,RF1,rubble,substrate,sample,
e1100022006_NBCLAB10663.C_UPG.EG22.S074_SV021_D6_B10_DiatomPool_102189.937_AAGGCTGTGGTCCTCGAGCT_L001,1100022006,NBC.LAB.10663,UPG-EG22-S074,Agung/Masdar,12.08.2022,Indonesia,,Kapoposang Masdar point,Spermonde Archipelago,1550,C,B10,SV021,17,rubble + sand,substrate,sample,
e1100022018_NBCLAB10664.C_UPG.EG22.S075_SV021_D6_C10_DiatomPool_102189.938_AAGGCTGTGGCGAGTAATGT_L001,1100022018,NBC.LAB.10664,UPG-EG22-S075,Agung/Masdar,12.08.2022,Indonesia,,Kapoposang Masdar point,Spermonde Archipelago,1550,C,C10,SV021,25.2,rubble + sand,substrate,sample,
e1100022030_NBCLAB10665.C_UPG.EG22.S076_SV021_D6_D10_DiatomPool_102189.939_AAGGCTGTGGCAGCGGTATG_L001,1100022030,NBC.LAB.10665,UPG-EG22-S076,Agung/Masdar,12.08.2022,Indonesia,,Kapoposang Masdar point,Spermonde Archipelago,1550,C,D10,SV021,6.8,rubble + sand,substrate,sample,
e1100022042_NBCLAB10666.C_UPG.EG22.S077_SV021_D6_E10_DiatomPool_102189.940_AAGGCTGTGGGCTACTTGCA_L001,1100022042,NBC.LAB.10666,UPG-EG22-S077,Elsa Girard,12.08.2022,Indonesia,,Kapoposang Masdar point,Spermonde Archipelago,1550,C,E10,SV021,RF3,rubble,substrate,sample,
e1100022054_NBCLAB10667.C_UPG.EG22.S078_SV021_D6_F10_DiatomPool_102189.941_AAGGCTGTGGGCTATTGAAG_L001,1100022054,NBC.LAB.10667,UPG-EG22-S078,Agung/Masdar,12.08.2022,Indonesia,,Kapoposang Masdar point,Spermonde Archipelago,1550,C,F10,SV021,12,rubble + sand,substrate,sample,
e1100022066_NBCLAB10668.C_UPG.EG22.S079_SV021_D6_G10_DiatomPool_102189.942_AAGGCTGTGGTCAGCATCCG_L001,1100022066,NBC.LAB.10668,UPG-EG22-S079,Agung/Masdar,12.08.2022,Indonesia,,Kapoposang Masdar point,Spermonde Archipelago,1550,C,G10,SV021,3.9,rubble + sand,substrate,sample,
e1100022078_NBCLAB10669.C_PCR.Neg80.MilliQ_SV021_D6_H10_DiatomPool_102189.943_AAGGCTGTGGTAGGTGGTGG_L001,1100022078,NBC.LAB.10669,UPG-EG22-S080,Agung/Masdar,12.08.2022,Indonesia,,Kapoposang Masdar point,Spermonde Archipelago,1550,C,H10,SV021,21.3,rubble + sand,substrate,sample,
e1100021995_NBCLAB10670.C_UPG.EG22.S081_SV021_D6_A11_DiatomPool_102189.944_TCTATTCGGTCTTAACGACA_L001,1100021995,NBC.LAB.10670,UPG-EG22-S081,Agung/Supa,17.08.2022,Indonesia,,Lumulumu,Spermonde Archipelago,1550,C,A11,SV021,8.7,rubble,substrate,sample,
e1100022007_NBCLAB10671.C_UPG.EG22.S082_SV021_D6_B11_DiatomPool_102189.945_TCTATTCGGTTCCTCGAGCT_L001,1100022007,NBC.LAB.10671,UPG-EG22-S082,Elsa Girard,17.08.2022,Indonesia,,Lumulumu,Spermonde Archipelago,1550,C,B11,SV021,RF3,seagrass + algae,substrate,sample,
e1100022019_NBCLAB10672.C_UPG.EG22.S083_SV021_D6_C11_DiatomPool_102189.946_TCTATTCGGTCGAGTAATGT_L001,1100022019,NBC.LAB.10672,UPG-EG22-S083,Agung/Supa,17.08.2022,Indonesia,,Lumulumu,Spermonde Archipelago,1550,C,C11,SV021,6.6,rubble + algae,substrate,sample,
e1100022031_NBCLAB10673.C_UPG.EG22.S084_SV021_D6_D11_DiatomPool_102189.947_TCTATTCGGTCAGCGGTATG_L001,1100022031,NBC.LAB.10673,UPG-EG22-S084,Elsa Girard,17.08.2022,Indonesia,,Lumulumu,Spermonde Archipelago,1550,C,D11,SV021,RF1,seagrass + algae + rubble + sand,substrate,sample,
e1100022043_NBCLAB10674.C_UPG.EG22.S085_SV021_D6_E11_DiatomPool_102189.948_TCTATTCGGTGCTACTTGCA_L001,1100022043,NBC.LAB.10674,UPG-EG22-S085,Agung/Supa,17.08.2022,Indonesia,,Lumulumu,Spermonde Archipelago,1550,C,E11,SV021,11.4,rubble,substrate,sample,
e1100022055_NBCLAB10675.C_UPG.EG22.S086_SV021_D6_F11_DiatomPool_102189.949_TCTATTCGGTGCTATTGAAG_L001,1100022055,NBC.LAB.10675,UPG-EG22-S086,Agung/Supa,17.08.2022,Indonesia,,Lumulumu,Spermonde Archipelago,1550,C,F11,SV021,17.6,rubble + sand,substrate,sample,
e1100022067_NBCLAB10676.C_UPG.EG22.S087_SV021_D6_G11_DiatomPool_102189.950_TCTATTCGGTTCAGCATCCG_L001,1100022067,NBC.LAB.10676,UPG-EG22-S087,Elsa Girard,17.08.2022,Indonesia,,Lumulumu,Spermonde Archipelago,1550,C,G11,SV021,RF2,seagrass + algae,substrate,sample,
e1100022079_NBCLAB10677.C_UPG.EG22.S088_SV021_D6_H11_DiatomPool_102189.951_TCTATTCGGTTAGGTGGTGG_L001,1100022079,NBC.LAB.10677,UPG-EG22-S088,Agung/Supa,17.08.2022,Indonesia,,Lumulumu,Spermonde Archipelago,1550,C,H11,SV021,14.8,rubble,substrate,sample,
e1100021996_NBCLAB10678.C_UPG.EG22.S089_SV021_D6_A12_DiatomPool_102189.952_GAATCGTCCGCTTAACGACA_L001,1100021996,NBC.LAB.10678,UPG-EG22-S089,Agung/Supa,17.08.2022,Indonesia,,Lumulumu,Spermonde Archipelago,1550,C,A12,SV021,23.2,rubble + sand,substrate,sample,
e1100022008_NBCLAB10679.C_UPG.EG22.S090_SV021_D6_B12_DiatomPool_102189.953_GAATCGTCCGTCCTCGAGCT_L001,1100022008,NBC.LAB.10679,UPG-EG22-S090,Agung/Supa,17.08.2022,Indonesia,,Lumulumu,Spermonde Archipelago,1550,C,B12,SV021,20.2,rubble + sand,substrate,sample,
e1100022020_NBCLAB10680.C_UPG.EG22.S091_SV021_D6_C12_DiatomPool_102189.954_GAATCGTCCGCGAGTAATGT_L001,1100022020,NBC.LAB.10680,UPG-EG22-S091,Agung/Supa,17.08.2022,Indonesia,,Lumulumu,Spermonde Archipelago,1550,C,C12,SV021,25.9,rubble + sand,substrate,sample,
e1100022032_NBCLAB10681.C_UPG.EG22.S092_SV021_D6_D12_DiatomPool_102189.955_GAATCGTCCGCAGCGGTATG_L001,1100022032,NBC.LAB.10681,UPG-EG22-S092,Elsa Girard,20.08.2022,Indonesia,,Polewali,Spermonde Archipelago,1550,C,D12,SV021,RF2,rubble + seagrass + algae,substrate,sample,
e1100022044_NBCLAB10682.C_UPG.EG22.S093_SV021_D6_E12_DiatomPool_102189.956_GAATCGTCCGGCTACTTGCA_L001,1100022044,NBC.LAB.10682,UPG-EG22-S093,Elsa Girard,20.08.2022,Indonesia,,Polewali,Spermonde Archipelago,1550,C,E12,SV021,RF3,rubble + seagrass + algae,substrate,sample,
e1100022056_NBCLAB10683.C_UPG.EG22.S094_SV021_D6_F12_DiatomPool_102189.957_GAATCGTCCGGCTATTGAAG_L001,1100022056,NBC.LAB.10683,UPG-EG22-S094,Elsa Girard,20.08.2022,Indonesia,,Polewali,Spermonde Archipelago,1550,C,F12,SV021,RF1,rubble + algae,substrate,sample,
e1100022068_NBCLAB10684.C_UPG.EG22.S095_SV021_D6_G12_DiatomPool_102189.958_GAATCGTCCGTCAGCATCCG_L001,1100022068,NBC.LAB.10684,UPG-EG22-S095,Agung/Masdar,20.08.2022,Indonesia,,Polewali,Spermonde Archipelago,1550,C,G12,SV021,11.3,rubble + mud,substrate,sample,
e1100022081_NBCLAB10685.C_UPG.EG22.S096_TM018_D8_A07_DiatomPool_102189.1296_AGTGTCGCGAAAGATCGGAT_L001,1100022081,NBC.LAB.10685,UPG-EG22-S096,Agung/Masdar,20.08.2022,Indonesia,,Polewali,Spermonde Archipelago,1551,C,A07,TM018,13.9,sand,substrate,sample,
e1100022093_NBCLAB10686.C_UPG.EG22.S097_TM018_D8_B07_DiatomPool_102189.1297_AGTGTCGCGATTAACGTCCG_L001,1100022093,NBC.LAB.10686,UPG-EG22-S097,Agung/Masdar,20.08.2022,Indonesia,,Polewali,Spermonde Archipelago,1551,C,B07,TM018,5.2,rubble + algae,substrate,sample,
e1100022117_NBCLAB10688.C_UPG.EG22.S098_TM018_D8_D07_DiatomPool_102189.1299_AGTGTCGCGAGTTGCATCGT_L001,1100022117,NBC.LAB.10688,UPG-EG22-S098,Agung/Masdar,22.08.2022,Indonesia,,Padjenekang,Spermonde Archipelago,1551,C,D07,TM018,7.1,rubble + algae,substrate,sample,
e1100022129_NBCLAB10689.C_UPG.EG22.S099_TM018_D8_E07_DiatomPool_102189.1300_AGTGTCGCGAACTGGACGTT_L001,1100022129,NBC.LAB.10689,UPG-EG22-S099,Agung/Masdar,22.08.2022,Indonesia,,Padjenekang,Spermonde Archipelago,1551,C,E07,TM018,16.9,rubble,substrate,sample,
e1100022141_NBCLAB10690.C_UPG.EG22.S100_TM018_D8_F07_DiatomPool_102189.1301_AGTGTCGCGATTGTTCGTGT_L001,1100022141,NBC.LAB.10690,UPG-EG22-S100,Agung/Masdar,22.08.2022,Indonesia,,Padjenekang,Spermonde Archipelago,1551,C,F07,TM018,19.5,rubble + sand,substrate,sample,
e1100022153_NBCLAB10691.C_UPG.EG22.S101_TM018_D8_G07_DiatomPool_102189.1302_AGTGTCGCGAACGGACTGAG_L001,1100022153,NBC.LAB.10691,UPG-EG22-S101,Elsa Girard,22.08.2022,Indonesia,,Padjenekang,Spermonde Archipelago,1551,C,G07,TM018,RF1,rubble + sand,substrate,sample,
e1100022165_NBCLAB10692.C_UPG.EG22.S102_TM018_D8_H07_DiatomPool_102189.1303_AGTGTCGCGACACCGTCATA_L001,1100022165,NBC.LAB.10692,UPG-EG22-S102,Agung/Masdar,22.08.2022,Indonesia,,Padjenekang,Spermonde Archipelago,1551,C,H07,TM018,13.6,rubble + algae,substrate,sample,
e1100022082_NBCLAB10693.C_UPG.EG22.S103_TM018_D8_A08_DiatomPool_102189.1304_TCGATCTCCAAAGATCGGAT_L001,1100022082,NBC.LAB.10693,UPG-EG22-S103,Elsa Girard,22.08.2022,Indonesia,,Padjenekang,Spermonde Archipelago,1551,C,A08,TM018,RF3,rubble + algae,substrate,sample,
e1100022094_NBCLAB10694.C_UPG.EG22.S104_TM018_D8_B08_DiatomPool_102189.1305_TCGATCTCCATTAACGTCCG_L001,1100022094,NBC.LAB.10694,UPG-EG22-S104,Agung/Masdar,22.08.2022,Indonesia,,Padjenekang,Spermonde Archipelago,1551,C,B08,TM018,25.6,sand,substrate,sample,
e1100022106_NBCLAB10695.C_UPG.EG22.S106_TM018_D8_C08_DiatomPool_102189.1306_TCGATCTCCAATTACCGATC_L001,1100022106,NBC.LAB.10695,UPG-EG22-S106,Elsa Girard,22.08.2022,Indonesia,,Padjenekang,Spermonde Archipelago,1551,C,C08,TM018,RF2,rubble + algae,substrate,sample,
e1100022118_NBCLAB10696.C_UPG.EG22.S107_TM018_D8_D08_DiatomPool_102189.1307_TCGATCTCCAGTTGCATCGT_L001,1100022118,NBC.LAB.10696,UPG-EG22-S107,Agung/Masdar,22.08.2022,Indonesia,,Padjenekang,Spermonde Archipelago,1551,C,D08,TM018,10,rubble + algae,substrate,sample,
e1100022130_NBCLAB10697.C_UPG.EG22.S108_TM018_D8_E08_DiatomPool_102189.1308_TCGATCTCCAACTGGACGTT_L001,1100022130,NBC.LAB.10697,UPG-EG22-S108,Agung/Masdar,22.08.2022,Indonesia,,Padjenekang,Spermonde Archipelago,1551,C,E08,TM018,3.5,rubble + algae,substrate,sample,
e1100022142_NBCLAB10698.C_UPG.EG22.S109_TM018_D8_F08_DiatomPool_102189.1309_TCGATCTCCATTGTTCGTGT_L001,1100022142,NBC.LAB.10698,UPG-EG22-S109,Agung/Masdar,22.08.2022,Indonesia,,Padjenekang,Spermonde Archipelago,1551,C,F08,TM018,22.6,rubble,substrate,sample,
e1100022105_NBCLAB10687.C_UPG.EG22.S121_TM018_D8_C07_DiatomPool_102189.1298_AGTGTCGCGAATTACCGATC_L001,1100022105,NBC.LAB.10687,UPG-EG22-S121,Agung/Masdar,20.08.2022,Indonesia,,Polewali,Spermonde Archipelago,1551,C,C07,TM018,8.4,rubble + seagrass,substrate,sample,
e1100013808_NBCLAB10953_UPG.EG22.W003_SV023_B2_G08_DiatomPool_102189.62_GTTGTTACCTCGCCTTATAT_L001,1100013808,NBC.LAB.10953,UPG-EG22-W003,Elsa Girard,01.08.2022,Indonesia,Sulawesi,Langkai,Spermonde Archipelago,1497,C,G08,SV023,RF3,seawater,seawater,sample,50 mL seawater filtered through 0.2 um filter
e1100013820_NBCLAB10954_UPG.EG22.W006_SV023_B2_H08_DiatomPool_102189.63_GTTGTTACCTGCACGATGCT_L001,1100013820,NBC.LAB.10954,UPG-EG22-W006,Elsa Girard,01.08.2022,Indonesia,Sulawesi,Langkai,Spermonde Archipelago,1497,C,H08,SV023,RF2,seawater,seawater,sample,50 mL seawater filtered through 0.2 um filter
e1100013737_NBCLAB10955_UPG.EG22.W009_SV023_B2_A09_DiatomPool_102189.64_ACGAAGTGCGGTCGTGAATC_L001,1100013737,NBC.LAB.10955,UPG-EG22-W009,Agung/Masdar,01.08.2022,Indonesia,Sulawesi,Langkai,Spermonde Archipelago,1497,C,A09,SV023,19.1,seawater,seawater,sample,50 mL seawater filtered through 0.2 um filter
e1100013749_NBCLAB10956_UPG.EG22.W012_SV023_B2_B09_DiatomPool_102189.65_ACGAAGTGCGCTGTTCTACG_L001,1100013749,NBC.LAB.10956,UPG-EG22-W012,Agung/Masdar,01.08.2022,Indonesia,Sulawesi,Langkai,Spermonde Archipelago,1497,C,B09,SV023,17.3,seawater,seawater,sample,50 mL seawater filtered through 0.2 um filter
e1100013609_NBCLAB10705_UPG.EG22.W019_SV017_B6_G01_DiatomPool_102189.774_GACCAAGTTATCAGCATCCG_L001,1100013609,NBC.LAB.10705,UPG-EG22-W019,Agung/Masdar,01.08.2022,Indonesia,Sulawesi,Langkai,Spermonde Archipelago,1495,C,G01,SV017,15.3,seawater,seawater,sample,50 mL seawater filtered through 0.2 um filter
e1100013785_NBCLAB10959_UPG.EG22.W021_SV023_B2_E09_DiatomPool_102189.68_ACGAAGTGCGCACTTAGGTA_L001,1100013785,NBC.LAB.10959,UPG-EG22-W021,Agung/Masdar,01.08.2022,Indonesia,Sulawesi,Langkai,Spermonde Archipelago,1497,C,E09,SV023,10.1,seawater,seawater,sample,50 mL seawater filtered through 0.2 um filter
e1100013709_NBCLAB10833_UPG.EG22.W023_SV016_B4_G05_DiatomPool_102189.422_TGACCTGCTGCATTATGCCT_L001,1100013709,NBC.LAB.10833,UPG-EG22-W023,Agung/Masdar,01.08.2022,Indonesia,Sulawesi,Langkai,Spermonde Archipelago,1496,C,G05,SV016,7.8,seawater,seawater,sample,50 mL seawater filtered through 0.2 um filter
e1100013797_NBCLAB10960_UPG.EG22.W024_SV023_B2_F09_DiatomPool_102189.69_ACGAAGTGCGATAGGTAAGG_L001,1100013797,NBC.LAB.10960,UPG-EG22-W024,Agung/Masdar,01.08.2022,Indonesia,Sulawesi,Langkai,Spermonde Archipelago,1497,C,F09,SV023,12.8,seawater,seawater,sample,50 mL seawater filtered through 0.2 um filter
e1100013809_NBCLAB10961_UPG.EG22.W027_SV023_B2_G09_DiatomPool_102189.70_ACGAAGTGCGCGCCTTATAT_L001,1100013809,NBC.LAB.10961,UPG-EG22-W027,Agung/Masdar,01.08.2022,Indonesia,Sulawesi,Langkai,Spermonde Archipelago,1497,C,G09,SV023,4.9,seawater,seawater,sample,50 mL seawater filtered through 0.2 um filter
e1100013738_NBCLAB10963_UPG.EG22.W030_SV023_B2_A10_DiatomPool_102189.72_GAATAGCAAGGTCGTGAATC_L001,1100013738,NBC.LAB.10963,UPG-EG22-W030,Elsa Girard,01.08.2022,Indonesia,Sulawesi,Langkai,Spermonde Archipelago,1497,C,A10,SV023,RF1,seawater,seawater,sample,50 mL seawater filtered through 0.2 um filter
e1100013750_NBCLAB10964_UPG.EG22.W033_SV023_B2_B10_DiatomPool_102189.73_GAATAGCAAGCTGTTCTACG_L001,1100013750,NBC.LAB.10964,UPG-EG22-W033,Agung/Masdar,02.08.2022,Indonesia,Sulawesi,Samalona,Spermonde Archipelago,1497,C,B10,SV023,22.2,seawater,seawater,sample,50 mL seawater filtered through 0.2 um filter
e1100013762_NBCLAB10965_UPG.EG22.W036_SV023_B2_C10_DiatomPool_102189.74_GAATAGCAAGGCTCTTAGGT_L001,1100013762,NBC.LAB.10965,UPG-EG22-W036,Agung/Masdar,02.08.2022,Indonesia,Sulawesi,Samalona,Spermonde Archipelago,1497,C,C10,SV023,19.5,seawater,seawater,sample,50 mL seawater filtered through 0.2 um filter
e1100013774_NBCLAB10966_UPG.EG22.W039_SV023_B2_D10_DiatomPool_102189.75_GAATAGCAAGTAGAAGCCAT_L001,1100013774,NBC.LAB.10966,UPG-EG22-W039,Agung/Masdar,02.08.2022,Indonesia,Sulawesi,Samalona,Spermonde Archipelago,1497,C,D10,SV023,16.5,seawater,seawater,sample,50 mL seawater filtered through 0.2 um filter
e1100013786_NBCLAB10967_UPG.EG22.W042_SV023_B2_E10_DiatomPool_102189.76_GAATAGCAAGCACTTAGGTA_L001,1100013786,NBC.LAB.10967,UPG-EG22-W042,Agung/Masdar,02.08.2022,Indonesia,Sulawesi,Samalona,Spermonde Archipelago,1497,C,E10,SV023,13,seawater,seawater,sample,50 mL seawater filtered through 0.2 um filter
e1100013798_NBCLAB10968_UPG.EG22.W045_SV023_B2_F10_DiatomPool_102189.77_GAATAGCAAGATAGGTAAGG_L001,1100013798,NBC.LAB.10968,UPG-EG22-W045,Agung/Masdar,02.08.2022,Indonesia,Sulawesi,Samalona,Spermonde Archipelago,1497,C,F10,SV023,9.8,seawater,seawater,sample,50 mL seawater filtered through 0.2 um filter
e1100013810_NBCLAB10969_UPG.EG22.W048_SV023_B2_G10_DiatomPool_102189.78_GAATAGCAAGCGCCTTATAT_L001,1100013810,NBC.LAB.10969,UPG-EG22-W048,Agung/Masdar,02.08.2022,Indonesia,Sulawesi,Samalona,Spermonde Archipelago,1497,C,G10,SV023,7.5,seawater,seawater,sample,50 mL seawater filtered through 0.2 um filter
e1100013822_NBCLAB10970_UPG.EG22.W051_SV023_B2_H10_DiatomPool_102189.79_GAATAGCAAGGCACGATGCT_L001,1100013822,NBC.LAB.10970,UPG-EG22-W051,Agung/Masdar,02.08.2022,Indonesia,Sulawesi,Samalona,Spermonde Archipelago,1497,C,H10,SV023,4.7,seawater,seawater,sample,50 mL seawater filtered through 0.2 um filter
e1100013739_NBCLAB10971_UPG.EG22.W054_SV023_B2_A11_DiatomPool_102189.80_CCTGGTGAGAGTCGTGAATC_L001,1100013739,NBC.LAB.10971,UPG-EG22-W054,Elsa Girard,02.08.2022,Indonesia,Sulawesi,Samalona,Spermonde Archipelago,1497,C,A11,SV023,RF1,seawater,seawater,sample,50 mL seawater filtered through 0.2 um filter
e1100013751_NBCLAB10972_UPG.EG22.W057_SV023_B2_B11_DiatomPool_102189.81_CCTGGTGAGACTGTTCTACG_L001,1100013751,NBC.LAB.10972,UPG-EG22-W057,Elsa Girard,02.08.2022,Indonesia,Sulawesi,Samalona,Spermonde Archipelago,1497,C,B11,SV023,RF2,seawater,seawater,sample,50 mL seawater filtered through 0.2 um filter
e1100013763_NBCLAB10973_UPG.EG22.W060_SV023_B2_C11_DiatomPool_102189.82_CCTGGTGAGAGCTCTTAGGT_L001,1100013763,NBC.LAB.10973,UPG-EG22-W060,Elsa Girard,02.08.2022,Indonesia,Sulawesi,Samalona,Spermonde Archipelago,1497,C,C11,SV023,RF3,seawater,seawater,sample,50 mL seawater filtered through 0.2 um filter
e1100013775_NBCLAB10974_UPG.EG22.W063_SV023_B2_D11_DiatomPool_102189.83_CCTGGTGAGATAGAAGCCAT_L001,1100013775,NBC.LAB.10974,UPG-EG22-W063,Elsa Girard,03.08.2022,Indonesia,Sulawesi,Badi,Spermonde Archipelago,1497,C,D11,SV023,RF1,seawater,seawater,sample,50 mL seawater filtered through 0.2 um filter
e1100013787_NBCLAB10975_UPG.EG22.W066_SV023_B2_E11_DiatomPool_102189.84_CCTGGTGAGACACTTAGGTA_L001,1100013787,NBC.LAB.10975,UPG-EG22-W066,Elsa Girard,03.08.2022,Indonesia,Sulawesi,Badi,Spermonde Archipelago,1497,C,E11,SV023,RF2,seawater,seawater,sample,50 mL seawater filtered through 0.2 um filter
e1100013799_NBCLAB10976_UPG.EG22.W069_SV023_B2_F11_DiatomPool_102189.85_CCTGGTGAGAATAGGTAAGG_L001,1100013799,NBC.LAB.10976,UPG-EG22-W069,Elsa Girard,03.08.2022,Indonesia,Sulawesi,Badi,Spermonde Archipelago,1497,C,F11,SV023,RF3,seawater,seawater,sample,50 mL seawater filtered through 0.2 um filter
e1100013811_NBCLAB10977_UPG.EG22.W072_SV023_B2_G11_DiatomPool_102189.86_CCTGGTGAGACGCCTTATAT_L001,1100013811,NBC.LAB.10977,UPG-EG22-W072,Agung/Supa,03.08.2022,Indonesia,Sulawesi,Badi,Spermonde Archipelago,1497,C,G11,SV023,30.5,seawater,seawater,sample,50 mL seawater filtered through 0.2 um filter
e1100013823_NBCLAB10978_UPG.EG22.W075_SV023_B2_H11_DiatomPool_102189.87_CCTGGTGAGAGCACGATGCT_L001,1100013823,NBC.LAB.10978,UPG-EG22-W075,Agung/Supa,03.08.2022,Indonesia,Sulawesi,Badi,Spermonde Archipelago,1497,C,H11,SV023,27.4,seawater,seawater,sample,50 mL seawater filtered through 0.2 um filter
e1100013740_NBCLAB10979_UPG.EG22.W078_SV023_B2_A12_DiatomPool_102189.88_ACGTGAGGAAGTCGTGAATC_L001,1100013740,NBC.LAB.10979,UPG-EG22-W078,Agung/Supa,03.08.2022,Indonesia,Sulawesi,Badi,Spermonde Archipelago,1497,C,A12,SV023,24.5,seawater,seawater,sample,50 mL seawater filtered through 0.2 um filter
e1100013752_NBCLAB10980_UPG.EG22.W081_SV023_B2_B12_DiatomPool_102189.89_ACGTGAGGAACTGTTCTACG_L001,1100013752,NBC.LAB.10980,UPG-EG22-W081,Agung/Supa,03.08.2022,Indonesia,Sulawesi,Badi,Spermonde Archipelago,1497,C,B12,SV023,21.7,seawater,seawater,sample,50 mL seawater filtered through 0.2 um filter
e1100013764_NBCLAB10981_UPG.EG22.W084_SV023_B2_C12_DiatomPool_102189.90_ACGTGAGGAAGCTCTTAGGT_L001,1100013764,NBC.LAB.10981,UPG-EG22-W084,Agung/Supa,03.08.2022,Indonesia,Sulawesi,Badi,Spermonde Archipelago,1497,C,C12,SV023,17.4,seawater,seawater,sample,50 mL seawater filtered through 0.2 um filter
e1100013776_NBCLAB10982_UPG.EG22.W087_SV023_B2_D12_DiatomPool_102189.91_ACGTGAGGAATAGAAGCCAT_L001,1100013776,NBC.LAB.10982,UPG-EG22-W087,Agung/Supa,03.08.2022,Indonesia,Sulawesi,Badi,Spermonde Archipelago,1497,C,D12,SV023,14.6,seawater,seawater,sample,50 mL seawater filtered through 0.2 um filter
e1100013788_NBCLAB10983_UPG.EG22.W090_SV023_B2_E12_DiatomPool_102189.92_ACGTGAGGAACACTTAGGTA_L001,1100013788,NBC.LAB.10983,UPG-EG22-W090,Agung/Supa,03.08.2022,Indonesia,Sulawesi,Badi,Spermonde Archipelago,1497,C,E12,SV023,11.3,seawater,seawater,sample,50 mL seawater filtered through 0.2 um filter
e1100013800_NBCLAB10984_UPG.EG22.W093_SV023_B2_F12_DiatomPool_102189.93_ACGTGAGGAAATAGGTAAGG_L001,1100013800,NBC.LAB.10984,UPG-EG22-W093,Agung/Supa,03.08.2022,Indonesia,Sulawesi,Badi,Spermonde Archipelago,1497,C,F12,SV023,8.1,seawater,seawater,sample,50 mL seawater filtered through 0.2 um filter
e1100013812_NBCLAB10985_UPG.EG22.W096_SV023_B2_G12_DiatomPool_102189.94_ACGTGAGGAACGCCTTATAT_L001,1100013812,NBC.LAB.10985,UPG-EG22-W096,Agung/Supa,03.08.2022,Indonesia,Sulawesi,Badi,Spermonde Archipelago,1497,C,G12,SV023,5.5,seawater,seawater,sample,50 mL seawater filtered through 0.2 um filter
e1100013921_NBCLAB10987_UPG.EG22.W099_SV018_B8_A01_DiatomPool_102189.1152_GACCAAGTTAAAGATCGGAT_L001,1100013921,NBC.LAB.10987,UPG-EG22-W099,Agung/Supa,03.08.2022,Indonesia,Sulawesi,Badi,Spermonde Archipelago,1499,C,A01,SV018,2.5,seawater,seawater,sample,50 mL seawater filtered through 0.2 um filter
e1100013933_NBCLAB10988_UPG.EG22.W102_SV018_B8_B01_DiatomPool_102189.1153_GACCAAGTTATTAACGTCCG_L001,1100013933,NBC.LAB.10988,UPG-EG22-W102,NEGATIVE,01.08.2022,Indonesia,Sulawesi,Langkai,Spermonde Archipelago,1499,C,B01,SV018,NEGATIVE,negative,filtered seawater,NEGATIVE Langkai,50 mL seawater filtered through 0.2 um filter - filtered 04.08.2022
e1100013945_NBCLAB10989_UPG.EG22.W105_SV018_B8_C01_DiatomPool_102189.1154_GACCAAGTTAATTACCGATC_L001,1100013945,NBC.LAB.10989,UPG-EG22-W105,NEGATIVE,02.08.2022,Indonesia,Sulawesi,Samalona,Spermonde Archipelago,1499,C,C01,SV018,NEGATIVE,negative,filtered seawater,NEGATIVE Samalona,50 mL seawater filtered through 0.2 um filter - filtered 04.08.2022
e1100013957_NBCLAB10990_UPG.EG22.W108_SV018_B8_D01_DiatomPool_102189.1155_GACCAAGTTAGTTGCATCGT_L001,1100013957,NBC.LAB.10990,UPG-EG22-W108,NEGATIVE,03.08.2022,Indonesia,Sulawesi,Badi,Spermonde Archipelago,1499,C,D01,SV018,NEGATIVE,negative,filtered seawater,NEGATIVE Badi,50 mL seawater filtered through 0.2 um filter - filtered 04.08.2022
e1100013969_NBCLAB10991_UPG.EG22.W111_SV018_B8_E01_DiatomPool_102189.1156_GACCAAGTTAACTGGACGTT_L001,1100013969,NBC.LAB.10991,UPG-EG22-W111,Agung/Masdar,05.08.2022,Indonesia,Sulawesi,K. Keke,Spermonde Archipelago,1499,C,E01,SV018,20.1,seawater,seawater,sample,50 mL seawater filtered through 0.2 um filter
e1100013981_NBCLAB10992_UPG.EG22.W114_SV018_B8_F01_DiatomPool_102189.1157_GACCAAGTTATTGTTCGTGT_L001,1100013981,NBC.LAB.10992,UPG-EG22-W114,Agung/Masdar,05.08.2022,Indonesia,Sulawesi,K. Keke,Spermonde Archipelago,1499,C,F01,SV018,17.5,seawater,seawater,sample,50 mL seawater filtered through 0.2 um filter
e1100013993_NBCLAB10993_UPG.EG22.W117_SV018_B8_G01_DiatomPool_102189.1158_GACCAAGTTAACGGACTGAG_L001,1100013993,NBC.LAB.10993,UPG-EG22-W117,Agung/Masdar,05.08.2022,Indonesia,Sulawesi,K. Keke,Spermonde Archipelago,1499,C,G01,SV018,14.7,seawater,seawater,sample,50 mL seawater filtered through 0.2 um filter
e1100014005_NBCLAB10994_UPG.EG22.W120_SV018_B8_H01_DiatomPool_102189.1159_GACCAAGTTACACCGTCATA_L001,1100014005,NBC.LAB.10994,UPG-EG22-W120,Agung/Masdar,05.08.2022,Indonesia,Sulawesi,K. Keke,Spermonde Archipelago,1499,C,H01,SV018,11.8,seawater,seawater,sample,50 mL seawater filtered through 0.2 um filter
e1100013922_NBCLAB10995_UPG.EG22.W123_SV018_B8_A02_DiatomPool_102189.1160_CTCCGCTTATAAGATCGGAT_L001,1100013922,NBC.LAB.10995,UPG-EG22-W123,Agung/Masdar,05.08.2022,Indonesia,Sulawesi,K. Keke,Spermonde Archipelago,1499,C,A02,SV018,8.3,seawater,seawater,sample,50 mL seawater filtered through 0.2 um filter
e1100013934_NBCLAB10996_UPG.EG22.W126_SV018_B8_B02_DiatomPool_102189.1161_CTCCGCTTATTTAACGTCCG_L001,1100013934,NBC.LAB.10996,UPG-EG22-W126,Agung/Masdar,05.08.2022,Indonesia,Sulawesi,K. Keke,Spermonde Archipelago,1499,C,B02,SV018,5.6,seawater,seawater,sample,50 mL seawater filtered through 0.2 um filter
e1100013946_NBCLAB10997_UPG.EG22.W129_SV018_B8_C02_DiatomPool_102189.1162_CTCCGCTTATATTACCGATC_L001,1100013946,NBC.LAB.10997,UPG-EG22-W129,Agung/Masdar,05.08.2022,Indonesia,Sulawesi,K. Keke,Spermonde Archipelago,1499,C,C02,SV018,2.7,seawater,seawater,sample,50 mL seawater filtered through 0.2 um filter
e1100013958_NBCLAB10998_UPG.EG22.W132_SV018_B8_D02_DiatomPool_102189.1163_CTCCGCTTATGTTGCATCGT_L001,1100013958,NBC.LAB.10998,UPG-EG22-W132,Elsa Girard,05.08.2022,Indonesia,Sulawesi,K. Keke,Spermonde Archipelago,1499,C,D02,SV018,RF1,seawater,seawater,sample,50 mL seawater filtered through 0.2 um filter
e1100013970_NBCLAB10999_UPG.EG22.W135_SV018_B8_E02_DiatomPool_102189.1164_CTCCGCTTATACTGGACGTT_L001,1100013970,NBC.LAB.10999,UPG-EG22-W135,Elsa Girard,05.08.2022,Indonesia,Sulawesi,K. Keke,Spermonde Archipelago,1499,C,E02,SV018,RF2,seawater,seawater,sample,50 mL seawater filtered through 0.2 um filter
e1100013982_NBCLAB11000_UPG.EG22.W138_SV018_B8_F02_DiatomPool_102189.1165_CTCCGCTTATTTGTTCGTGT_L001,1100013982,NBC.LAB.11000,UPG-EG22-W138,Elsa Girard,05.08.2022,Indonesia,Sulawesi,K. Keke,Spermonde Archipelago,1499,C,F02,SV018,RF3,seawater,seawater,sample,50 mL seawater filtered through 0.2 um filter
e1100013994_NBCLAB11001_UPG.EG22.W141_SV018_B8_G02_DiatomPool_102189.1166_CTCCGCTTATACGGACTGAG_L001,1100013994,NBC.LAB.11001,UPG-EG22-W141,Agung/Masdar,06.08.2022,Indonesia,Sulawesi,Langkadea,Spermonde Archipelago,1499,C,G02,SV018,14.7,seawater,seawater,sample,50 mL seawater filtered through 0.2 um filter
e1100014006_NBCLAB11002_UPG.EG22.W144_SV018_B8_H02_DiatomPool_102189.1167_CTCCGCTTATCACCGTCATA_L001,1100014006,NBC.LAB.11002,UPG-EG22-W144,Agung/Masdar,06.08.2022,Indonesia,Sulawesi,Langkadea,Spermonde Archipelago,1499,C,H02,SV018,11.9,seawater,seawater,sample,50 mL seawater filtered through 0.2 um filter
e1100013923_NBCLAB11003_UPG.EG22.W147_SV018_B8_A03_DiatomPool_102189.1168_ATTAAGGTCGAAGATCGGAT_L001,1100013923,NBC.LAB.11003,UPG-EG22-W147,Agung/Masdar,06.08.2022,Indonesia,Sulawesi,Langkadea,Spermonde Archipelago,1499,C,A03,SV018,8.9,seawater,seawater,sample,50 mL seawater filtered through 0.2 um filter
e1100013935_NBCLAB11004_UPG.EG22.W150_SV018_B8_B03_DiatomPool_102189.1169_ATTAAGGTCGTTAACGTCCG_L001,1100013935,NBC.LAB.11004,UPG-EG22-W150,Agung/Masdar,06.08.2022,Indonesia,Sulawesi,Langkadea,Spermonde Archipelago,1499,C,B03,SV018,5.6,seawater,seawater,sample,50 mL seawater filtered through 0.2 um filter
e1100013947_NBCLAB11005_UPG.EG22.W153_SV018_B8_C03_DiatomPool_102189.1170_ATTAAGGTCGATTACCGATC_L001,1100013947,NBC.LAB.11005,UPG-EG22-W153,Agung/Masdar,06.08.2022,Indonesia,Sulawesi,Langkadea,Spermonde Archipelago,1499,C,C03,SV018,3.3,seawater,seawater,sample,50 mL seawater filtered through 0.2 um filter
e1100013959_NBCLAB11006_UPG.EG22.W156_SV018_B8_D03_DiatomPool_102189.1171_ATTAAGGTCGGTTGCATCGT_L001,1100013959,NBC.LAB.11006,UPG-EG22-W156,Elsa Girard,06.08.2022,Indonesia,Sulawesi,Langkadea,Spermonde Archipelago,1499,C,D03,SV018,RF1,seawater,seawater,sample,50 mL seawater filtered through 0.2 um filter
e1100013971_NBCLAB11007_UPG.EG22.W159_SV018_B8_E03_DiatomPool_102189.1172_ATTAAGGTCGACTGGACGTT_L001,1100013971,NBC.LAB.11007,UPG-EG22-W159,Elsa Girard,06.08.2022,Indonesia,Sulawesi,Langkadea,Spermonde Archipelago,1499,C,E03,SV018,RF2,seawater,seawater,sample,50 mL seawater filtered through 0.2 um filter
e1100013983_NBCLAB11008_UPG.EG22.W162_SV018_B8_F03_DiatomPool_102189.1173_ATTAAGGTCGTTGTTCGTGT_L001,1100013983,NBC.LAB.11008,UPG-EG22-W162,Elsa Girard,06.08.2022,Indonesia,Sulawesi,Langkadea,Spermonde Archipelago,1499,C,F03,SV018,RF3,seawater,seawater,sample,50 mL seawater filtered through 0.2 um filter
e1100013995_NBCLAB11009_UPG.EG22.W165_SV018_B8_G03_DiatomPool_102189.1174_ATTAAGGTCGACGGACTGAG_L001,1100013995,NBC.LAB.11009,UPG-EG22-W165,Elsa Girard,07.08.2022,Indonesia,Sulawesi,Karanrang,Spermonde Archipelago,1499,C,G03,SV018,RF1,seawater,seawater,sample,50 mL seawater filtered through 0.2 um filter
e1100013924_NBCLAB11011_UPG.EG22.W168_SV018_B8_A04_DiatomPool_102189.1176_GTGGCAACATAAGATCGGAT_L001,1100013924,NBC.LAB.11011,UPG-EG22-W168,Elsa Girard,07.08.2022,Indonesia,Sulawesi,Karanrang,Spermonde Archipelago,1499,C,A04,SV018,RF2,seawater,seawater,sample,50 mL seawater filtered through 0.2 um filter
e1100013936_NBCLAB11012_UPG.EG22.W171_SV018_B8_B04_DiatomPool_102189.1177_GTGGCAACATTTAACGTCCG_L001,1100013936,NBC.LAB.11012,UPG-EG22-W171,Elsa Girard,07.08.2022,Indonesia,Sulawesi,Karanrang,Spermonde Archipelago,1499,C,B04,SV018,RF3,seawater,seawater,sample,50 mL seawater filtered through 0.2 um filter
e1100013948_NBCLAB11013_UPG.EG22.W174_SV018_B8_C04_DiatomPool_102189.1178_GTGGCAACATATTACCGATC_L001,1100013948,NBC.LAB.11013,UPG-EG22-W174,Agung/Masdar,07.08.2022,Indonesia,Sulawesi,Karanrang,Spermonde Archipelago,1499,C,C04,SV018,15.9,seawater,seawater,sample,50 mL seawater filtered through 0.2 um filter
e1100013960_NBCLAB11014_UPG.EG22.W177_SV018_B8_D04_DiatomPool_102189.1179_GTGGCAACATGTTGCATCGT_L001,1100013960,NBC.LAB.11014,UPG-EG22-W177,Agung/Masdar,07.08.2022,Indonesia,Sulawesi,Karanrang,Spermonde Archipelago,1499,C,D04,SV018,12.9,seawater,seawater,sample,50 mL seawater filtered through 0.2 um filter
e1100013972_NBCLAB11015_UPG.EG22.W180_SV018_B8_E04_DiatomPool_102189.1180_GTGGCAACATACTGGACGTT_L001,1100013972,NBC.LAB.11015,UPG-EG22-W180,Agung/Masdar,07.08.2022,Indonesia,Sulawesi,Karanrang,Spermonde Archipelago,1499,C,E04,SV018,9.7,seawater,seawater,sample,50 mL seawater filtered through 0.2 um filter
e1100013984_NBCLAB11016_UPG.EG22.W183_SV018_B8_F04_DiatomPool_102189.1181_GTGGCAACATTTGTTCGTGT_L001,1100013984,NBC.LAB.11016,UPG-EG22-W183,Agung/Masdar,07.08.2022,Indonesia,Sulawesi,Karanrang,Spermonde Archipelago,1499,C,F04,SV018,6.5,seawater,seawater,sample,50 mL seawater filtered through 0.2 um filter
e1100013996_NBCLAB11017_UPG.EG22.W186_SV018_B8_G04_DiatomPool_102189.1182_GTGGCAACATACGGACTGAG_L001,1100013996,NBC.LAB.11017,UPG-EG22-W186,Agung/Masdar,07.08.2022,Indonesia,Sulawesi,Karanrang,Spermonde Archipelago,1499,C,G04,SV018,3.5,seawater,seawater,sample,50 mL seawater filtered through 0.2 um filter
e1100014008_NBCLAB11018_UPG.EG22.W189_SV018_B8_H04_DiatomPool_102189.1183_GTGGCAACATCACCGTCATA_L001,1100014008,NBC.LAB.11018,UPG-EG22-W189,Elsa Girard,08.08.2022,Indonesia,Sulawesi,Barang Baringan,Spermonde Archipelago,1499,C,H04,SV018,RF1,seawater,seawater,sample,50 mL seawater filtered through 0.2 um filter
e1100013925_NBCLAB11019_UPG.EG22.W192_SV018_B8_A05_DiatomPool_102189.1184_TGACCTGCTGAAGATCGGAT_L001,1100013925,NBC.LAB.11019,UPG-EG22-W192,Elsa Girard,08.08.2022,Indonesia,Sulawesi,Barang Baringan,Spermonde Archipelago,1499,C,A05,SV018,RF2,seawater,seawater,sample,50 mL seawater filtered through 0.2 um filter
e1100013937_NBCLAB11020_UPG.EG22.W195_SV018_B8_B05_DiatomPool_102189.1185_TGACCTGCTGTTAACGTCCG_L001,1100013937,NBC.LAB.11020,UPG-EG22-W195,Elsa Girard,08.08.2022,Indonesia,Sulawesi,Barang Baringan,Spermonde Archipelago,1499,C,B05,SV018,RF3,seawater,seawater,sample,50 mL seawater filtered through 0.2 um filter
e1100013949_NBCLAB11021_UPG.EG22.W198_SV018_B8_C05_DiatomPool_102189.1186_TGACCTGCTGATTACCGATC_L001,1100013949,NBC.LAB.11021,UPG-EG22-W198,Agung/Masdar,08.08.2022,Indonesia,Sulawesi,Barang Baringan,Spermonde Archipelago,1499,C,C05,SV018,6.2,seawater,seawater,sample,50 mL seawater filtered through 0.2 um filter
e1100013961_NBCLAB11022_UPG.EG22.W201_SV018_B8_D05_DiatomPool_102189.1187_TGACCTGCTGGTTGCATCGT_L001,1100013961,NBC.LAB.11022,UPG-EG22-W201,Agung/Masdar,08.08.2022,Indonesia,Sulawesi,Barang Baringan,Spermonde Archipelago,1499,C,D05,SV018,3.9,seawater,seawater,sample,50 mL seawater filtered through 0.2 um filter
e1100013973_NBCLAB11023_UPG.EG22.W204_SV018_B8_E05_DiatomPool_102189.1188_TGACCTGCTGACTGGACGTT_L001,1100013973,NBC.LAB.11023,UPG-EG22-W204,NEGATIVE,05.08.2022,Indonesia,Sulawesi,K. Keke,Spermonde Archipelago,1499,C,E05,SV018,NEGATIVE,negative,filtered seawater,NEGATIVE K. Keke,50 mL seawater filtered through 0.2 um filter - filtered 08.08.2022
e1100013985_NBCLAB11024_UPG.EG22.W207_SV018_B8_F05_DiatomPool_102189.1189_TGACCTGCTGTTGTTCGTGT_L001,1100013985,NBC.LAB.11024,UPG-EG22-W207,NEGATIVE,06.08.2022,Indonesia,Sulawesi,Langkadea,Spermonde Archipelago,1499,C,F05,SV018,NEGATIVE,negative,filtered seawater,NEGATIVE Langkadea,50 mL seawater filtered through 0.2 um filter - filtered 08.08.2022
e1100013997_NBCLAB11025_UPG.EG22.W210_SV018_B8_G05_DiatomPool_102189.1190_TGACCTGCTGACGGACTGAG_L001,1100013997,NBC.LAB.11025,UPG-EG22-W210,NEGATIVE,07.08.2022,Indonesia,Sulawesi,Karanrang,Spermonde Archipelago,1499,C,G05,SV018,NEGATIVE,negative,filtered seawater,NEGATIVE Karanrang,50 mL seawater filtered through 0.2 um filter - filtered 08.08.2022
e1100014009_NBCLAB11026_UPG.EG22.W213_SV018_B8_H05_DiatomPool_102189.1191_TGACCTGCTGCACCGTCATA_L001,1100014009,NBC.LAB.11026,UPG-EG22-W213,NEGATIVE,08.08.2022,Indonesia,Sulawesi,Barang Baringan,Spermonde Archipelago,1499,C,H05,SV018,NEGATIVE,negative,filtered seawater,NEGATIVE Barang Baringan,50 mL seawater filtered through 0.2 um filter - filtered 08.08.2022
e1100013926_NBCLAB11027_UPG.EG22.W216_SV018_B8_A06_DiatomPool_102189.1192_CGCAGCTAGAAAGATCGGAT_L001,1100013926,NBC.LAB.11027,UPG-EG22-W216,Elsa Girard,09.08.2022,Indonesia,Sulawesi,Lae Lae,Spermonde Archipelago,1499,C,A06,SV018,RF1,seawater,seawater,sample,50 mL seawater filtered through 0.2 um filter
e1100013938_NBCLAB11028_UPG.EG22.W219_SV018_B8_B06_DiatomPool_102189.1193_CGCAGCTAGATTAACGTCCG_L001,1100013938,NBC.LAB.11028,UPG-EG22-W219,Elsa Girard,09.08.2022,Indonesia,Sulawesi,Lae Lae,Spermonde Archipelago,1499,C,B06,SV018,RF2,seawater,seawater,sample,50 mL seawater filtered through 0.2 um filter
e1100013950_NBCLAB11029_UPG.EG22.W222_SV018_B8_C06_DiatomPool_102189.1194_CGCAGCTAGAATTACCGATC_L001,1100013950,NBC.LAB.11029,UPG-EG22-W222,Elsa Girard,09.08.2022,Indonesia,Sulawesi,Lae Lae,Spermonde Archipelago,1499,C,C06,SV018,RF3,seawater,seawater,sample,50 mL seawater filtered through 0.2 um filter
e1100013962_NBCLAB11030_UPG.EG22.W225_SV018_B8_D06_DiatomPool_102189.1195_CGCAGCTAGAGTTGCATCGT_L001,1100013962,NBC.LAB.11030,UPG-EG22-W225,Agung/Masdar,09.08.2022,Indonesia,Sulawesi,Lae Lae,Spermonde Archipelago,1499,C,D06,SV018,10.7,seawater,seawater,sample,50 mL seawater filtered through 0.2 um filter
e1100013974_NBCLAB11031_UPG.EG22.W228_SV018_B8_E06_DiatomPool_102189.1196_CGCAGCTAGAACTGGACGTT_L001,1100013974,NBC.LAB.11031,UPG-EG22-W228,Agung/Masdar,09.08.2022,Indonesia,Sulawesi,Lae Lae,Spermonde Archipelago,1499,C,E06,SV018,7.7,seawater,seawater,sample,50 mL seawater filtered through 0.2 um filter
e1100013986_NBCLAB11032_UPG.EG22.W231_SV018_B8_F06_DiatomPool_102189.1197_CGCAGCTAGATTGTTCGTGT_L001,1100013986,NBC.LAB.11032,UPG-EG22-W231,Agung/Masdar,09.08.2022,Indonesia,Sulawesi,Lae Lae,Spermonde Archipelago,1499,C,F06,SV018,4.9,seawater,seawater,sample,50 mL seawater filtered through 0.2 um filter
e1100013998_NBCLAB11033_UPG.EG22.W234_SV018_B8_G06_DiatomPool_102189.1198_CGCAGCTAGAACGGACTGAG_L001,1100013998,NBC.LAB.11033,UPG-EG22-W234,NEGATIVE,09.08.2022,Indonesia,Sulawesi,Lae Lae,Spermonde Archipelago,1499,C,G06,SV018,NEGATIVE,negative,filtered seawater,NEGATIVE Lae Lae,50 mL seawater filtered through 0.2 um filter - filtered 10.08.2022
e1100013571_NBCLAB10781_UPG.EG22.W238_SV017_B6_C11_DiatomPool_102189.850_CCTGGTGAGACGAGTAATGT_L001,1100013571,NBC.LAB.10781,UPG-EG22-W238,Agung/Masdar,12.08.2022,Indonesia,Sulawesi,Kapoposang Masdar point,Spermonde Archipelago,1495,C,C11,SV017,28,seawater,seawater,sample,50 mL seawater filtered through 0.2 um filter
e1100013939_NBCLAB11036_UPG.EG22.W240_SV018_B8_B07_DiatomPool_102189.1201_ACGCTAATCTTTAACGTCCG_L001,1100013939,NBC.LAB.11036,UPG-EG22-W240,Agung/Masdar,12.08.2022,Indonesia,Sulawesi,Kapoposang Masdar point,Spermonde Archipelago,1499,C,B07,SV018,25.2,seawater,seawater,sample,50 mL seawater filtered through 0.2 um filter
e1100013951_NBCLAB11037_UPG.EG22.W243_SV018_B8_C07_DiatomPool_102189.1202_ACGCTAATCTATTACCGATC_L001,1100013951,NBC.LAB.11037,UPG-EG22-W243,Agung/Masdar,12.08.2022,Indonesia,Sulawesi,Kapoposang Masdar point,Spermonde Archipelago,1499,C,C07,SV018,21.3,seawater,seawater,sample,50 mL seawater filtered through 0.2 um filter
e1100013963_NBCLAB11038_UPG.EG22.W246_SV018_B8_D07_DiatomPool_102189.1203_ACGCTAATCTGTTGCATCGT_L001,1100013963,NBC.LAB.11038,UPG-EG22-W246,Agung/Masdar,12.08.2022,Indonesia,Sulawesi,Kapoposang Masdar point,Spermonde Archipelago,1499,C,D07,SV018,17,seawater,seawater,sample,50 mL seawater filtered through 0.2 um filter
e1100013975_NBCLAB11039_UPG.EG22.W249_SV018_B8_E07_DiatomPool_102189.1204_ACGCTAATCTACTGGACGTT_L001,1100013975,NBC.LAB.11039,UPG-EG22-W249,Agung/Masdar,12.08.2022,Indonesia,Sulawesi,Kapoposang Masdar point,Spermonde Archipelago,1499,C,E07,SV018,12,seawater,seawater,sample,50 mL seawater filtered through 0.2 um filter
e1100013987_NBCLAB11040_UPG.EG22.W252_SV018_B8_F07_DiatomPool_102189.1205_ACGCTAATCTTTGTTCGTGT_L001,1100013987,NBC.LAB.11040,UPG-EG22-W252,Agung/Masdar,12.08.2022,Indonesia,Sulawesi,Kapoposang Masdar point,Spermonde Archipelago,1499,C,F07,SV018,6.8,seawater,seawater,sample,50 mL seawater filtered through 0.2 um filter
e1100013999_NBCLAB11041_UPG.EG22.W255_SV018_B8_G07_DiatomPool_102189.1206_ACGCTAATCTACGGACTGAG_L001,1100013999,NBC.LAB.11041,UPG-EG22-W255,Agung/Masdar,12.08.2022,Indonesia,Sulawesi,Kapoposang Masdar point,Spermonde Archipelago,1499,C,G07,SV018,3.9,seawater,seawater,sample,50 mL seawater filtered through 0.2 um filter
e1100014011_NBCLAB11042_UPG.EG22.W258_SV018_B8_H07_DiatomPool_102189.1207_ACGCTAATCTCACCGTCATA_L001,1100014011,NBC.LAB.11042,UPG-EG22-W258,Elsa Girard,12.08.2022,Indonesia,Sulawesi,Kapoposang Masdar point,Spermonde Archipelago,1499,C,H07,SV018,RF1,seawater,seawater,sample,50 mL seawater filtered through 0.2 um filter
e1100013928_NBCLAB11043_UPG.EG22.W261_SV018_B8_A08_DiatomPool_102189.1208_GTTGTTACCTAAGATCGGAT_L001,1100013928,NBC.LAB.11043,UPG-EG22-W261,Elsa Girard,12.08.2022,Indonesia,Sulawesi,Kapoposang Masdar point,Spermonde Archipelago,1499,C,A08,SV018,RF2,seawater,seawater,sample,50 mL seawater filtered through 0.2 um filter
e1100013940_NBCLAB11044_UPG.EG22.W264_SV018_B8_B08_DiatomPool_102189.1209_GTTGTTACCTTTAACGTCCG_L001,1100013940,NBC.LAB.11044,UPG-EG22-W264,Elsa Girard,12.08.2022,Indonesia,Sulawesi,Kapoposang Masdar point,Spermonde Archipelago,1499,C,B08,SV018,RF3,seawater,seawater,sample,50 mL seawater filtered through 0.2 um filter
e1100013952_NBCLAB11045_UPG.EG22.W267_SV018_B8_C08_DiatomPool_102189.1210_GTTGTTACCTATTACCGATC_L001,1100013952,NBC.LAB.11045,UPG-EG22-W267,NEGATIVE,12.08.2022,Indonesia,Sulawesi,Kapoposang Masdar point,Spermonde Archipelago,1499,C,C08,SV018,NEGATIVE,negative,filtered seawater,NEGATIVE Kapoposang Masdar point,50 mL seawater filtered through 0.2 um filter - filtered 13.08.2022
e1100013964_NBCLAB11046_UPG.EG22.W270_SV018_B8_D08_DiatomPool_102189.1211_GTTGTTACCTGTTGCATCGT_L001,1100013964,NBC.LAB.11046,UPG-EG22-W270,Agung/Supa,17.08.2022,Indonesia,Sulawesi,Lumulumu,Spermonde Archipelago,1499,C,D08,SV018,25.9,seawater,seawater,sample,50 mL seawater filtered through 0.2 um filter
e1100013976_NBCLAB11047_UPG.EG22.W273_SV018_B8_E08_DiatomPool_102189.1212_GTTGTTACCTACTGGACGTT_L001,1100013976,NBC.LAB.11047,UPG-EG22-W273,Agung/Supa,17.08.2022,Indonesia,Sulawesi,Lumulumu,Spermonde Archipelago,1499,C,E08,SV018,23.2,seawater,seawater,sample,50 mL seawater filtered through 0.2 um filter
e1100013988_NBCLAB11048_UPG.EG22.W276_SV018_B8_F08_DiatomPool_102189.1213_GTTGTTACCTTTGTTCGTGT_L001,1100013988,NBC.LAB.11048,UPG-EG22-W276,Agung/Supa,17.08.2022,Indonesia,Sulawesi,Lumulumu,Spermonde Archipelago,1499,C,F08,SV018,20.2,seawater,seawater,sample,50 mL seawater filtered through 0.2 um filter
e1100014000_NBCLAB11049_UPG.EG22.W279_SV018_B8_G08_DiatomPool_102189.1214_GTTGTTACCTACGGACTGAG_L001,1100014000,NBC.LAB.11049,UPG-EG22-W279,Agung/Supa,17.08.2022,Indonesia,Sulawesi,Lumulumu,Spermonde Archipelago,1499,C,G08,SV018,17.6,seawater,seawater,sample,50 mL seawater filtered through 0.2 um filter
e1100014012_NBCLAB11050_UPG.EG22.W282_SV018_B8_H08_DiatomPool_102189.1215_GTTGTTACCTCACCGTCATA_L001,1100014012,NBC.LAB.11050,UPG-EG22-W282,Agung/Supa,17.08.2022,Indonesia,Sulawesi,Lumulumu,Spermonde Archipelago,1499,C,H08,SV018,14.8,seawater,seawater,sample,50 mL seawater filtered through 0.2 um filter
e1100013929_NBCLAB11051_UPG.EG22.W285_SV018_B8_A09_DiatomPool_102189.1216_ACGAAGTGCGAAGATCGGAT_L001,1100013929,NBC.LAB.11051,UPG-EG22-W285,Agung/Supa,17.08.2022,Indonesia,Sulawesi,Lumulumu,Spermonde Archipelago,1499,C,A09,SV018,11.4,seawater,seawater,sample,50 mL seawater filtered through 0.2 um filter
e1100013941_NBCLAB11052_UPG.EG22.W288_SV018_B8_B09_DiatomPool_102189.1217_ACGAAGTGCGTTAACGTCCG_L001,1100013941,NBC.LAB.11052,UPG-EG22-W288,Agung/Supa,17.08.2022,Indonesia,Sulawesi,Lumulumu,Spermonde Archipelago,1499,C,B09,SV018,8.7,seawater,seawater,sample,50 mL seawater filtered through 0.2 um filter
e1100013953_NBCLAB11053_UPG.EG22.W291_SV018_B8_C09_DiatomPool_102189.1218_ACGAAGTGCGATTACCGATC_L001,1100013953,NBC.LAB.11053,UPG-EG22-W291,Agung/Supa,17.08.2022,Indonesia,Sulawesi,Lumulumu,Spermonde Archipelago,1499,C,C09,SV018,6.6,seawater,seawater,sample,50 mL seawater filtered through 0.2 um filter
e1100013965_NBCLAB11054_UPG.EG22.W294_SV018_B8_D09_DiatomPool_102189.1219_ACGAAGTGCGGTTGCATCGT_L001,1100013965,NBC.LAB.11054,UPG-EG22-W294,Elsa Girard,17.08.2022,Indonesia,Sulawesi,Lumulumu,Spermonde Archipelago,1499,C,D09,SV018,RF1,seawater,seawater,sample,50 mL seawater filtered through 0.2 um filter
e1100013977_NBCLAB11055_UPG.EG22.W297_SV018_B8_E09_DiatomPool_102189.1220_ACGAAGTGCGACTGGACGTT_L001,1100013977,NBC.LAB.11055,UPG-EG22-W297,Elsa Girard,17.08.2022,Indonesia,Sulawesi,Lumulumu,Spermonde Archipelago,1499,C,E09,SV018,RF2,seawater,seawater,sample,50 mL seawater filtered through 0.2 um filter
e1100013989_NBCLAB11056_UPG.EG22.W300_SV018_B8_F09_DiatomPool_102189.1221_ACGAAGTGCGTTGTTCGTGT_L001,1100013989,NBC.LAB.11056,UPG-EG22-W300,Elsa Girard,17.08.2022,Indonesia,Sulawesi,Lumulumu,Spermonde Archipelago,1499,C,F09,SV018,RF3,seawater,seawater,sample,50 mL seawater filtered through 0.2 um filter
e1100014001_NBCLAB11057_UPG.EG22.W303_SV018_B8_G09_DiatomPool_102189.1222_ACGAAGTGCGACGGACTGAG_L001,1100014001,NBC.LAB.11057,UPG-EG22-W303,Agung/Masdar,20.08.2022,Indonesia,Sulawesi,Polewali,Spermonde Archipelago,1499,C,G09,SV018,13.9,seawater,seawater,sample,50 mL seawater filtered through 0.2 um filter
e1100013930_NBCLAB11059_UPG.EG22.W306_SV018_B8_A10_DiatomPool_102189.1224_GAATAGCAAGAAGATCGGAT_L001,1100013930,NBC.LAB.11059,UPG-EG22-W306,Agung/Masdar,20.08.2022,Indonesia,Sulawesi,Polewali,Spermonde Archipelago,1499,C,A10,SV018,11.3,seawater,seawater,sample,50 mL seawater filtered through 0.2 um filter
e1100013942_NBCLAB11060_UPG.EG22.W309_SV018_B8_B10_DiatomPool_102189.1225_GAATAGCAAGTTAACGTCCG_L001,1100013942,NBC.LAB.11060,UPG-EG22-W309,Agung/Masdar,20.08.2022,Indonesia,Sulawesi,Polewali,Spermonde Archipelago,1499,C,B10,SV018,8.4,seawater,seawater,sample,50 mL seawater filtered through 0.2 um filter
e1100013954_NBCLAB11061_UPG.EG22.W312_SV018_B8_C10_DiatomPool_102189.1226_GAATAGCAAGATTACCGATC_L001,1100013954,NBC.LAB.11061,UPG-EG22-W312,Agung/Masdar,20.08.2022,Indonesia,Sulawesi,Polewali,Spermonde Archipelago,1499,C,C10,SV018,5.2,seawater,seawater,sample,50 mL seawater filtered through 0.2 um filter
e1100013966_NBCLAB11062_UPG.EG22.W315_SV018_B8_D10_DiatomPool_102189.1227_GAATAGCAAGGTTGCATCGT_L001,1100013966,NBC.LAB.11062,UPG-EG22-W315,Elsa Girard,20.08.2022,Indonesia,Sulawesi,Polewali,Spermonde Archipelago,1499,C,D10,SV018,RF1,seawater,seawater,sample,50 mL seawater filtered through 0.2 um filter
e1100013978_NBCLAB11063_UPG.EG22.W318_SV018_B8_E10_DiatomPool_102189.1228_GAATAGCAAGACTGGACGTT_L001,1100013978,NBC.LAB.11063,UPG-EG22-W318,Elsa Girard,20.08.2022,Indonesia,Sulawesi,Polewali,Spermonde Archipelago,1499,C,E10,SV018,RF2,seawater,seawater,sample,50 mL seawater filtered through 0.2 um filter
e1100013990_NBCLAB11064_UPG.EG22.W321_SV018_B8_F10_DiatomPool_102189.1229_GAATAGCAAGTTGTTCGTGT_L001,1100013990,NBC.LAB.11064,UPG-EG22-W321,Elsa Girard,20.08.2022,Indonesia,Sulawesi,Polewali,Spermonde Archipelago,1499,C,F10,SV018,RF3,seawater,seawater,sample,50 mL seawater filtered through 0.2 um filter
e1100014002_NBCLAB11065_UPG.EG22.W324_SV018_B8_G10_DiatomPool_102189.1230_GAATAGCAAGACGGACTGAG_L001,1100014002,NBC.LAB.11065,UPG-EG22-W324,NEGATIVE,21.08.2022,Indonesia,Sulawesi,AQUA,Spermonde Archipelago,1499,C,G10,SV018,NEGATIVE,negative,AQUA bottle seawater,NEGATIVE AQUA,50 mL seawater filtered through 0.2 um filter - filtered 21.08.2022
e1100014014_NBCLAB11066_UPG.EG22.W327_SV018_B8_H10_DiatomPool_102189.1231_GAATAGCAAGCACCGTCATA_L001,1100014014,NBC.LAB.11066,UPG-EG22-W327,NEGATIVE,17.08.2022,Indonesia,Sulawesi,Lumulumu,Spermonde Archipelago,1499,C,H10,SV018,NEGATIVE,negative,filtered seawater,NEGATIVE Lumulumu,50 mL seawater filtered through 0.2 um filter - filtered 21.08.2022
e1100013931_NBCLAB11067_UPG.EG22.W330_SV018_B8_A11_DiatomPool_102189.1232_CCTGGTGAGAAAGATCGGAT_L001,1100013931,NBC.LAB.11067,UPG-EG22-W330,NEGATIVE,20.08.2022,Indonesia,Sulawesi,Polewali,Spermonde Archipelago,1499,C,A11,SV018,NEGATIVE,negative,filtered seawater,NEGATIVE Polewali,50 mL seawater filtered through 0.2 um filter - filtered 21.08.2022
e1100013955_NBCLAB11069_UPG.EG22.W336_SV018_B8_C11_DiatomPool_102189.1234_CCTGGTGAGAATTACCGATC_L001,1100013955,NBC.LAB.11069,UPG-EG22-W336,Elsa Girard,22.08.2022,Indonesia,Sulawesi,Padjenekang,Spermonde Archipelago,1499,C,C11,SV018,RF2,seawater,seawater,sample,50 mL seawater filtered through 0.2 um filter
e1100013967_NBCLAB11070_UPG.EG22.W339_SV018_B8_D11_DiatomPool_102189.1235_CCTGGTGAGAGTTGCATCGT_L001,1100013967,NBC.LAB.11070,UPG-EG22-W339,Elsa Girard,22.08.2022,Indonesia,Sulawesi,Padjenekang,Spermonde Archipelago,1499,C,D11,SV018,RF3,seawater,seawater,sample,50 mL seawater filtered through 0.2 um filter
e1100013979_NBCLAB11071_UPG.EG22.W342_SV018_B8_E11_DiatomPool_102189.1236_CCTGGTGAGAACTGGACGTT_L001,1100013979,NBC.LAB.11071,UPG-EG22-W342,Agung/Masdar,22.08.2022,Indonesia,Sulawesi,Padjenekang,Spermonde Archipelago,1499,C,E11,SV018,25.6,seawater,seawater,sample,50 mL seawater filtered through 0.2 um filter
e1100013807_NBCLAB10945_UPG.EG22.W344_SV023_B2_G07_DiatomPool_102189.54_ACGCTAATCTCGCCTTATAT_L001,1100013807,NBC.LAB.10945,UPG-EG22-W344,Agung/Masdar,22.08.2022,Indonesia,Sulawesi,Padjenekang,Spermonde Archipelago,1497,C,G07,SV023,22.6,seawater,seawater,sample,50 mL seawater filtered through 0.2 um filter
e1100013991_NBCLAB11072_UPG.EG22.W345_SV018_B8_F11_DiatomPool_102189.1237_CCTGGTGAGATTGTTCGTGT_L001,1100013991,NBC.LAB.11072,UPG-EG22-W345,Elsa Girard,22.08.2022,Indonesia,Sulawesi,Padjenekang,Spermonde Archipelago,1499,C,F11,SV018,RF1,seawater,seawater,sample,50 mL seawater filtered through 0.2 um filter
e1100014003_NBCLAB11073_UPG.EG22.W348_SV018_B8_G11_DiatomPool_102189.1238_CCTGGTGAGAACGGACTGAG_L001,1100014003,NBC.LAB.11073,UPG-EG22-W348,Agung/Masdar,22.08.2022,Indonesia,Sulawesi,Padjenekang,Spermonde Archipelago,1499,C,G11,SV018,19.5,seawater,seawater,sample,50 mL seawater filtered through 0.2 um filter
e1100014015_NBCLAB11074_UPG.EG22.W351_SV018_B8_H11_DiatomPool_102189.1239_CCTGGTGAGACACCGTCATA_L001,1100014015,NBC.LAB.11074,UPG-EG22-W351,Agung/Masdar,22.08.2022,Indonesia,Sulawesi,Padjenekang,Spermonde Archipelago,1499,C,H11,SV018,16.9,seawater,seawater,sample,50 mL seawater filtered through 0.2 um filter
e1100013932_NBCLAB11075_UPG.EG22.W354_SV018_B8_A12_DiatomPool_102189.1240_ACGTGAGGAAAAGATCGGAT_L001,1100013932,NBC.LAB.11075,UPG-EG22-W354,Agung/Masdar,22.08.2022,Indonesia,Sulawesi,Padjenekang,Spermonde Archipelago,1499,C,A12,SV018,13.6,seawater,seawater,sample,50 mL seawater filtered through 0.2 um filter
e1100013944_NBCLAB11076_UPG.EG22.W357_SV018_B8_B12_DiatomPool_102189.1241_ACGTGAGGAATTAACGTCCG_L001,1100013944,NBC.LAB.11076,UPG-EG22-W357,Agung/Masdar,22.08.2022,Indonesia,Sulawesi,Padjenekang,Spermonde Archipelago,1499,C,B12,SV018,10,seawater,seawater,sample,50 mL seawater filtered through 0.2 um filter
e1100013956_NBCLAB11077_UPG.EG22.W360_SV018_B8_C12_DiatomPool_102189.1242_ACGTGAGGAAATTACCGATC_L001,1100013956,NBC.LAB.11077,UPG-EG22-W360,Agung/Masdar,22.08.2022,Indonesia,Sulawesi,Padjenekang,Spermonde Archipelago,1499,C,C12,SV018,7.1,seawater,seawater,sample,50 mL seawater filtered through 0.2 um filter
e1100013968_NBCLAB11078_UPG.EG22.W363_SV018_B8_D12_DiatomPool_102189.1243_ACGTGAGGAAGTTGCATCGT_L001,1100013968,NBC.LAB.11078,UPG-EG22-W363,Agung/Masdar,22.08.2022,Indonesia,Sulawesi,Padjenekang,Spermonde Archipelago,1499,C,D12,SV018,3.5,seawater,seawater,sample,50 mL seawater filtered through 0.2 um filter
e1100013980_NBCLAB11079_UPG.EG22.W366_SV018_B8_E12_DiatomPool_102189.1244_ACGTGAGGAAACTGGACGTT_L001,1100013980,NBC.LAB.11079,UPG-EG22-W366,NEGATIVE,22.08.2022,Indonesia,Sulawesi,Padjenekang,Spermonde Archipelago,1499,C,E12,SV018,NEGATIVE,negative,filtered seawater,NEGATIVE Padjenekang,50 mL seawater filtered through 0.2 um filter - filtered 22.08.2022
e1100013623_NBCLAB10722_UPG.EG22.W367_SV017_B6_H03_DiatomPool_102189.791_ATTAAGGTCGTAGGTGGTGG_L001,1100013623,NBC.LAB.10722,UPG-EG22-W367,Extraction NEGATIVE,NA,NA,NA,NA,NA,1495,,H03,SV017,Extraction NEGATIVE,negative,Extraction NEGATIVE,Extraction NEGATIVE,Extraction NEGATIVE
e1100013626_NBCLAB10746_UPG.EG22.W368_SV017_B6_H06_DiatomPool_102189.815_CGCAGCTAGATAGGTGGTGG_L001,1100013626,NBC.LAB.10746,UPG-EG22-W368,Extraction NEGATIVE,NA,NA,NA,NA,NA,1495,,H06,SV017,Extraction NEGATIVE,negative,Extraction NEGATIVE,Extraction NEGATIVE,Extraction NEGATIVE
e1100013629_NBCLAB10770_UPG.EG22.W369_SV017_B6_H09_DiatomPool_102189.839_ACGAAGTGCGTAGGTGGTGG_L001,1100013629,NBC.LAB.10770,UPG-EG22-W369,Extraction NEGATIVE,NA,NA,NA,NA,NA,1495,,H09,SV017,Extraction NEGATIVE,negative,Extraction NEGATIVE,Extraction NEGATIVE,Extraction NEGATIVE
e1100013632_negcontrol__SV017_B6_H12_DiatomPool_102189.863_ACGTGAGGAATAGGTGGTGG_L001,1100013632,NBC.LAB.10794,UPG-EG22-W370,Extraction NEGATIVE,NA,NA,NA,NA,NA,1495,,H12,SV017,Extraction NEGATIVE,negative,Extraction NEGATIVE,Extraction NEGATIVE,Extraction NEGATIVE
e1100013719_NBCLAB10818_UPG.EG22.W371_SV016_B4_H03_DiatomPool_102189.407_ATTAAGGTCGTCCACTGTTG_L001,1100013719,NBC.LAB.10818,UPG-EG22-W371,Extraction NEGATIVE,NA,NA,NA,NA,NA,1496,,H03,SV016,Extraction NEGATIVE,negative,Extraction NEGATIVE,Extraction NEGATIVE,Extraction NEGATIVE
e1100013722_NBCLAB10842_UPG.EG22.W372_SV016_B4_H06_DiatomPool_102189.431_CGCAGCTAGATCCACTGTTG_L001,1100013722,NBC.LAB.10842,UPG-EG22-W372,Extraction NEGATIVE,NA,NA,NA,NA,NA,1496,,H06,SV016,Extraction NEGATIVE,negative,Extraction NEGATIVE,Extraction NEGATIVE,Extraction NEGATIVE
e1100013725_NBCLAB10866_UPG.EG22.W373_SV016_B4_H09_DiatomPool_102189.455_ACGAAGTGCGTCCACTGTTG_L001,1100013725,NBC.LAB.10866,UPG-EG22-W373,Extraction NEGATIVE,NA,NA,NA,NA,NA,1496,,H09,SV016,Extraction NEGATIVE,negative,Extraction NEGATIVE,Extraction NEGATIVE,Extraction NEGATIVE
e1100013728_negcontrol__SV016_B4_H12_DiatomPool_102189.479_ACGTGAGGAATCCACTGTTG_L001,1100013728,NBC.LAB.10890,UPG-EG22-W374,Extraction NEGATIVE,NA,NA,NA,NA,NA,1496,,H12,SV016,Extraction NEGATIVE,negative,Extraction NEGATIVE,Extraction NEGATIVE,Extraction NEGATIVE
e1100013815_NBCLAB10914_UPG.EG22.W375_SV023_B2_H03_DiatomPool_102189.23_ATTAAGGTCGGCACGATGCT_L001,1100013815,NBC.LAB.10914,UPG-EG22-W375,Extraction NEGATIVE,NA,NA,NA,NA,NA,1497,,H03,SV023,Extraction NEGATIVE,negative,Extraction NEGATIVE,Extraction NEGATIVE,Extraction NEGATIVE
e1100013818_NBCLAB10938_UPG.EG22.W376_SV023_B2_H06_DiatomPool_102189.47_CGCAGCTAGAGCACGATGCT_L001,1100013818,NBC.LAB.10938,UPG-EG22-W376,Extraction NEGATIVE,NA,NA,NA,NA,NA,1497,,H06,SV023,Extraction NEGATIVE,negative,Extraction NEGATIVE,Extraction NEGATIVE,Extraction NEGATIVE
e1100013821_NBCLAB10962_UPG.EG22.W377_SV023_B2_H09_DiatomPool_102189.71_ACGAAGTGCGGCACGATGCT_L001,1100013821,NBC.LAB.10962,UPG-EG22-W377,Extraction NEGATIVE,NA,NA,NA,NA,NA,1497,,H09,SV023,Extraction NEGATIVE,negative,Extraction NEGATIVE,Extraction NEGATIVE,Extraction NEGATIVE
e1100013824_negcontrol__SV023_B2_H12_DiatomPool_102189.95_ACGTGAGGAAGCACGATGCT_L001,1100013824,NBC.LAB.10986,UPG-EG22-W378,Extraction NEGATIVE,NA,NA,NA,NA,NA,1497,,H12,SV023,Extraction NEGATIVE,negative,Extraction NEGATIVE,Extraction NEGATIVE,Extraction NEGATIVE
e1100014007_NBCLAB11010_UPG.EG22.W379_SV018_B8_H03_DiatomPool_102189.1175_ATTAAGGTCGCACCGTCATA_L001,1100014007,NBC.LAB.11010,UPG-EG22-W379,Extraction NEGATIVE,NA,NA,NA,NA,NA,1499,,H03,SV018,Extraction NEGATIVE,negative,Extraction NEGATIVE,Extraction NEGATIVE,Extraction NEGATIVE
e1100014010_NBCLAB11034_UPG.EG22.W380_SV018_B8_H06_DiatomPool_102189.1199_CGCAGCTAGACACCGTCATA_L001,1100014010,NBC.LAB.11034,UPG-EG22-W380,Extraction NEGATIVE,NA,NA,NA,NA,NA,1499,,H06,SV018,Extraction NEGATIVE,negative,Extraction NEGATIVE,Extraction NEGATIVE,Extraction NEGATIVE
e1100014013_NBCLAB11058_UPG.EG22.W381_SV018_B8_H09_DiatomPool_102189.1223_ACGAAGTGCGCACCGTCATA_L001,1100014013,NBC.LAB.11058,UPG-EG22-W381,Extraction NEGATIVE,NA,NA,NA,NA,NA,1499,,H09,SV018,Extraction NEGATIVE,negative,Extraction NEGATIVE,Extraction NEGATIVE,Extraction NEGATIVE
e1100014016_negcontrol__SV018_B8_F12_DiatomPool_102189.1245_ACGTGAGGAATTGTTCGTGT_L001,1100014016,NBC.LAB.11080,UPG-EG22-W382,Extraction NEGATIVE,NA,NA,NA,NA,NA,1499,,F12,SV018,Extraction NEGATIVE,negative,Extraction NEGATIVE,Extraction NEGATIVE,Extraction NEGATIVE
