table_ID,baseclear_ID,extract_ID,registr. nmbr.,replicate,field nmbr.,bulk,collector,collecting date (dd.mm.yyyy),island,"depth (below the local surface, in meters)",substrate,country,locality,Plate,PCR2,label_set_PCR2,pos_PCR2,"geo_lat (in decimalen, WGS84)","geo_lon (in decimalen, WGS84)",type
e1100016705_NBCLAB9085a_UPG_EG22_032_bulk94_EG010_B4_A01_ForamPools_102191_384_GACCAAGTTAAATATGCCAG_L001_merged_trimmed_filtered,e1100016705_NBCLAB9085a_UPG-EG22-032-bulk94_EG010_B4_A01_ForamPools_102191-384,1100016705,NBCLAB9085,A,UPG-EG22-032,bulk94,Agung/Supa,03.08.2022,Badi,2.5,thick layer algae on rubble,Indonesia,Makassar,NCBN001528,EG010,B4,A01,-4.9717,119.28308,forams
e1100016717_NBCLAB9085b_UPG_EG22_032_bulk95_EG010_B4_B01_ForamPools_102191_385_GACCAAGTTATAGAGTCACG_L001_merged_trimmed_filtered,e1100016717_NBCLAB9085b_UPG-EG22-032-bulk95_EG010_B4_B01_ForamPools_102191-385,1100016717,NBCLAB9085,B,UPG-EG22-032,bulk95,Agung/Supa,03.08.2022,Badi,2.5,thick layer algae on rubble,Indonesia,Makassar,NCBN001528,EG010,B4,B01,-4.9717,119.28308,forams
e1100016729_NBCLAB9085c_UPG_EG22_032_bulk96_EG010_B4_C01_ForamPools_102191_386_GACCAAGTTATTAACAGGTC_L001_merged_trimmed_filtered,e1100016729_NBCLAB9085c_UPG-EG22-032-bulk96_EG010_B4_C01_ForamPools_102191-386,1100016729,NBCLAB9085,C,UPG-EG22-032,bulk96,Agung/Supa,03.08.2022,Badi,2.5,thick layer algae on rubble,Indonesia,Makassar,NCBN001528,EG010,B4,C01,-4.9717,119.28308,forams
e1100016731_NBCLAB9091a_UPG_EG22_038_bulk112_EG010_B4_C03_ForamPools_102191_402_ATTAAGGTCGTTAACAGGTC_L001_merged_trimmed_filtered,e1100016731_NBCLAB9091a_UPG-EG22-038-bulk112_EG010_B4_C03_ForamPools_102191-402,1100016731,NBCLAB9091,A,UPG-EG22-038,bulk112,Agung/Masdar,05.08.2022,K. Keke,2.7,rubble + algae,Indonesia,Makassar,NCBN001528,EG010,B4,C03,-5.10323,119.28475,forams
e1100016743_NBCLAB9091b_UPG_EG22_038_bulk113_EG010_B4_D03_ForamPools_102191_403_ATTAAGGTCGACATGAGCCA_L001_merged_trimmed_filtered,e1100016743_NBCLAB9091b_UPG-EG22-038-bulk113_EG010_B4_D03_ForamPools_102191-403,1100016743,NBCLAB9091,B,UPG-EG22-038,bulk113,Agung/Masdar,05.08.2022,K. Keke,2.7,rubble + algae,Indonesia,Makassar,NCBN001528,EG010,B4,D03,-5.10323,119.28475,forams
e1100016755_NBCLAB9091c_UPG_EG22_038_bulk114_EG010_B4_E03_ForamPools_102191_404_ATTAAGGTCGGCGAGGTTCT_L001_merged_trimmed_filtered,e1100016755_NBCLAB9091c_UPG-EG22-038-bulk114_EG010_B4_E03_ForamPools_102191-404,1100016755,NBCLAB9091,C,UPG-EG22-038,bulk114,Agung/Masdar,05.08.2022,K. Keke,2.7,rubble + algae,Indonesia,Makassar,NCBN001528,EG010,B4,E03,-5.10323,119.28475,forams
e1100016747_NBCLAB9102a_UPG_EG22_049_bulk145_EG010_B4_D07_ForamPools_102191_435_ACGCTAATCTACATGAGCCA_L001_merged_trimmed_filtered,e1100016747_NBCLAB9102a_UPG-EG22-049-bulk145_EG010_B4_D07_ForamPools_102191-435,1100016747,NBCLAB9102,A,UPG-EG22-049,bulk145,Agung/Masdar,06.08.2022,Langkadea,3.3,rubble,Indonesia,Makassar,NCBN001528,EG010,B4,D07,-4.925,119.399,forams
e1100016759_NBCLAB9102b_UPG_EG22_049_bulk146_EG010_B4_E07_ForamPools_102191_436_ACGCTAATCTGCGAGGTTCT_L001_merged_trimmed_filtered,e1100016759_NBCLAB9102b_UPG-EG22-049-bulk146_EG010_B4_E07_ForamPools_102191-436,1100016759,NBCLAB9102,B,UPG-EG22-049,bulk146,Agung/Masdar,06.08.2022,Langkadea,3.3,rubble,Indonesia,Makassar,NCBN001528,EG010,B4,E07,-4.925,119.399,forams
e1100016771_NBCLAB9102c_UPG_EG22_049_bulk147_EG010_B4_F07_ForamPools_102191_437_ACGCTAATCTTGTCCGTAGG_L001_merged_trimmed_filtered,e1100016771_NBCLAB9102c_UPG-EG22-049-bulk147_EG010_B4_F07_ForamPools_102191-437,1100016771,NBCLAB9102,C,UPG-EG22-049,bulk147,Agung/Masdar,06.08.2022,Langkadea,3.3,rubble,Indonesia,Makassar,NCBN001528,EG010,B4,F07,-4.925,119.399,forams
e1100016714_NBCLAB9109a_UPG_EG22_056_bulk166_EG010_B4_A10_ForamPools_102191_456_GAATAGCAAGAATATGCCAG_L001_merged_trimmed_filtered,e1100016714_NBCLAB9109a_UPG-EG22-056-bulk166_EG010_B4_A10_ForamPools_102191-456,1100016714,NBCLAB9109,A,UPG-EG22-056,bulk166,Agung/Masdar,07.08.2022,Karanrang,3.5,rubble,Indonesia,Makassar,NCBN001528,EG010,B4,A10,-4.852461,119.376016,forams
e1100016926_NBCLAB9161a_UPG_EG22_108_bulk322_EG012_B8_C06_ForamPools_102191_1194_CGCAGCTAGAATTACCGATC_L001_merged_trimmed_filtered,e1100016926_NBCLAB9161a_UPG-EG22-108-bulk322_EG012_B8_C06_ForamPools_102191-1194,1100016926,NBCLAB9161,A,UPG-EG22-108,bulk322,Agung/Masdar,22.08.2022,Padjenekang,3.5,rubble + algae,Indonesia,Makassar,NCBN001530,EG012,B8,C06,-4.97136,119.32219,forams
e1100016726_NBCLAB9109b_UPG_EG22_056_bulk167_EG010_B4_B10_ForamPools_102191_457_GAATAGCAAGTAGAGTCACG_L001_merged_trimmed_filtered,e1100016726_NBCLAB9109b_UPG-EG22-056-bulk167_EG010_B4_B10_ForamPools_102191-457,1100016726,NBCLAB9109,B,UPG-EG22-056,bulk167,Agung/Masdar,07.08.2022,Karanrang,3.5,rubble,Indonesia,Makassar,NCBN001528,EG010,B4,B10,-4.852461,119.376016,forams
e1100016938_NBCLAB9161b_UPG_EG22_108_bulk323_EG012_B8_D06_ForamPools_102191_1195_CGCAGCTAGAGTTGCATCGT_L001_merged_trimmed_filtered,e1100016938_NBCLAB9161b_UPG-EG22-108-bulk323_EG012_B8_D06_ForamPools_102191-1195,1100016938,NBCLAB9161,B,UPG-EG22-108,bulk323,Agung/Masdar,22.08.2022,Padjenekang,3.5,rubble + algae,Indonesia,Makassar,NCBN001530,EG012,B8,D06,-4.97136,119.32219,forams
e1100016738_NBCLAB9109c_UPG_EG22_056_bulk168_EG010_B4_C10_ForamPools_102191_458_GAATAGCAAGTTAACAGGTC_L001_merged_trimmed_filtered,e1100016738_NBCLAB9109c_UPG-EG22-056-bulk168_EG010_B4_C10_ForamPools_102191-458,1100016738,NBCLAB9109,C,UPG-EG22-056,bulk168,Agung/Masdar,07.08.2022,Karanrang,3.5,rubble,Indonesia,Makassar,NCBN001528,EG010,B4,C10,-4.852461,119.376016,forams
e1100016950_NBCLAB9161c_UPG_EG22_108_bulk324_EG012_B8_E06_ForamPools_102191_1196_CGCAGCTAGAACTGGACGTT_L001_merged_trimmed_filtered,e1100016950_NBCLAB9161c_UPG-EG22-108-bulk324_EG012_B8_E06_ForamPools_102191-1196,1100016950,NBCLAB9161,C,UPG-EG22-108,bulk324,Agung/Masdar,22.08.2022,Padjenekang,3.5,rubble + algae,Indonesia,Makassar,NCBN001530,EG012,B8,E06,-4.97136,119.32219,forams
e1100016763_NBCLAB9113a_UPG_EG22_060_bulk178_EG010_B4_E11_ForamPools_102191_468_CCTGGTGAGAGCGAGGTTCT_L001_merged_trimmed_filtered,e1100016763_NBCLAB9113a_UPG-EG22-060-bulk178_EG010_B4_E11_ForamPools_102191-468,1100016763,NBCLAB9113,A,UPG-EG22-060,bulk178,Agung/Masdar,08.08.2022,Barang Baringan,3.9,rubble + sand,Indonesia,Makassar,NCBN001528,EG010,B4,E11,-4.852461,119.376016,forams
e1100016807_NBCLAB9132a_UPG_EG22_079_bulk235_EG011_B6_A07_ForamPools_102191_816_ACGCTAATCTCTTAACGACA_L001_merged_trimmed_filtered,e1100016807_NBCLAB9132a_UPG-EG22-079-bulk235_EG011_B6_A07_ForamPools_102191-816,1100016807,NBCLAB9132,A,UPG-EG22-079,bulk235,Agung/Masdar,12.08.2022,Kapoposang Masdar point,3.9,rubble + sand,Indonesia,Makassar,NCBN001529,EG011,B6,A07,-4.690487,118.94747,forams
e1100016775_NBCLAB9113b_UPG_EG22_060_bulk179_EG010_B4_F11_ForamPools_102191_469_CCTGGTGAGATGTCCGTAGG_L001_merged_trimmed_filtered,e1100016775_NBCLAB9113b_UPG-EG22-060-bulk179_EG010_B4_F11_ForamPools_102191-469,1100016775,NBCLAB9113,B,UPG-EG22-060,bulk179,Agung/Masdar,08.08.2022,Barang Baringan,3.9,rubble + sand,Indonesia,Makassar,NCBN001528,EG010,B4,F11,-5.055,119.427,forams
e1100016819_NBCLAB9132b_UPG_EG22_079_bulk236_EG011_B6_B07_ForamPools_102191_817_ACGCTAATCTTCCTCGAGCT_L001_merged_trimmed_filtered,e1100016819_NBCLAB9132b_UPG-EG22-079-bulk236_EG011_B6_B07_ForamPools_102191-817,1100016819,NBCLAB9132,B,UPG-EG22-079,bulk236,Agung/Masdar,12.08.2022,Kapoposang Masdar point,3.9,rubble + sand,Indonesia,Makassar,NCBN001529,EG011,B6,B07,-4.690487,118.94747,forams
e1100016787_NBCLAB9113c_UPG_EG22_060_bulk180_EG010_B4_G11_ForamPools_102191_470_CCTGGTGAGACATTATGCCT_L001_merged_trimmed_filtered,e1100016787_NBCLAB9113c_UPG-EG22-060-bulk180_EG010_B4_G11_ForamPools_102191-470,1100016787,NBCLAB9113,C,UPG-EG22-060,bulk180,Agung/Masdar,08.08.2022,Barang Baringan,3.9,rubble + sand,Indonesia,Makassar,NCBN001528,EG010,B4,G11,-5.055,119.427,forams
e1100016831_NBCLAB9132c_UPG_EG22_079_bulk237_EG011_B6_C07_ForamPools_102191_818_ACGCTAATCTCGAGTAATGT_L001_merged_trimmed_filtered,e1100016831_NBCLAB9132c_UPG-EG22-079-bulk237_EG011_B6_C07_ForamPools_102191-818,1100016831,NBCLAB9132,C,UPG-EG22-079,bulk237,Agung/Masdar,12.08.2022,Kapoposang Masdar point,3.9,rubble + sand,Indonesia,Makassar,NCBN001529,EG011,B6,C07,-4.690487,118.94747,forams
e1100016661_NBCLAB9066a_UPG_EG22_013_bulk37_EG009_B2_E05_ForamPools_102191_36_TGACCTGCTGCACTTAGGTA_L001_merged_trimmed_filtered,e1100016661_NBCLAB9066a_UPG-EG22-013-bulk37_EG009_B2_E05_ForamPools_102191-36,1100016661,NBCLAB9066,A,UPG-EG22-013,bulk37,Agung/Masdar,02.08.2022,Samalona,4.7,rubble + algae,Indonesia,Makassar,NCBN001527,EG009,B2,E05,-5.074183,119.422367,forams
e1100016673_NBCLAB9066b_UPG_EG22_013_bulk38_EG009_B2_F05_ForamPools_102191_37_TGACCTGCTGATAGGTAAGG_L001_merged_trimmed_filtered,e1100016673_NBCLAB9066b_UPG-EG22-013-bulk38_EG009_B2_F05_ForamPools_102191-37,1100016673,NBCLAB9066,B,UPG-EG22-013,bulk38,Agung/Masdar,02.08.2022,Samalona,4.7,rubble + algae,Indonesia,Makassar,NCBN001527,EG009,B2,F05,-5.074183,119.422367,forams
e1100016685_NBCLAB9066c_UPG_EG22_013_bulk39_EG009_B2_G05_ForamPools_102191_38_TGACCTGCTGCGCCTTATAT_L001_merged_trimmed_filtered,e1100016685_NBCLAB9066c_UPG-EG22-013-bulk39_EG009_B2_G05_ForamPools_102191-38,1100016685,NBCLAB9066,C,UPG-EG22-013,bulk39,Agung/Masdar,02.08.2022,Samalona,4.7,rubble + algae,Indonesia,Makassar,NCBN001527,EG009,B2,G05,-5.074183,119.422367,forams
e1100016671_NBCLAB9061a_UPG_EG22_008_bulk22_EG009_B2_F03_ForamPools_102191_21_ATTAAGGTCGATAGGTAAGG_L001_merged_trimmed_filtered,e1100016671_NBCLAB9061a_UPG-EG22-008-bulk22_EG009_B2_F03_ForamPools_102191-21,1100016671,NBCLAB9061,A,UPG-EG22-008,bulk22,Agung/Masdar,01.08.2022,Langkai,4.9,rubble + sand,Indonesia,Makassar,NCBN001527,EG009,B2,F03,-5.028175,119.090362,forams
e1100016863_NBCLAB9123a_UPG_EG22_070_bulk208_EG011_B6_F03_ForamPools_102191_789_ATTAAGGTCGGCTATTGAAG_L001_merged_trimmed_filtered,e1100016863_NBCLAB9123a_UPG-EG22-070-bulk208_EG011_B6_F03_ForamPools_102191-789,1100016863,NBCLAB9123,A,UPG-EG22-070,bulk208,Agung/Masdar,09.08.2022,Lae Lae,4.9,rubble + sand,Indonesia,Makassar,NCBN001529,EG011,B6,F03,-5.136837,119.387199,forams
e1100016683_NBCLAB9061b_UPG_EG22_008_bulk23_EG009_B2_G03_ForamPools_102191_22_ATTAAGGTCGCGCCTTATAT_L001_merged_trimmed_filtered,e1100016683_NBCLAB9061b_UPG-EG22-008-bulk23_EG009_B2_G03_ForamPools_102191-22,1100016683,NBCLAB9061,B,UPG-EG22-008,bulk23,Agung/Masdar,01.08.2022,Langkai,4.9,rubble + sand,Indonesia,Makassar,NCBN001527,EG009,B2,G03,-5.028175,119.090362,forams
e1100016875_NBCLAB9123b_UPG_EG22_070_bulk209_EG011_B6_G03_ForamPools_102191_790_ATTAAGGTCGTCAGCATCCG_L001_merged_trimmed_filtered,e1100016875_NBCLAB9123b_UPG-EG22-070-bulk209_EG011_B6_G03_ForamPools_102191-790,1100016875,NBCLAB9123,B,UPG-EG22-070,bulk209,Agung/Masdar,09.08.2022,Lae Lae,4.9,rubble + sand,Indonesia,Makassar,NCBN001529,EG011,B6,G03,-5.136837,119.387199,forams
e1100016703_NBCLAB9061c_UPG_EG22_008_bulk24_EG009_B2_H03_ForamPools_102191_23_ATTAAGGTCGGCACGATGCT_L001_merged_trimmed_filtered,e1100016703_NBCLAB9061c_UPG-EG22-008-bulk24_EG009_B2_H03_ForamPools_102191-23,1100016703,NBCLAB9061,C,UPG-EG22-008,bulk24,Agung/Masdar,01.08.2022,Langkai,4.9,rubble + sand,Indonesia,Makassar,NCBN001527,EG009,B2,H03,-5.028175,119.090362,forams
e1100016887_NBCLAB9123c_UPG_EG22_070_bulk210_EG011_B6_H03_ForamPools_102191_791_ATTAAGGTCGTAGGTGGTGG_L001_merged_trimmed_filtered,e1100016887_NBCLAB9123c_UPG-EG22-070-bulk210_EG011_B6_H03_ForamPools_102191-791,1100016887,NBCLAB9123,C,UPG-EG22-070,bulk210,Agung/Masdar,09.08.2022,Lae Lae,4.9,rubble + sand,Indonesia,Makassar,NCBN001529,EG011,B6,H03,-5.136837,119.387199,forams
e1100016910_NBCLAB9150a_UPG_EG22_097_bulk289_EG012_B8_B02_ForamPools_102191_1161_CTCCGCTTATTTAACGTCCG_L001_merged_trimmed_filtered,e1100016910_NBCLAB9150a_UPG-EG22-097-bulk289_EG012_B8_B02_ForamPools_102191-1161,1100016910,NBCLAB9150,A,UPG-EG22-097,bulk289,Agung/Masdar,20.08.2022,Polewali,5.2,rubble + algae,Indonesia,Makassar,NCBN001530,EG012,B8,B02,-5,119,forams
e1100016922_NBCLAB9150b_UPG_EG22_097_bulk290_EG012_B8_C02_ForamPools_102191_1162_CTCCGCTTATATTACCGATC_L001_merged_trimmed_filtered,e1100016922_NBCLAB9150b_UPG-EG22-097-bulk290_EG012_B8_C02_ForamPools_102191-1162,1100016922,NBCLAB9150,B,UPG-EG22-097,bulk290,Agung/Masdar,20.08.2022,Polewali,5.2,rubble + algae,Indonesia,Makassar,NCBN001530,EG012,B8,C02,-5,119,forams
e1100016934_NBCLAB9150c_UPG_EG22_097_bulk291_EG012_B8_D02_ForamPools_102191_1163_CTCCGCTTATGTTGCATCGT_L001_merged_trimmed_filtered,e1100016934_NBCLAB9150c_UPG-EG22-097-bulk291_EG012_B8_D02_ForamPools_102191-1163,1100016934,NBCLAB9150,C,UPG-EG22-097,bulk291,Agung/Masdar,20.08.2022,Polewali,5.2,rubble + algae,Indonesia,Makassar,NCBN001530,EG012,B8,D02,-5,119,forams
e1100016618_NBCLAB9078a_UPG_EG22_025_bulk73_EG009_B2_A10_ForamPools_102191_72_GAATAGCAAGGTCGTGAATC_L001_merged_trimmed_filtered,e1100016618_NBCLAB9078a_UPG-EG22-025-bulk73_EG009_B2_A10_ForamPools_102191-72,1100016618,NBCLAB9078,A,UPG-EG22-025,bulk73,Agung/Supa,03.08.2022,Badi,5.5,rubble + algae,Indonesia,Makassar,NCBN001527,EG009,B2,A10,-4.9717,119.283083,forams
e1100016630_NBCLAB9078b_UPG_EG22_025_bulk74_EG009_B2_B10_ForamPools_102191_73_GAATAGCAAGCTGTTCTACG_L001_merged_trimmed_filtered,e1100016630_NBCLAB9078b_UPG-EG22-025-bulk74_EG009_B2_B10_ForamPools_102191-73,1100016630,NBCLAB9078,B,UPG-EG22-025,bulk74,Agung/Supa,03.08.2022,Badi,5.5,rubble + algae,Indonesia,Makassar,NCBN001527,EG009,B2,B10,-4.9717,119.283083,forams
e1100016642_NBCLAB9078c_UPG_EG22_025_bulk75_EG009_B2_C10_ForamPools_102191_74_GAATAGCAAGGCTCTTAGGT_L001_merged_trimmed_filtered,e1100016642_NBCLAB9078c_UPG-EG22-025-bulk75_EG009_B2_C10_ForamPools_102191-74,1100016642,NBCLAB9078,C,UPG-EG22-025,bulk75,Agung/Supa,03.08.2022,Badi,5.5,rubble + algae,Indonesia,Makassar,NCBN001527,EG009,B2,C10,-4.9717,119.283083,forams
e1100016780_NBCLAB9095a_UPG_EG22_042_bulk124_EG010_B4_G04_ForamPools_102191_414_GTGGCAACATCATTATGCCT_L001_merged_trimmed_filtered,e1100016780_NBCLAB9095a_UPG-EG22-042-bulk124_EG010_B4_G04_ForamPools_102191-414,1100016780,NBCLAB9095,A,UPG-EG22-042,bulk124,Agung/Masdar,05.08.2022,K. Keke,5.6,rubble + algae,Indonesia,Makassar,NCBN001528,EG010,B4,G04,-5.10323,119.28475,forams
e1100016724_NBCLAB9104a_UPG_EG22_051_bulk151_EG010_B4_B08_ForamPools_102191_441_GTTGTTACCTTAGAGTCACG_L001_merged_trimmed_filtered,e1100016724_NBCLAB9104a_UPG-EG22-051-bulk151_EG010_B4_B08_ForamPools_102191-441,1100016724,NBCLAB9104,A,UPG-EG22-051,bulk151,Agung/Masdar,06.08.2022,Langkadea,5.6,rubble,Indonesia,Makassar,NCBN001528,EG010,B4,B08,-4.925,119.399,forams
e1100016792_NBCLAB9095b_UPG_EG22_042_bulk125_EG010_B4_H04_ForamPools_102191_415_GTGGCAACATTCCACTGTTG_L001_merged_trimmed_filtered,e1100016792_NBCLAB9095b_UPG-EG22-042-bulk125_EG010_B4_H04_ForamPools_102191-415,1100016792,NBCLAB9095,B,UPG-EG22-042,bulk125,Agung/Masdar,05.08.2022,K. Keke,5.6,rubble + algae,Indonesia,Makassar,NCBN001528,EG010,B4,H04,-5.10323,119.28475,forams
e1100016736_NBCLAB9104b_UPG_EG22_051_bulk152_EG010_B4_C08_ForamPools_102191_442_GTTGTTACCTTTAACAGGTC_L001_merged_trimmed_filtered,e1100016736_NBCLAB9104b_UPG-EG22-051-bulk152_EG010_B4_C08_ForamPools_102191-442,1100016736,NBCLAB9104,B,UPG-EG22-051,bulk152,Agung/Masdar,06.08.2022,Langkadea,5.6,rubble,Indonesia,Makassar,NCBN001528,EG010,B4,C08,-4.925,119.399,forams
e1100016709_NBCLAB9095c_UPG_EG22_042_bulk126_EG010_B4_A05_ForamPools_102191_416_TGACCTGCTGAATATGCCAG_L001_merged_trimmed_filtered,e1100016709_NBCLAB9095c_UPG-EG22-042-bulk126_EG010_B4_A05_ForamPools_102191-416,1100016709,NBCLAB9095,C,UPG-EG22-042,bulk126,Agung/Masdar,05.08.2022,K. Keke,5.6,rubble + algae,Indonesia,Makassar,NCBN001528,EG010,B4,A05,-5.10323,119.28475,forams
e1100016748_NBCLAB9104c_UPG_EG22_051_bulk153_EG010_B4_D08_ForamPools_102191_443_GTTGTTACCTACATGAGCCA_L001_merged_trimmed_filtered,e1100016748_NBCLAB9104c_UPG-EG22-051-bulk153_EG010_B4_D08_ForamPools_102191-443,1100016748,NBCLAB9104,C,UPG-EG22-051,bulk153,Agung/Masdar,06.08.2022,Langkadea,5.6,rubble,Indonesia,Makassar,NCBN001528,EG010,B4,D08,-4.925,119.399,forams
e1100016837_NBCLAB9117a_UPG_EG22_064_bulk190_EG011_B6_D01_ForamPools_102191_771_GACCAAGTTACAGCGGTATG_L001_merged_trimmed_filtered,e1100016837_NBCLAB9117a_UPG-EG22-064-bulk190_EG011_B6_D01_ForamPools_102191-771,1100016837,NBCLAB9117,A,UPG-EG22-064,bulk190,Agung/Masdar,08.08.2022,Barang Baringan,6.2,sand,Indonesia,Makassar,NCBN001529,EG011,B6,D01,-5.055,119.427,forams
e1100016849_NBCLAB9117b_UPG_EG22_064_bulk191_EG011_B6_E01_ForamPools_102191_772_GACCAAGTTAGCTACTTGCA_L001_merged_trimmed_filtered,e1100016849_NBCLAB9117b_UPG-EG22-064-bulk191_EG011_B6_E01_ForamPools_102191-772,1100016849,NBCLAB9117,B,UPG-EG22-064,bulk191,Agung/Masdar,08.08.2022,Barang Baringan,6.2,sand,Indonesia,Makassar,NCBN001529,EG011,B6,E01,-5.055,119.427,forams
e1100016861_NBCLAB9117c_UPG_EG22_064_bulk192_EG011_B6_F01_ForamPools_102191_773_GACCAAGTTAGCTATTGAAG_L001_merged_trimmed_filtered,e1100016861_NBCLAB9117c_UPG-EG22-064-bulk192_EG011_B6_F01_ForamPools_102191-773,1100016861,NBCLAB9117,C,UPG-EG22-064,bulk192,Agung/Masdar,08.08.2022,Barang Baringan,6.2,sand,Indonesia,Makassar,NCBN001529,EG011,B6,F01,-5.055,119.427,forams
e1100016750_NBCLAB9110a_UPG_EG22_057_bulk169_EG010_B4_D10_ForamPools_102191_459_GAATAGCAAGACATGAGCCA_L001_merged_trimmed_filtered,e1100016750_NBCLAB9110a_UPG-EG22-057-bulk169_EG010_B4_D10_ForamPools_102191-459,1100016750,NBCLAB9110,A,UPG-EG22-057,bulk169,Agung/Masdar,07.08.2022,Karanrang,6.5,rubble,Indonesia,Makassar,NCBN001528,EG010,B4,D10,-4.852461,119.376016,forams
e1100016762_NBCLAB9110b_UPG_EG22_057_bulk170_EG010_B4_E10_ForamPools_102191_460_GAATAGCAAGGCGAGGTTCT_L001_merged_trimmed_filtered,e1100016762_NBCLAB9110b_UPG-EG22-057-bulk170_EG010_B4_E10_ForamPools_102191-460,1100016762,NBCLAB9110,B,UPG-EG22-057,bulk170,Agung/Masdar,07.08.2022,Karanrang,6.5,rubble,Indonesia,Makassar,NCBN001528,EG010,B4,E10,-4.852461,119.376016,forams
e1100016774_NBCLAB9110c_UPG_EG22_057_bulk171_EG010_B4_F10_ForamPools_102191_461_GAATAGCAAGTGTCCGTAGG_L001_merged_trimmed_filtered,e1100016774_NBCLAB9110c_UPG-EG22-057-bulk171_EG010_B4_F10_ForamPools_102191-461,1100016774,NBCLAB9110,C,UPG-EG22-057,bulk171,Agung/Masdar,07.08.2022,Karanrang,6.5,rubble,Indonesia,Makassar,NCBN001528,EG010,B4,F10,-4.852461,119.376016,forams
e1100016856_NBCLAB9136a_UPG_EG22_083_bulk247_EG011_B6_E08_ForamPools_102191_828_GTTGTTACCTGCTACTTGCA_L001_merged_trimmed_filtered,e1100016856_NBCLAB9136a_UPG-EG22-083-bulk247_EG011_B6_E08_ForamPools_102191-828,1100016856,NBCLAB9136,A,UPG-EG22-083,bulk247,Agung/Supa,17.08.2022,Lumulumu,6.6,rubble + algae,Indonesia,Makassar,NCBN001529,EG011,B6,E08,-4.97522,119.20795,forams
e1100016868_NBCLAB9136b_UPG_EG22_083_bulk248_EG011_B6_F08_ForamPools_102191_829_GTTGTTACCTGCTATTGAAG_L001_merged_trimmed_filtered,e1100016868_NBCLAB9136b_UPG-EG22-083-bulk248_EG011_B6_F08_ForamPools_102191-829,1100016868,NBCLAB9136,B,UPG-EG22-083,bulk248,Agung/Supa,17.08.2022,Lumulumu,6.6,rubble + algae,Indonesia,Makassar,NCBN001529,EG011,B6,F08,-4.97522,119.20795,forams
e1100016880_NBCLAB9136c_UPG_EG22_083_bulk249_EG011_B6_G08_ForamPools_102191_830_GTTGTTACCTTCAGCATCCG_L001_merged_trimmed_filtered,e1100016880_NBCLAB9136c_UPG-EG22-083-bulk249_EG011_B6_G08_ForamPools_102191-830,1100016880,NBCLAB9136,C,UPG-EG22-083,bulk249,Agung/Supa,17.08.2022,Lumulumu,6.6,rubble + algae,Indonesia,Makassar,NCBN001529,EG011,B6,G08,-4.97522,119.20795,forams
e1100016889_NBCLAB9129a_UPG_EG22_076_bulk226_EG011_B6_H05_ForamPools_102191_807_TGACCTGCTGTAGGTGGTGG_L001_merged_trimmed_filtered,e1100016889_NBCLAB9129a_UPG-EG22-076-bulk226_EG011_B6_H05_ForamPools_102191-807,1100016889,NBCLAB9129,A,UPG-EG22-076,bulk226,Agung/Masdar,12.08.2022,Kapoposang Masdar point,6.8,rubble + sand,Indonesia,Makassar,NCBN001529,EG011,B6,H05,-4.690487,118.94747,forams
e1100016806_NBCLAB9129b_UPG_EG22_076_bulk227_EG011_B6_A06_ForamPools_102191_808_CGCAGCTAGACTTAACGACA_L001_merged_trimmed_filtered,e1100016806_NBCLAB9129b_UPG-EG22-076-bulk227_EG011_B6_A06_ForamPools_102191-808,1100016806,NBCLAB9129,B,UPG-EG22-076,bulk227,Agung/Masdar,12.08.2022,Kapoposang Masdar point,6.8,rubble + sand,Indonesia,Makassar,NCBN001529,EG011,B6,A06,-4.690487,118.94747,forams
e1100016818_NBCLAB9129c_UPG_EG22_076_bulk228_EG011_B6_B06_ForamPools_102191_809_CGCAGCTAGATCCTCGAGCT_L001_merged_trimmed_filtered,e1100016818_NBCLAB9129c_UPG-EG22-076-bulk228_EG011_B6_B06_ForamPools_102191-809,1100016818,NBCLAB9129,C,UPG-EG22-076,bulk228,Agung/Masdar,12.08.2022,Kapoposang Masdar point,6.8,rubble + sand,Indonesia,Makassar,NCBN001529,EG011,B6,B06,-4.690487,118.94747,forams
e1100016982_NBCLAB9152a_UPG_EG22_098_bulk295_EG012_B8_H02_ForamPools_102191_1167_CTCCGCTTATCACCGTCATA_L001_merged_trimmed_filtered,e1100016982_NBCLAB9152a_UPG-EG22-098-bulk295_EG012_B8_H02_ForamPools_102191-1167,1100016982,NBCLAB9152,A,UPG-EG22-098,bulk295,Agung/Masdar,22.08.2022,Padjenekang,7.1,rubble + algae,Indonesia,Makassar,NCBN001530,EG012,B8,H02,-4.97136,119.32219,forams
e1100016899_NBCLAB9152b_UPG_EG22_098_bulk296_EG012_B8_A03_ForamPools_102191_1168_ATTAAGGTCGAAGATCGGAT_L001_merged_trimmed_filtered,e1100016899_NBCLAB9152b_UPG-EG22-098-bulk296_EG012_B8_A03_ForamPools_102191-1168,1100016899,NBCLAB9152,B,UPG-EG22-098,bulk296,Agung/Masdar,22.08.2022,Padjenekang,7.1,rubble + algae,Indonesia,Makassar,NCBN001530,EG012,B8,A03,-4.97136,119.32219,forams
e1100016911_NBCLAB9152c_UPG_EG22_098_bulk297_EG012_B8_B03_ForamPools_102191_1169_ATTAAGGTCGTTAACGTCCG_L001_merged_trimmed_filtered,e1100016911_NBCLAB9152c_UPG-EG22-098-bulk297_EG012_B8_B03_ForamPools_102191-1169,1100016911,NBCLAB9152,C,UPG-EG22-098,bulk297,Agung/Masdar,22.08.2022,Padjenekang,7.1,rubble + algae,Indonesia,Makassar,NCBN001530,EG012,B8,B03,-4.97136,119.32219,forams
e1100016684_NBCLAB9064a_UPG_EG22_011_bulk31_EG009_B2_G04_ForamPools_102191_30_GTGGCAACATCGCCTTATAT_L001_merged_trimmed_filtered,e1100016684_NBCLAB9064a_UPG-EG22-011-bulk31_EG009_B2_G04_ForamPools_102191-30,1100016684,NBCLAB9064,A,UPG-EG22-011,bulk31,Agung/Masdar,02.08.2022,Samalona,7.5,rubble,Indonesia,Makassar,NCBN001527,EG009,B2,G04,-5.074183,119.422367,forams
e1100016696_NBCLAB9064b_UPG_EG22_011_bulk32_EG009_B2_H04_ForamPools_102191_31_GTGGCAACATGCACGATGCT_L001_merged_trimmed_filtered,e1100016696_NBCLAB9064b_UPG-EG22-011-bulk32_EG009_B2_H04_ForamPools_102191-31,1100016696,NBCLAB9064,B,UPG-EG22-011,bulk32,Agung/Masdar,02.08.2022,Samalona,7.5,rubble,Indonesia,Makassar,NCBN001527,EG009,B2,H04,-5.074183,119.422367,forams
e1100016613_NBCLAB9064c_UPG_EG22_011_bulk33_EG009_B2_A05_ForamPools_102191_32_TGACCTGCTGGTCGTGAATC_L001_merged_trimmed_filtered,e1100016613_NBCLAB9064c_UPG-EG22-011-bulk33_EG009_B2_A05_ForamPools_102191-32,1100016613,NBCLAB9064,C,UPG-EG22-011,bulk33,Agung/Masdar,02.08.2022,Samalona,7.5,rubble,Indonesia,Makassar,NCBN001527,EG009,B2,A05,-5.074183,119.422367,forams
e1100016814_NBCLAB9119a_UPG_EG22_066_bulk196_EG011_B6_B02_ForamPools_102191_777_CTCCGCTTATTCCTCGAGCT_L001_merged_trimmed_filtered,e1100016814_NBCLAB9119a_UPG-EG22-066-bulk196_EG011_B6_B02_ForamPools_102191-777,1100016814,NBCLAB9119,A,UPG-EG22-066,bulk196,Agung/Masdar,09.08.2022,Lae Lae,7.7,rubble + sand,Indonesia,Makassar,NCBN001529,EG011,B6,B02,-5.136837,119.387199,forams
e1100016826_NBCLAB9119b_UPG_EG22_066_bulk197_EG011_B6_C02_ForamPools_102191_778_CTCCGCTTATCGAGTAATGT_L001_merged_trimmed_filtered,e1100016826_NBCLAB9119b_UPG-EG22-066-bulk197_EG011_B6_C02_ForamPools_102191-778,1100016826,NBCLAB9119,B,UPG-EG22-066,bulk197,Agung/Masdar,09.08.2022,Lae Lae,7.7,rubble + sand,Indonesia,Makassar,NCBN001529,EG011,B6,C02,-5.136837,119.387199,forams
e1100016838_NBCLAB9119c_UPG_EG22_066_bulk198_EG011_B6_D02_ForamPools_102191_779_CTCCGCTTATCAGCGGTATG_L001_merged_trimmed_filtered,e1100016838_NBCLAB9119c_UPG-EG22-066-bulk198_EG011_B6_D02_ForamPools_102191-779,1100016838,NBCLAB9119,C,UPG-EG22-066,bulk198,Agung/Masdar,09.08.2022,Lae Lae,7.7,rubble + sand,Indonesia,Makassar,NCBN001529,EG011,B6,D02,-5.136837,119.387199,forams
e1100016612_NBCLAB9062a_UPG_EG22_009_bulk25_EG009_B2_A04_ForamPools_102191_24_GTGGCAACATGTCGTGAATC_L001_merged_trimmed_filtered,e1100016612_NBCLAB9062a_UPG-EG22-009-bulk25_EG009_B2_A04_ForamPools_102191-24,1100016612,NBCLAB9062,A,UPG-EG22-009,bulk25,Agung/Masdar,01.08.2022,Langkai,7.8,rubble,Indonesia,Makassar,NCBN001527,EG009,B2,A04,-5.028175,119.090362,forams
e1100016624_NBCLAB9062b_UPG_EG22_009_bulk26_EG009_B2_B04_ForamPools_102191_25_GTGGCAACATCTGTTCTACG_L001_merged_trimmed_filtered,e1100016624_NBCLAB9062b_UPG-EG22-009-bulk26_EG009_B2_B04_ForamPools_102191-25,1100016624,NBCLAB9062,B,UPG-EG22-009,bulk26,Agung/Masdar,01.08.2022,Langkai,7.8,rubble,Indonesia,Makassar,NCBN001527,EG009,B2,B04,-5.028175,119.090362,forams
e1100016636_NBCLAB9062c_UPG_EG22_009_bulk27_EG009_B2_C04_ForamPools_102191_26_GTGGCAACATGCTCTTAGGT_L001_merged_trimmed_filtered,e1100016636_NBCLAB9062c_UPG-EG22-009-bulk27_EG009_B2_C04_ForamPools_102191-26,1100016636,NBCLAB9062,C,UPG-EG22-009,bulk27,Agung/Masdar,01.08.2022,Langkai,7.8,rubble,Indonesia,Makassar,NCBN001527,EG009,B2,C04,-5.028175,119.090362,forams
e1100016700_NBCLAB9075a_UPG_EG22_022_bulk64_EG009_B2_H08_ForamPools_102191_63_GTTGTTACCTGCACGATGCT_L001_merged_trimmed_filtered,e1100016700_NBCLAB9075a_UPG-EG22-022-bulk64_EG009_B2_H08_ForamPools_102191-63,1100016700,NBCLAB9075,A,UPG-EG22-022,bulk64,Agung/Supa,03.08.2022,Badi,8.1,rubble + algae,Indonesia,Makassar,NCBN001527,EG009,B2,H08,-4.9717,119.283083,forams
e1100016617_NBCLAB9075b_UPG_EG22_022_bulk65_EG009_B2_A09_ForamPools_102191_64_ACGAAGTGCGGTCGTGAATC_L001_merged_trimmed_filtered,e1100016617_NBCLAB9075b_UPG-EG22-022-bulk65_EG009_B2_A09_ForamPools_102191-64,1100016617,NBCLAB9075,B,UPG-EG22-022,bulk65,Agung/Supa,03.08.2022,Badi,8.1,rubble + algae,Indonesia,Makassar,NCBN001527,EG009,B2,A09,-4.9717,119.283083,forams
e1100016629_NBCLAB9075c_UPG_EG22_022_bulk66_EG009_B2_B09_ForamPools_102191_65_ACGAAGTGCGCTGTTCTACG_L001_merged_trimmed_filtered,e1100016629_NBCLAB9075c_UPG-EG22-022-bulk66_EG009_B2_B09_ForamPools_102191-65,1100016629,NBCLAB9075,C,UPG-EG22-022,bulk66,Agung/Supa,03.08.2022,Badi,8.1,rubble + algae,Indonesia,Makassar,NCBN001527,EG009,B2,B09,-4.9717,119.283083,forams
e1100016744_NBCLAB9094a_UPG_EG22_041_bulk121_EG010_B4_D04_ForamPools_102191_411_GTGGCAACATACATGAGCCA_L001_merged_trimmed_filtered,e1100016744_NBCLAB9094a_UPG-EG22-041-bulk121_EG010_B4_D04_ForamPools_102191-411,1100016744,NBCLAB9094,A,UPG-EG22-041,bulk121,Agung/Masdar,05.08.2022,K. Keke,8.3,rubble + algae,Indonesia,Makassar,NCBN001528,EG010,B4,D04,-5.10323,119.28475,forams
e1100016756_NBCLAB9094b_UPG_EG22_041_bulk122_EG010_B4_E04_ForamPools_102191_412_GTGGCAACATGCGAGGTTCT_L001_merged_trimmed_filtered,e1100016756_NBCLAB9094b_UPG-EG22-041-bulk122_EG010_B4_E04_ForamPools_102191-412,1100016756,NBCLAB9094,B,UPG-EG22-041,bulk122,Agung/Masdar,05.08.2022,K. Keke,8.3,rubble + algae,Indonesia,Makassar,NCBN001528,EG010,B4,E04,-5.10323,119.28475,forams
e1100016768_NBCLAB9094c_UPG_EG22_041_bulk123_EG010_B4_F04_ForamPools_102191_413_GTGGCAACATTGTCCGTAGG_L001_merged_trimmed_filtered,e1100016768_NBCLAB9094c_UPG-EG22-041-bulk123_EG010_B4_F04_ForamPools_102191-413,1100016768,NBCLAB9094,C,UPG-EG22-041,bulk123,Agung/Masdar,05.08.2022,K. Keke,8.3,rubble + algae,Indonesia,Makassar,NCBN001528,EG010,B4,F04,-5.10323,119.28475,forams
e1100016946_NBCLAB9151a_UPG_EG22_121_bulk292_EG012_B8_E02_ForamPools_102191_1164_CTCCGCTTATACTGGACGTT_L001_merged_trimmed_filtered,e1100016946_NBCLAB9151a_UPG-EG22-121-bulk292_EG012_B8_E02_ForamPools_102191-1164,1100016946,NBCLAB9151,A,UPG-EG22-121,bulk292,Agung/Masdar,20.08.2022,Polewali,8.4,rubble + seagrass,Indonesia,Makassar,NCBN001530,EG012,B8,E02,-5,119,forams
e1100016958_NBCLAB9151b_UPG_EG22_121_bulk293_EG012_B8_F02_ForamPools_102191_1165_CTCCGCTTATTTGTTCGTGT_L001_merged_trimmed_filtered,e1100016958_NBCLAB9151b_UPG-EG22-121-bulk293_EG012_B8_F02_ForamPools_102191-1165,1100016958,NBCLAB9151,B,UPG-EG22-121,bulk293,Agung/Masdar,20.08.2022,Polewali,8.4,rubble + seagrass,Indonesia,Makassar,NCBN001530,EG012,B8,F02,-5,119,forams
e1100016970_NBCLAB9151c_UPG_EG22_121_bulk294_EG012_B8_G02_ForamPools_102191_1166_CTCCGCTTATACGGACTGAG_L001_merged_trimmed_filtered,e1100016970_NBCLAB9151c_UPG-EG22-121-bulk294_EG012_B8_G02_ForamPools_102191-1166,1100016970,NBCLAB9151,C,UPG-EG22-121,bulk294,Agung/Masdar,20.08.2022,Polewali,8.4,rubble + seagrass,Indonesia,Makassar,NCBN001530,EG012,B8,G02,-5,119,forams
e1100016879_NBCLAB9134a_UPG_EG22_081_bulk241_EG011_B6_G07_ForamPools_102191_822_ACGCTAATCTTCAGCATCCG_L001_merged_trimmed_filtered,e1100016879_NBCLAB9134a_UPG-EG22-081-bulk241_EG011_B6_G07_ForamPools_102191-822,1100016879,NBCLAB9134,A,UPG-EG22-081,bulk241,Agung/Supa,17.08.2022,Lumulumu,8.7,rubble,Indonesia,Makassar,NCBN001529,EG011,B6,G07,-4.97522,119.20795,forams
e1100016891_NBCLAB9134b_UPG_EG22_081_bulk242_EG011_B6_H07_ForamPools_102191_823_ACGCTAATCTTAGGTGGTGG_L001_merged_trimmed_filtered,e1100016891_NBCLAB9134b_UPG-EG22-081-bulk242_EG011_B6_H07_ForamPools_102191-823,1100016891,NBCLAB9134,B,UPG-EG22-081,bulk242,Agung/Supa,17.08.2022,Lumulumu,8.7,rubble,Indonesia,Makassar,NCBN001529,EG011,B6,H07,-4.97522,119.20795,forams
e1100016808_NBCLAB9134c_UPG_EG22_081_bulk243_EG011_B6_A08_ForamPools_102191_824_GTTGTTACCTCTTAACGACA_L001_merged_trimmed_filtered,e1100016808_NBCLAB9134c_UPG-EG22-081-bulk243_EG011_B6_A08_ForamPools_102191-824,1100016808,NBCLAB9134,C,UPG-EG22-081,bulk243,Agung/Supa,17.08.2022,Lumulumu,8.7,rubble,Indonesia,Makassar,NCBN001529,EG011,B6,A08,-4.97522,119.20795,forams
e1100016734_NBCLAB9099a_UPG_EG22_046_bulk136_EG010_B4_C06_ForamPools_102191_426_CGCAGCTAGATTAACAGGTC_L001_merged_trimmed_filtered,e1100016734_NBCLAB9099a_UPG-EG22-046-bulk136_EG010_B4_C06_ForamPools_102191-426,1100016734,NBCLAB9099,A,UPG-EG22-046,bulk136,Agung/Masdar,06.08.2022,Langkadea,8.9,rubble,Indonesia,Makassar,NCBN001528,EG010,B4,C06,-4.925,119.399,forams
e1100016746_NBCLAB9099b_UPG_EG22_046_bulk137_EG010_B4_D06_ForamPools_102191_427_CGCAGCTAGAACATGAGCCA_L001_merged_trimmed_filtered,e1100016746_NBCLAB9099b_UPG-EG22-046-bulk137_EG010_B4_D06_ForamPools_102191-427,1100016746,NBCLAB9099,B,UPG-EG22-046,bulk137,Agung/Masdar,06.08.2022,Langkadea,8.9,rubble,Indonesia,Makassar,NCBN001528,EG010,B4,D06,-4.925,119.399,forams
e1100016758_NBCLAB9099c_UPG_EG22_046_bulk138_EG010_B4_E06_ForamPools_102191_428_CGCAGCTAGAGCGAGGTTCT_L001_merged_trimmed_filtered,e1100016758_NBCLAB9099c_UPG-EG22-046-bulk138_EG010_B4_E06_ForamPools_102191-428,1100016758,NBCLAB9099,C,UPG-EG22-046,bulk138,Agung/Masdar,06.08.2022,Langkadea,8.9,rubble,Indonesia,Makassar,NCBN001528,EG010,B4,E06,-4.925,119.399,forams
e1100016760_NBCLAB9105a_UPG_EG22_052_bulk154_EG010_B4_E08_ForamPools_102191_444_GTTGTTACCTGCGAGGTTCT_L001_merged_trimmed_filtered,e1100016760_NBCLAB9105a_UPG-EG22-052-bulk154_EG010_B4_E08_ForamPools_102191-444,1100016760,NBCLAB9105,A,UPG-EG22-052,bulk154,Agung/Masdar,07.08.2022,Karanrang,9.7,rubble,Indonesia,Makassar,NCBN001528,EG010,B4,E08,-4.852461,119.376016,forams
e1100016772_NBCLAB9105b_UPG_EG22_052_bulk155_EG010_B4_F08_ForamPools_102191_445_GTTGTTACCTTGTCCGTAGG_L001_merged_trimmed_filtered,e1100016772_NBCLAB9105b_UPG-EG22-052-bulk155_EG010_B4_F08_ForamPools_102191-445,1100016772,NBCLAB9105,B,UPG-EG22-052,bulk155,Agung/Masdar,07.08.2022,Karanrang,9.7,rubble,Indonesia,Makassar,NCBN001528,EG010,B4,F08,-4.852461,119.376016,forams
e1100016784_NBCLAB9105c_UPG_EG22_052_bulk156_EG010_B4_G08_ForamPools_102191_446_GTTGTTACCTCATTATGCCT_L001_merged_trimmed_filtered,e1100016784_NBCLAB9105c_UPG-EG22-052-bulk156_EG010_B4_G08_ForamPools_102191-446,1100016784,NBCLAB9105,C,UPG-EG22-052,bulk156,Agung/Masdar,07.08.2022,Karanrang,9.7,rubble,Indonesia,Makassar,NCBN001528,EG010,B4,G08,-4.852461,119.376016,forams
e1100016628_NBCLAB9073a_UPG_EG22_020_bulk58_EG009_B2_B08_ForamPools_102191_57_GTTGTTACCTCTGTTCTACG_L001_merged_trimmed_filtered,e1100016628_NBCLAB9073a_UPG-EG22-020-bulk58_EG009_B2_B08_ForamPools_102191-57,1100016628,NBCLAB9073,A,UPG-EG22-020,bulk58,Agung/Masdar,02.08.2022,Samalona,9.8,rubble + algae,Indonesia,Makassar,NCBN001527,EG009,B2,B08,-5.074183,119.422367,forams
e1100016640_NBCLAB9073b_UPG_EG22_020_bulk59_EG009_B2_C08_ForamPools_102191_58_GTTGTTACCTGCTCTTAGGT_L001_merged_trimmed_filtered,e1100016640_NBCLAB9073b_UPG-EG22-020-bulk59_EG009_B2_C08_ForamPools_102191-58,1100016640,NBCLAB9073,B,UPG-EG22-020,bulk59,Agung/Masdar,02.08.2022,Samalona,9.8,rubble + algae,Indonesia,Makassar,NCBN001527,EG009,B2,C08,-5.074183,119.422367,forams
e1100016652_NBCLAB9073c_UPG_EG22_020_bulk60_EG009_B2_D08_ForamPools_102191_59_GTTGTTACCTTAGAAGCCAT_L001_merged_trimmed_filtered,e1100016652_NBCLAB9073c_UPG-EG22-020-bulk60_EG009_B2_D08_ForamPools_102191-59,1100016652,NBCLAB9073,C,UPG-EG22-020,bulk60,Agung/Masdar,02.08.2022,Samalona,9.8,rubble + algae,Indonesia,Makassar,NCBN001527,EG009,B2,D08,-5.074183,119.422367,forams
e1100016985_NBCLAB9160a_UPG_EG22_107_bulk319_EG012_B8_H05_ForamPools_102191_1191_TGACCTGCTGCACCGTCATA_L001_merged_trimmed_filtered,e1100016985_NBCLAB9160a_UPG-EG22-107-bulk319_EG012_B8_H05_ForamPools_102191-1191,1100016985,NBCLAB9160,A,UPG-EG22-107,bulk319,Agung/Masdar,22.08.2022,Padjenekang,10,rubble + algae,Indonesia,Makassar,NCBN001530,EG012,B8,H05,-4.97136,119.32219,forams
e1100016902_NBCLAB9160b_UPG_EG22_107_bulk320_EG012_B8_A06_ForamPools_102191_1192_CGCAGCTAGAAAGATCGGAT_L001_merged_trimmed_filtered,e1100016902_NBCLAB9160b_UPG-EG22-107-bulk320_EG012_B8_A06_ForamPools_102191-1192,1100016902,NBCLAB9160,B,UPG-EG22-107,bulk320,Agung/Masdar,22.08.2022,Padjenekang,10,rubble + algae,Indonesia,Makassar,NCBN001530,EG012,B8,A06,-4.97136,119.32219,forams
e1100016914_NBCLAB9160c_UPG_EG22_107_bulk321_EG012_B8_B06_ForamPools_102191_1193_CGCAGCTAGATTAACGTCCG_L001_merged_trimmed_filtered,e1100016914_NBCLAB9160c_UPG-EG22-107-bulk321_EG012_B8_B06_ForamPools_102191-1193,1100016914,NBCLAB9160,C,UPG-EG22-107,bulk321,Agung/Masdar,22.08.2022,Padjenekang,10,rubble + algae,Indonesia,Makassar,NCBN001530,EG012,B8,B06,-4.97136,119.32219,forams
e1100016658_NBCLAB9058a_UPG_EG22_005_bulk13_EG009_B2_E02_ForamPools_102191_12_CTCCGCTTATCACTTAGGTA_L001_merged_trimmed_filtered,e1100016658_NBCLAB9058a_UPG-EG22-005-bulk13_EG009_B2_E02_ForamPools_102191-12,1100016658,NBCLAB9058,A,UPG-EG22-005,bulk13,Agung/Masdar,01.08.2022,Langkai,10.1,rubble + sand,Indonesia,Makassar,NCBN001527,EG009,B2,E02,-5.028175,119.090362,forams
e1100016670_NBCLAB9058b_UPG_EG22_005_bulk14_EG009_B2_F02_ForamPools_102191_13_CTCCGCTTATATAGGTAAGG_L001_merged_trimmed_filtered,e1100016670_NBCLAB9058b_UPG-EG22-005-bulk14_EG009_B2_F02_ForamPools_102191-13,1100016670,NBCLAB9058,B,UPG-EG22-005,bulk14,Agung/Masdar,01.08.2022,Langkai,10.1,rubble + sand,Indonesia,Makassar,NCBN001527,EG009,B2,F02,-5.028175,119.090362,forams
e1100016682_NBCLAB9058c_UPG_EG22_005_bulk15_EG009_B2_G02_ForamPools_102191_14_CTCCGCTTATCGCCTTATAT_L001_merged_trimmed_filtered,e1100016682_NBCLAB9058c_UPG-EG22-005-bulk15_EG009_B2_G02_ForamPools_102191-14,1100016682,NBCLAB9058,C,UPG-EG22-005,bulk15,Agung/Masdar,01.08.2022,Langkai,10.1,rubble + sand,Indonesia,Makassar,NCBN001527,EG009,B2,G02,-5.028175,119.090362,forams
e1100016827_NBCLAB9122a_UPG_EG22_069_bulk205_EG011_B6_C03_ForamPools_102191_786_ATTAAGGTCGCGAGTAATGT_L001_merged_trimmed_filtered,e1100016827_NBCLAB9122a_UPG-EG22-069-bulk205_EG011_B6_C03_ForamPools_102191-786,1100016827,NBCLAB9122,A,UPG-EG22-069,bulk205,Agung/Masdar,09.08.2022,Lae Lae,10.7,sand,Indonesia,Makassar,NCBN001529,EG011,B6,C03,-5.136837,119.387199,forams
e1100016839_NBCLAB9122b_UPG_EG22_069_bulk206_EG011_B6_D03_ForamPools_102191_787_ATTAAGGTCGCAGCGGTATG_L001_merged_trimmed_filtered,e1100016839_NBCLAB9122b_UPG-EG22-069-bulk206_EG011_B6_D03_ForamPools_102191-787,1100016839,NBCLAB9122,B,UPG-EG22-069,bulk206,Agung/Masdar,09.08.2022,Lae Lae,10.7,sand,Indonesia,Makassar,NCBN001529,EG011,B6,D03,-5.136837,119.387199,forams
e1100016851_NBCLAB9122c_UPG_EG22_069_bulk207_EG011_B6_E03_ForamPools_102191_788_ATTAAGGTCGGCTACTTGCA_L001_merged_trimmed_filtered,e1100016851_NBCLAB9122c_UPG-EG22-069-bulk207_EG011_B6_E03_ForamPools_102191-788,1100016851,NBCLAB9122,C,UPG-EG22-069,bulk207,Agung/Masdar,09.08.2022,Lae Lae,10.7,sand,Indonesia,Makassar,NCBN001529,EG011,B6,E03,-5.136837,119.387199,forams
e1100016667_NBCLAB9082a_UPG_EG22_029_bulk85_EG009_B2_E11_ForamPools_102191_84_CCTGGTGAGACACTTAGGTA_L001_merged_trimmed_filtered,e1100016667_NBCLAB9082a_UPG-EG22-029-bulk85_EG009_B2_E11_ForamPools_102191-84,1100016667,NBCLAB9082,A,UPG-EG22-029,bulk85,Agung/Supa,03.08.2022,Badi,11.3,rubble,Indonesia,Makassar,NCBN001527,EG009,B2,E11,-4.9717,119.283083,forams
e1100016933_NBCLAB9148a_UPG_EG22_095_bulk283_EG012_B8_D01_ForamPools_102191_1155_GACCAAGTTAGTTGCATCGT_L001_merged_trimmed_filtered,e1100016933_NBCLAB9148a_UPG-EG22-095-bulk283_EG012_B8_D01_ForamPools_102191-1155,1100016933,NBCLAB9148,A,UPG-EG22-095,bulk283,Agung/Masdar,20.08.2022,Polewali,11.3,rubble + mud,Indonesia,Makassar,NCBN001530,EG012,B8,D01,-5,119,forams
e1100016679_NBCLAB9082b_UPG_EG22_029_bulk86_EG009_B2_F11_ForamPools_102191_85_CCTGGTGAGAATAGGTAAGG_L001_merged_trimmed_filtered,e1100016679_NBCLAB9082b_UPG-EG22-029-bulk86_EG009_B2_F11_ForamPools_102191-85,1100016679,NBCLAB9082,B,UPG-EG22-029,bulk86,Agung/Supa,03.08.2022,Badi,11.3,rubble,Indonesia,Makassar,NCBN001527,EG009,B2,F11,-4.9717,119.283083,forams
e1100016945_NBCLAB9148b_UPG_EG22_095_bulk284_EG012_B8_E01_ForamPools_102191_1156_GACCAAGTTAACTGGACGTT_L001_merged_trimmed_filtered,e1100016945_NBCLAB9148b_UPG-EG22-095-bulk284_EG012_B8_E01_ForamPools_102191-1156,1100016945,NBCLAB9148,B,UPG-EG22-095,bulk284,Agung/Masdar,20.08.2022,Polewali,11.3,rubble + mud,Indonesia,Makassar,NCBN001530,EG012,B8,E01,-5,119,forams
e1100016691_NBCLAB9082c_UPG_EG22_029_bulk87_EG009_B2_G11_ForamPools_102191_86_CCTGGTGAGACGCCTTATAT_L001_merged_trimmed_filtered,e1100016691_NBCLAB9082c_UPG-EG22-029-bulk87_EG009_B2_G11_ForamPools_102191-86,1100016691,NBCLAB9082,C,UPG-EG22-029,bulk87,Agung/Supa,03.08.2022,Badi,11.3,rubble,Indonesia,Makassar,NCBN001527,EG009,B2,G11,-4.9717,119.283083,forams
e1100016957_NBCLAB9148c_UPG_EG22_095_bulk285_EG012_B8_F01_ForamPools_102191_1157_GACCAAGTTATTGTTCGTGT_L001_merged_trimmed_filtered,e1100016957_NBCLAB9148c_UPG-EG22-095-bulk285_EG012_B8_F01_ForamPools_102191-1157,1100016957,NBCLAB9148,C,UPG-EG22-095,bulk285,Agung/Masdar,20.08.2022,Polewali,11.3,rubble + mud,Indonesia,Makassar,NCBN001530,EG012,B8,F01,-5,119,forams
e1100016833_NBCLAB9138a_UPG_EG22_085_bulk253_EG011_B6_C09_ForamPools_102191_834_ACGAAGTGCGCGAGTAATGT_L001_merged_trimmed_filtered,e1100016833_NBCLAB9138a_UPG-EG22-085-bulk253_EG011_B6_C09_ForamPools_102191-834,1100016833,NBCLAB9138,A,UPG-EG22-085,bulk253,Agung/Supa,17.08.2022,Lumulumu,11.4,rubble,Indonesia,Makassar,NCBN001529,EG011,B6,C09,-4.97522,119.20795,forams
e1100016845_NBCLAB9138b_UPG_EG22_085_bulk254_EG011_B6_D09_ForamPools_102191_835_ACGAAGTGCGCAGCGGTATG_L001_merged_trimmed_filtered,e1100016845_NBCLAB9138b_UPG-EG22-085-bulk254_EG011_B6_D09_ForamPools_102191-835,1100016845,NBCLAB9138,B,UPG-EG22-085,bulk254,Agung/Supa,17.08.2022,Lumulumu,11.4,rubble,Indonesia,Makassar,NCBN001529,EG011,B6,D09,-4.97522,119.20795,forams
e1100016857_NBCLAB9138c_UPG_EG22_085_bulk255_EG011_B6_E09_ForamPools_102191_836_ACGAAGTGCGGCTACTTGCA_L001_merged_trimmed_filtered,e1100016857_NBCLAB9138c_UPG-EG22-085-bulk255_EG011_B6_E09_ForamPools_102191-836,1100016857,NBCLAB9138,C,UPG-EG22-085,bulk255,Agung/Supa,17.08.2022,Lumulumu,11.4,rubble,Indonesia,Makassar,NCBN001529,EG011,B6,E09,-4.97522,119.20795,forams
e1100016754_NBCLAB9089a_UPG_EG22_036_bulk106_EG010_B4_E02_ForamPools_102191_396_CTCCGCTTATGCGAGGTTCT_L001_merged_trimmed_filtered,e1100016754_NBCLAB9089a_UPG-EG22-036-bulk106_EG010_B4_E02_ForamPools_102191-396,1100016754,NBCLAB9089,A,UPG-EG22-036,bulk106,Agung/Masdar,05.08.2022,K. Keke,11.8,rubble + algae,Indonesia,Makassar,NCBN001528,EG010,B4,E02,-5.10323,119.28475,forams
e1100016766_NBCLAB9089b_UPG_EG22_036_bulk107_EG010_B4_F02_ForamPools_102191_397_CTCCGCTTATTGTCCGTAGG_L001_merged_trimmed_filtered,e1100016766_NBCLAB9089b_UPG-EG22-036-bulk107_EG010_B4_F02_ForamPools_102191-397,1100016766,NBCLAB9089,B,UPG-EG22-036,bulk107,Agung/Masdar,05.08.2022,K. Keke,11.8,rubble + algae,Indonesia,Makassar,NCBN001528,EG010,B4,F02,-5.10323,119.28475,forams
e1100016778_NBCLAB9089c_UPG_EG22_036_bulk108_EG010_B4_G02_ForamPools_102191_398_CTCCGCTTATCATTATGCCT_L001_merged_trimmed_filtered,e1100016778_NBCLAB9089c_UPG-EG22-036-bulk108_EG010_B4_G02_ForamPools_102191-398,1100016778,NBCLAB9089,C,UPG-EG22-036,bulk108,Agung/Masdar,05.08.2022,K. Keke,11.8,rubble + algae,Indonesia,Makassar,NCBN001528,EG010,B4,G02,-5.10323,119.28475,forams
e1100016757_NBCLAB9097a_UPG_EG22_044_bulk130_EG010_B4_E05_ForamPools_102191_420_TGACCTGCTGGCGAGGTTCT_L001_merged_trimmed_filtered,e1100016757_NBCLAB9097a_UPG-EG22-044-bulk130_EG010_B4_E05_ForamPools_102191-420,1100016757,NBCLAB9097,A,UPG-EG22-044,bulk130,Agung/Masdar,06.08.2022,Langkadea,11.9,rubble + sand,Indonesia,Makassar,NCBN001528,EG010,B4,E05,-4.925,119.399,forams
e1100016769_NBCLAB9097b_UPG_EG22_044_bulk131_EG010_B4_F05_ForamPools_102191_421_TGACCTGCTGTGTCCGTAGG_L001_merged_trimmed_filtered,e1100016769_NBCLAB9097b_UPG-EG22-044-bulk131_EG010_B4_F05_ForamPools_102191-421,1100016769,NBCLAB9097,B,UPG-EG22-044,bulk131,Agung/Masdar,06.08.2022,Langkadea,11.9,rubble + sand,Indonesia,Makassar,NCBN001528,EG010,B4,F05,-4.925,119.399,forams
e1100016781_NBCLAB9097c_UPG_EG22_044_bulk132_EG010_B4_G05_ForamPools_102191_422_TGACCTGCTGCATTATGCCT_L001_merged_trimmed_filtered,e1100016781_NBCLAB9097c_UPG-EG22-044-bulk132_EG010_B4_G05_ForamPools_102191-422,1100016781,NBCLAB9097,C,UPG-EG22-044,bulk132,Agung/Masdar,06.08.2022,Langkadea,11.9,rubble + sand,Indonesia,Makassar,NCBN001528,EG010,B4,G05,-4.925,119.399,forams
e1100016866_NBCLAB9131a_UPG_EG22_078_bulk232_EG011_B6_F06_ForamPools_102191_813_CGCAGCTAGAGCTATTGAAG_L001_merged_trimmed_filtered,e1100016866_NBCLAB9131a_UPG-EG22-078-bulk232_EG011_B6_F06_ForamPools_102191-813,1100016866,NBCLAB9131,A,UPG-EG22-078,bulk232,Agung/Masdar,12.08.2022,Kapoposang Masdar point,12,rubble + sand,Indonesia,Makassar,NCBN001529,EG011,B6,F06,-4.690487,118.94747,forams
e1100016878_NBCLAB9131b_UPG_EG22_078_bulk233_EG011_B6_G06_ForamPools_102191_814_CGCAGCTAGATCAGCATCCG_L001_merged_trimmed_filtered,e1100016878_NBCLAB9131b_UPG-EG22-078-bulk233_EG011_B6_G06_ForamPools_102191-814,1100016878,NBCLAB9131,B,UPG-EG22-078,bulk233,Agung/Masdar,12.08.2022,Kapoposang Masdar point,12,rubble + sand,Indonesia,Makassar,NCBN001529,EG011,B6,G06,-4.690487,118.94747,forams
e1100016890_NBCLAB9131c_UPG_EG22_078_bulk234_EG011_B6_H06_ForamPools_102191_815_CGCAGCTAGATAGGTGGTGG_L001_merged_trimmed_filtered,e1100016890_NBCLAB9131c_UPG-EG22-078-bulk234_EG011_B6_H06_ForamPools_102191-815,1100016890,NBCLAB9131,C,UPG-EG22-078,bulk234,Agung/Masdar,12.08.2022,Kapoposang Masdar point,12,rubble + sand,Indonesia,Makassar,NCBN001529,EG011,B6,H06,-4.690487,118.94747,forams
e1100016622_NBCLAB9057a_UPG_EG22_004_bulk10_EG009_B2_B02_ForamPools_102191_9_CTCCGCTTATCTGTTCTACG_L001_merged_trimmed_filtered,e1100016622_NBCLAB9057a_UPG-EG22-004-bulk10_EG009_B2_B02_ForamPools_102191-9,1100016622,NBCLAB9057,A,UPG-EG22-004,bulk10,Agung/Masdar,01.08.2022,Langkai,12.8,rubble + sand,Indonesia,Makassar,NCBN001527,EG009,B2,B02,-5.028175,119.090362,forams
e1100016634_NBCLAB9057b_UPG_EG22_004_bulk11_EG009_B2_C02_ForamPools_102191_10_CTCCGCTTATGCTCTTAGGT_L001_merged_trimmed_filtered,e1100016634_NBCLAB9057b_UPG-EG22-004-bulk11_EG009_B2_C02_ForamPools_102191-10,1100016634,NBCLAB9057,B,UPG-EG22-004,bulk11,Agung/Masdar,01.08.2022,Langkai,12.8,rubble + sand,Indonesia,Makassar,NCBN001527,EG009,B2,C02,-5.028175,119.090362,forams
e1100016646_NBCLAB9057c_UPG_EG22_004_bulk12_EG009_B2_D02_ForamPools_102191_11_CTCCGCTTATTAGAAGCCAT_L001_merged_trimmed_filtered,e1100016646_NBCLAB9057c_UPG-EG22-004-bulk12_EG009_B2_D02_ForamPools_102191-11,1100016646,NBCLAB9057,C,UPG-EG22-004,bulk12,Agung/Masdar,01.08.2022,Langkai,12.8,rubble + sand,Indonesia,Makassar,NCBN001527,EG009,B2,D02,-5.028175,119.090362,forams
e1100016737_NBCLAB9107a_UPG_EG22_054_bulk160_EG010_B4_C09_ForamPools_102191_450_ACGAAGTGCGTTAACAGGTC_L001_merged_trimmed_filtered,e1100016737_NBCLAB9107a_UPG-EG22-054-bulk160_EG010_B4_C09_ForamPools_102191-450,1100016737,NBCLAB9107,A,UPG-EG22-054,bulk160,Agung/Masdar,07.08.2022,Karanrang,12.9,rubble + sand + algae,Indonesia,Makassar,NCBN001528,EG010,B4,C09,-4.852461,119.376016,forams
e1100016749_NBCLAB9107b_UPG_EG22_054_bulk161_EG010_B4_D09_ForamPools_102191_451_ACGAAGTGCGACATGAGCCA_L001_merged_trimmed_filtered,e1100016749_NBCLAB9107b_UPG-EG22-054-bulk161_EG010_B4_D09_ForamPools_102191-451,1100016749,NBCLAB9107,B,UPG-EG22-054,bulk161,Agung/Masdar,07.08.2022,Karanrang,12.9,rubble + sand + algae,Indonesia,Makassar,NCBN001528,EG010,B4,D09,-4.852461,119.376016,forams
e1100016761_NBCLAB9107c_UPG_EG22_054_bulk162_EG010_B4_E09_ForamPools_102191_452_ACGAAGTGCGGCGAGGTTCT_L001_merged_trimmed_filtered,e1100016761_NBCLAB9107c_UPG-EG22-054-bulk162_EG010_B4_E09_ForamPools_102191-452,1100016761,NBCLAB9107,C,UPG-EG22-054,bulk162,Agung/Masdar,07.08.2022,Karanrang,12.9,rubble + sand + algae,Indonesia,Makassar,NCBN001528,EG010,B4,E09,-4.852461,119.376016,forams
e1100016674_NBCLAB9069a_UPG_EG22_016_bulk46_EG009_B2_F06_ForamPools_102191_45_CGCAGCTAGAATAGGTAAGG_L001_merged_trimmed_filtered,e1100016674_NBCLAB9069a_UPG-EG22-016-bulk46_EG009_B2_F06_ForamPools_102191-45,1100016674,NBCLAB9069,A,UPG-EG22-016,bulk46,Agung/Masdar,02.08.2022,Samalona,13,rubble + algae,Indonesia,Makassar,NCBN001527,EG009,B2,F06,-5.074183,119.422367,forams
e1100016686_NBCLAB9069b_UPG_EG22_016_bulk47_EG009_B2_G06_ForamPools_102191_46_CGCAGCTAGACGCCTTATAT_L001_merged_trimmed_filtered,e1100016686_NBCLAB9069b_UPG-EG22-016-bulk47_EG009_B2_G06_ForamPools_102191-46,1100016686,NBCLAB9069,B,UPG-EG22-016,bulk47,Agung/Masdar,02.08.2022,Samalona,13,rubble + algae,Indonesia,Makassar,NCBN001527,EG009,B2,G06,-5.074183,119.422367,forams
e1100016698_NBCLAB9069c_UPG_EG22_016_bulk48_EG009_B2_H06_ForamPools_102191_47_CGCAGCTAGAGCACGATGCT_L001_merged_trimmed_filtered,e1100016698_NBCLAB9069c_UPG-EG22-016-bulk48_EG009_B2_H06_ForamPools_102191-47,1100016698,NBCLAB9069,C,UPG-EG22-016,bulk48,Agung/Masdar,02.08.2022,Samalona,13,rubble + algae,Indonesia,Makassar,NCBN001527,EG009,B2,H06,-5.074183,119.422367,forams
e1100016936_NBCLAB9156a_UPG_EG22_102_bulk307_EG012_B8_D04_ForamPools_102191_1179_GTGGCAACATGTTGCATCGT_L001_merged_trimmed_filtered,e1100016936_NBCLAB9156a_UPG-EG22-102-bulk307_EG012_B8_D04_ForamPools_102191-1179,1100016936,NBCLAB9156,A,UPG-EG22-102,bulk307,Agung/Masdar,22.08.2022,Padjenekang,13.6,rubble + algae,Indonesia,Makassar,NCBN001530,EG012,B8,D04,-4.97136,119.32219,forams
e1100016948_NBCLAB9156b_UPG_EG22_102_bulk308_EG012_B8_E04_ForamPools_102191_1180_GTGGCAACATACTGGACGTT_L001_merged_trimmed_filtered,e1100016948_NBCLAB9156b_UPG-EG22-102-bulk308_EG012_B8_E04_ForamPools_102191-1180,1100016948,NBCLAB9156,B,UPG-EG22-102,bulk308,Agung/Masdar,22.08.2022,Padjenekang,13.6,rubble + algae,Indonesia,Makassar,NCBN001530,EG012,B8,E04,-4.97136,119.32219,forams
e1100016960_NBCLAB9156c_UPG_EG22_102_bulk309_EG012_B8_F04_ForamPools_102191_1181_GTGGCAACATTTGTTCGTGT_L001_merged_trimmed_filtered,e1100016960_NBCLAB9156c_UPG-EG22-102-bulk309_EG012_B8_F04_ForamPools_102191-1181,1100016960,NBCLAB9156,C,UPG-EG22-102,bulk309,Agung/Masdar,22.08.2022,Padjenekang,13.6,rubble + algae,Indonesia,Makassar,NCBN001530,EG012,B8,F04,-4.97136,119.32219,forams
e1100016969_NBCLAB9149a_UPG_EG22_096_bulk286_EG012_B8_G01_ForamPools_102191_1158_GACCAAGTTAACGGACTGAG_L001_merged_trimmed_filtered,e1100016969_NBCLAB9149a_UPG-EG22-096-bulk286_EG012_B8_G01_ForamPools_102191-1158,1100016969,NBCLAB9149,A,UPG-EG22-096,bulk286,Agung/Masdar,20.08.2022,Polewali,13.9,sand,Indonesia,Makassar,NCBN001530,EG012,B8,G01,-5,119,forams
e1100016981_NBCLAB9149b_UPG_EG22_096_bulk287_EG012_B8_H01_ForamPools_102191_1159_GACCAAGTTACACCGTCATA_L001_merged_trimmed_filtered,e1100016981_NBCLAB9149b_UPG-EG22-096-bulk287_EG012_B8_H01_ForamPools_102191-1159,1100016981,NBCLAB9149,B,UPG-EG22-096,bulk287,Agung/Masdar,20.08.2022,Polewali,13.9,sand,Indonesia,Makassar,NCBN001530,EG012,B8,H01,-5,119,forams
e1100016898_NBCLAB9149c_UPG_EG22_096_bulk288_EG012_B8_A02_ForamPools_102191_1160_CTCCGCTTATAAGATCGGAT_L001_merged_trimmed_filtered,e1100016898_NBCLAB9149c_UPG-EG22-096-bulk288_EG012_B8_A02_ForamPools_102191-1160,1100016898,NBCLAB9149,C,UPG-EG22-096,bulk288,Agung/Masdar,20.08.2022,Polewali,13.9,sand,Indonesia,Makassar,NCBN001530,EG012,B8,A02,-5,119,forams
e1100016641_NBCLAB9076a_UPG_EG22_023_bulk67_EG009_B2_C09_ForamPools_102191_66_ACGAAGTGCGGCTCTTAGGT_L001_merged_trimmed_filtered,e1100016641_NBCLAB9076a_UPG-EG22-023-bulk67_EG009_B2_C09_ForamPools_102191-66,1100016641,NBCLAB9076,A,UPG-EG22-023,bulk67,Agung/Supa,03.08.2022,Badi,14.6,rubble,Indonesia,Makassar,NCBN001527,EG009,B2,C09,-4.9717,119.283083,forams
e1100016653_NBCLAB9076b_UPG_EG22_023_bulk68_EG009_B2_D09_ForamPools_102191_67_ACGAAGTGCGTAGAAGCCAT_L001_merged_trimmed_filtered,e1100016653_NBCLAB9076b_UPG-EG22-023-bulk68_EG009_B2_D09_ForamPools_102191-67,1100016653,NBCLAB9076,B,UPG-EG22-023,bulk68,Agung/Supa,03.08.2022,Badi,14.6,rubble,Indonesia,Makassar,NCBN001527,EG009,B2,D09,-4.9717,119.283083,forams
e1100016665_NBCLAB9076c_UPG_EG22_023_bulk69_EG009_B2_E09_ForamPools_102191_68_ACGAAGTGCGCACTTAGGTA_L001_merged_trimmed_filtered,e1100016665_NBCLAB9076c_UPG-EG22-023-bulk69_EG009_B2_E09_ForamPools_102191-68,1100016665,NBCLAB9076,C,UPG-EG22-023,bulk69,Agung/Supa,03.08.2022,Badi,14.6,rubble,Indonesia,Makassar,NCBN001527,EG009,B2,E09,-4.9717,119.283083,forams
e1100016777_NBCLAB9087a_UPG_EG22_034_bulk100_EG010_B4_G01_ForamPools_102191_390_GACCAAGTTACATTATGCCT_L001_merged_trimmed_filtered,e1100016777_NBCLAB9087a_UPG-EG22-034-bulk100_EG010_B4_G01_ForamPools_102191-390,1100016777,NBCLAB9087,A,UPG-EG22-034,bulk100,Agung/Masdar,05.08.2022,K. Keke,14.7,rubble + algae,Indonesia,Makassar,NCBN001528,EG010,B4,G01,-5.10323,119.28475,forams
e1100016770_NBCLAB9100a_UPG_EG22_047_bulk139_EG010_B4_F06_ForamPools_102191_429_CGCAGCTAGATGTCCGTAGG_L001_merged_trimmed_filtered,e1100016770_NBCLAB9100a_UPG-EG22-047-bulk139_EG010_B4_F06_ForamPools_102191-429,1100016770,NBCLAB9100,A,UPG-EG22-047,bulk139,Agung/Masdar,06.08.2022,Langkadea,14.7,sand,Indonesia,Makassar,NCBN001528,EG010,B4,F06,-4.925,119.399,forams
e1100016789_NBCLAB9087b_UPG_EG22_034_bulk101_EG010_B4_H01_ForamPools_102191_391_GACCAAGTTATCCACTGTTG_L001_merged_trimmed_filtered,e1100016789_NBCLAB9087b_UPG-EG22-034-bulk101_EG010_B4_H01_ForamPools_102191-391,1100016789,NBCLAB9087,B,UPG-EG22-034,bulk101,Agung/Masdar,05.08.2022,K. Keke,14.7,rubble + algae,Indonesia,Makassar,NCBN001528,EG010,B4,H01,-5.10323,119.28475,forams
e1100016782_NBCLAB9100b_UPG_EG22_047_bulk140_EG010_B4_G06_ForamPools_102191_430_CGCAGCTAGACATTATGCCT_L001_merged_trimmed_filtered,e1100016782_NBCLAB9100b_UPG-EG22-047-bulk140_EG010_B4_G06_ForamPools_102191-430,1100016782,NBCLAB9100,B,UPG-EG22-047,bulk140,Agung/Masdar,06.08.2022,Langkadea,14.7,sand,Indonesia,Makassar,NCBN001528,EG010,B4,G06,-4.925,119.399,forams
e1100016706_NBCLAB9087c_UPG_EG22_034_bulk102_EG010_B4_A02_ForamPools_102191_392_CTCCGCTTATAATATGCCAG_L001_merged_trimmed_filtered,e1100016706_NBCLAB9087c_UPG-EG22-034-bulk102_EG010_B4_A02_ForamPools_102191-392,1100016706,NBCLAB9087,C,UPG-EG22-034,bulk102,Agung/Masdar,05.08.2022,K. Keke,14.7,rubble + algae,Indonesia,Makassar,NCBN001528,EG010,B4,A02,-5.10323,119.28475,forams
e1100016794_NBCLAB9100c_UPG_EG22_047_bulk141_EG010_B4_H06_ForamPools_102191_431_CGCAGCTAGATCCACTGTTG_L001_merged_trimmed_filtered,e1100016794_NBCLAB9100c_UPG-EG22-047-bulk141_EG010_B4_H06_ForamPools_102191-431,1100016794,NBCLAB9100,C,UPG-EG22-047,bulk141,Agung/Masdar,06.08.2022,Langkadea,14.7,sand,Indonesia,Makassar,NCBN001528,EG010,B4,H06,-4.925,119.399,forams
e1100016846_NBCLAB9141a_UPG_EG22_088_bulk262_EG011_B6_D10_ForamPools_102191_843_GAATAGCAAGCAGCGGTATG_L001_merged_trimmed_filtered,e1100016846_NBCLAB9141a_UPG-EG22-088-bulk262_EG011_B6_D10_ForamPools_102191-843,1100016846,NBCLAB9141,A,UPG-EG22-088,bulk262,Agung/Supa,17.08.2022,Lumulumu,14.8,rubble,Indonesia,Makassar,NCBN001529,EG011,B6,D10,-4.97522,119.20795,forams
e1100016858_NBCLAB9141b_UPG_EG22_088_bulk263_EG011_B6_E10_ForamPools_102191_844_GAATAGCAAGGCTACTTGCA_L001_merged_trimmed_filtered,e1100016858_NBCLAB9141b_UPG-EG22-088-bulk263_EG011_B6_E10_ForamPools_102191-844,1100016858,NBCLAB9141,B,UPG-EG22-088,bulk263,Agung/Supa,17.08.2022,Lumulumu,14.8,rubble,Indonesia,Makassar,NCBN001529,EG011,B6,E10,-4.97522,119.20795,forams
e1100016870_NBCLAB9141c_UPG_EG22_088_bulk264_EG011_B6_F10_ForamPools_102191_845_GAATAGCAAGGCTATTGAAG_L001_merged_trimmed_filtered,e1100016870_NBCLAB9141c_UPG-EG22-088-bulk264_EG011_B6_F10_ForamPools_102191-845,1100016870,NBCLAB9141,C,UPG-EG22-088,bulk264,Agung/Supa,17.08.2022,Lumulumu,14.8,rubble,Indonesia,Makassar,NCBN001529,EG011,B6,F10,-4.97522,119.20795,forams
e1100016681_NBCLAB9056a_UPG_EG22_003_bulk7_EG009_B2_G01_ForamPools_102191_6_GACCAAGTTACGCCTTATAT_L001_merged_trimmed_filtered,e1100016681_NBCLAB9056a_UPG-EG22-003-bulk7_EG009_B2_G01_ForamPools_102191-6,1100016681,NBCLAB9056,A,UPG-EG22-003,bulk7,Agung/Masdar,01.08.2022,Langkai,15.3,rubble,Indonesia,Makassar,NCBN001527,EG009,B2,G01,-5.028175,119.090362,forams
e1100016693_NBCLAB9056b_UPG_EG22_003_bulk8_EG009_B2_H01_ForamPools_102191_7_GACCAAGTTAGCACGATGCT_L001_merged_trimmed_filtered,e1100016693_NBCLAB9056b_UPG-EG22-003-bulk8_EG009_B2_H01_ForamPools_102191-7,1100016693,NBCLAB9056,B,UPG-EG22-003,bulk8,Agung/Masdar,01.08.2022,Langkai,15.3,rubble,Indonesia,Makassar,NCBN001527,EG009,B2,H01,-5.028175,119.090362,forams
e1100016610_NBCLAB9056c_UPG_EG22_003_bulk9_EG009_B2_A02_ForamPools_102191_8_CTCCGCTTATGTCGTGAATC_L001_merged_trimmed_filtered,e1100016610_NBCLAB9056c_UPG-EG22-003-bulk9_EG009_B2_A02_ForamPools_102191-8,1100016610,NBCLAB9056,C,UPG-EG22-003,bulk9,Agung/Masdar,01.08.2022,Langkai,15.3,rubble,Indonesia,Makassar,NCBN001527,EG009,B2,A02,-5.028175,119.090362,forams
e1100016727_NBCLAB9112a_UPG_EG22_059_bulk175_EG010_B4_B11_ForamPools_102191_465_CCTGGTGAGATAGAGTCACG_L001_merged_trimmed_filtered,e1100016727_NBCLAB9112a_UPG-EG22-059-bulk175_EG010_B4_B11_ForamPools_102191-465,1100016727,NBCLAB9112,A,UPG-EG22-059,bulk175,Agung/Masdar,07.08.2022,Karanrang,15.9,sand,Indonesia,Makassar,NCBN001528,EG010,B4,B11,-4.852461,119.376016,forams
e1100016739_NBCLAB9112b_UPG_EG22_059_bulk176_EG010_B4_C11_ForamPools_102191_466_CCTGGTGAGATTAACAGGTC_L001_merged_trimmed_filtered,e1100016739_NBCLAB9112b_UPG-EG22-059-bulk176_EG010_B4_C11_ForamPools_102191-466,1100016739,NBCLAB9112,B,UPG-EG22-059,bulk176,Agung/Masdar,07.08.2022,Karanrang,15.9,sand,Indonesia,Makassar,NCBN001528,EG010,B4,C11,-4.852461,119.376016,forams
e1100016751_NBCLAB9112c_UPG_EG22_059_bulk177_EG010_B4_D11_ForamPools_102191_467_CCTGGTGAGAACATGAGCCA_L001_merged_trimmed_filtered,e1100016751_NBCLAB9112c_UPG-EG22-059-bulk177_EG010_B4_D11_ForamPools_102191-467,1100016751,NBCLAB9112,C,UPG-EG22-059,bulk177,Agung/Masdar,07.08.2022,Karanrang,15.9,sand,Indonesia,Makassar,NCBN001528,EG010,B4,D11,-4.852461,119.376016,forams
e1100016651_NBCLAB9071a_UPG_EG22_018_bulk52_EG009_B2_D07_ForamPools_102191_51_ACGCTAATCTTAGAAGCCAT_L001_merged_trimmed_filtered,e1100016651_NBCLAB9071a_UPG-EG22-018-bulk52_EG009_B2_D07_ForamPools_102191-51,1100016651,NBCLAB9071,A,UPG-EG22-018,bulk52,Agung/Masdar,02.08.2022,Samalona,16.5,rubble + algae,Indonesia,Makassar,NCBN001527,EG009,B2,D07,-5.074183,119.422367,forams
e1100016663_NBCLAB9071b_UPG_EG22_018_bulk53_EG009_B2_E07_ForamPools_102191_52_ACGCTAATCTCACTTAGGTA_L001_merged_trimmed_filtered,e1100016663_NBCLAB9071b_UPG-EG22-018-bulk53_EG009_B2_E07_ForamPools_102191-52,1100016663,NBCLAB9071,B,UPG-EG22-018,bulk53,Agung/Masdar,02.08.2022,Samalona,16.5,rubble + algae,Indonesia,Makassar,NCBN001527,EG009,B2,E07,-5.074183,119.422367,forams
e1100016675_NBCLAB9071c_UPG_EG22_018_bulk54_EG009_B2_F07_ForamPools_102191_53_ACGCTAATCTATAGGTAAGG_L001_merged_trimmed_filtered,e1100016675_NBCLAB9071c_UPG-EG22-018-bulk54_EG009_B2_F07_ForamPools_102191-53,1100016675,NBCLAB9071,C,UPG-EG22-018,bulk54,Agung/Masdar,02.08.2022,Samalona,16.5,rubble + algae,Indonesia,Makassar,NCBN001527,EG009,B2,F07,-5.074183,119.422367,forams
e1100016923_NBCLAB9153a_UPG_EG22_099_bulk298_EG012_B8_C03_ForamPools_102191_1170_ATTAAGGTCGATTACCGATC_L001_merged_trimmed_filtered,e1100016923_NBCLAB9153a_UPG-EG22-099-bulk298_EG012_B8_C03_ForamPools_102191-1170,1100016923,NBCLAB9153,A,UPG-EG22-099,bulk298,Agung/Masdar,22.08.2022,Padjenekang,16.9,rubble,Indonesia,Makassar,NCBN001530,EG012,B8,C03,-4.97136,119.32219,forams
e1100016935_NBCLAB9153b_UPG_EG22_099_bulk299_EG012_B8_D03_ForamPools_102191_1171_ATTAAGGTCGGTTGCATCGT_L001_merged_trimmed_filtered,e1100016935_NBCLAB9153b_UPG-EG22-099-bulk299_EG012_B8_D03_ForamPools_102191-1171,1100016935,NBCLAB9153,B,UPG-EG22-099,bulk299,Agung/Masdar,22.08.2022,Padjenekang,16.9,rubble,Indonesia,Makassar,NCBN001530,EG012,B8,D03,-4.97136,119.32219,forams
e1100016947_NBCLAB9153c_UPG_EG22_099_bulk300_EG012_B8_E03_ForamPools_102191_1172_ATTAAGGTCGACTGGACGTT_L001_merged_trimmed_filtered,e1100016947_NBCLAB9153c_UPG-EG22-099-bulk300_EG012_B8_E03_ForamPools_102191-1172,1100016947,NBCLAB9153,C,UPG-EG22-099,bulk300,Agung/Masdar,22.08.2022,Padjenekang,16.9,rubble,Indonesia,Makassar,NCBN001530,EG012,B8,E03,-4.97136,119.32219,forams
e1100016817_NBCLAB9127a_UPG_EG22_074_bulk220_EG011_B6_B05_ForamPools_102191_801_TGACCTGCTGTCCTCGAGCT_L001_merged_trimmed_filtered,e1100016817_NBCLAB9127a_UPG-EG22-074-bulk220_EG011_B6_B05_ForamPools_102191-801,1100016817,NBCLAB9127,A,UPG-EG22-074,bulk220,Agung/Masdar,12.08.2022,Kapoposang Masdar point,17,rubble + sand,Indonesia,Makassar,NCBN001529,EG011,B6,B05,-4.690487,118.94747,forams
e1100016829_NBCLAB9127b_UPG_EG22_074_bulk221_EG011_B6_C05_ForamPools_102191_802_TGACCTGCTGCGAGTAATGT_L001_merged_trimmed_filtered,e1100016829_NBCLAB9127b_UPG-EG22-074-bulk221_EG011_B6_C05_ForamPools_102191-802,1100016829,NBCLAB9127,B,UPG-EG22-074,bulk221,Agung/Masdar,12.08.2022,Kapoposang Masdar point,17,rubble + sand,Indonesia,Makassar,NCBN001529,EG011,B6,C05,-4.690487,118.94747,forams
e1100016841_NBCLAB9127c_UPG_EG22_074_bulk222_EG011_B6_D05_ForamPools_102191_803_TGACCTGCTGCAGCGGTATG_L001_merged_trimmed_filtered,e1100016841_NBCLAB9127c_UPG-EG22-074-bulk222_EG011_B6_D05_ForamPools_102191-803,1100016841,NBCLAB9127,C,UPG-EG22-074,bulk222,Agung/Masdar,12.08.2022,Kapoposang Masdar point,17,rubble + sand,Indonesia,Makassar,NCBN001529,EG011,B6,D05,-4.690487,118.94747,forams
e1100016635_NBCLAB9060a_UPG_EG22_007_bulk19_EG009_B2_C03_ForamPools_102191_18_ATTAAGGTCGGCTCTTAGGT_L001_merged_trimmed_filtered,e1100016635_NBCLAB9060a_UPG-EG22-007-bulk19_EG009_B2_C03_ForamPools_102191-18,1100016635,NBCLAB9060,A,UPG-EG22-007,bulk19,Agung/Masdar,01.08.2022,Langkai,17.3,rubble,Indonesia,Makassar,NCBN001527,EG009,B2,C03,-5.028175,119.090362,forams
e1100016647_NBCLAB9060b_UPG_EG22_007_bulk20_EG009_B2_D03_ForamPools_102191_19_ATTAAGGTCGTAGAAGCCAT_L001_merged_trimmed_filtered,e1100016647_NBCLAB9060b_UPG-EG22-007-bulk20_EG009_B2_D03_ForamPools_102191-19,1100016647,NBCLAB9060,B,UPG-EG22-007,bulk20,Agung/Masdar,01.08.2022,Langkai,17.3,rubble,Indonesia,Makassar,NCBN001527,EG009,B2,D03,-5.028175,119.090362,forams
e1100016659_NBCLAB9060c_UPG_EG22_007_bulk21_EG009_B2_E03_ForamPools_102191_20_ATTAAGGTCGCACTTAGGTA_L001_merged_trimmed_filtered,e1100016659_NBCLAB9060c_UPG-EG22-007-bulk21_EG009_B2_E03_ForamPools_102191-20,1100016659,NBCLAB9060,C,UPG-EG22-007,bulk21,Agung/Masdar,01.08.2022,Langkai,17.3,rubble,Indonesia,Makassar,NCBN001527,EG009,B2,E03,-5.028175,119.090362,forams
e1100016664_NBCLAB9074a_UPG_EG22_021_bulk61_EG009_B2_E08_ForamPools_102191_60_GTTGTTACCTCACTTAGGTA_L001_merged_trimmed_filtered,e1100016664_NBCLAB9074a_UPG-EG22-021-bulk61_EG009_B2_E08_ForamPools_102191-60,1100016664,NBCLAB9074,A,UPG-EG22-021,bulk61,Agung/Supa,03.08.2022,Badi,17.4,rubble,Indonesia,Makassar,NCBN001527,EG009,B2,E08,-4.9717,119.283083,forams
e1100016676_NBCLAB9074b_UPG_EG22_021_bulk62_EG009_B2_F08_ForamPools_102191_61_GTTGTTACCTATAGGTAAGG_L001_merged_trimmed_filtered,e1100016676_NBCLAB9074b_UPG-EG22-021-bulk62_EG009_B2_F08_ForamPools_102191-61,1100016676,NBCLAB9074,B,UPG-EG22-021,bulk62,Agung/Supa,03.08.2022,Badi,17.4,rubble,Indonesia,Makassar,NCBN001527,EG009,B2,F08,-4.9717,119.283083,forams
e1100016688_NBCLAB9074c_UPG_EG22_021_bulk63_EG009_B2_G08_ForamPools_102191_62_GTTGTTACCTCGCCTTATAT_L001_merged_trimmed_filtered,e1100016688_NBCLAB9074c_UPG-EG22-021-bulk63_EG009_B2_G08_ForamPools_102191-62,1100016688,NBCLAB9074,C,UPG-EG22-021,bulk63,Agung/Supa,03.08.2022,Badi,17.4,rubble,Indonesia,Makassar,NCBN001527,EG009,B2,G08,-4.9717,119.283083,forams
e1100016767_NBCLAB9092a_UPG_EG22_039_bulk115_EG010_B4_F03_ForamPools_102191_405_ATTAAGGTCGTGTCCGTAGG_L001_merged_trimmed_filtered,e1100016767_NBCLAB9092a_UPG-EG22-039-bulk115_EG010_B4_F03_ForamPools_102191-405,1100016767,NBCLAB9092,A,UPG-EG22-039,bulk115,Agung/Masdar,05.08.2022,K. Keke,17.5,rubble,Indonesia,Makassar,NCBN001528,EG010,B4,F03,-5.10323,119.28475,forams
e1100016779_NBCLAB9092b_UPG_EG22_039_bulk116_EG010_B4_G03_ForamPools_102191_406_ATTAAGGTCGCATTATGCCT_L001_merged_trimmed_filtered,e1100016779_NBCLAB9092b_UPG-EG22-039-bulk116_EG010_B4_G03_ForamPools_102191-406,1100016779,NBCLAB9092,B,UPG-EG22-039,bulk116,Agung/Masdar,05.08.2022,K. Keke,17.5,rubble,Indonesia,Makassar,NCBN001528,EG010,B4,G03,-5.10323,119.28475,forams
e1100016791_NBCLAB9092c_UPG_EG22_039_bulk117_EG010_B4_H03_ForamPools_102191_407_ATTAAGGTCGTCCACTGTTG_L001_merged_trimmed_filtered,e1100016791_NBCLAB9092c_UPG-EG22-039-bulk117_EG010_B4_H03_ForamPools_102191-407,1100016791,NBCLAB9092,C,UPG-EG22-039,bulk117,Agung/Masdar,05.08.2022,K. Keke,17.5,rubble,Indonesia,Makassar,NCBN001528,EG010,B4,H03,-5.10323,119.28475,forams
e1100016869_NBCLAB9139a_UPG_EG22_086_bulk256_EG011_B6_F09_ForamPools_102191_837_ACGAAGTGCGGCTATTGAAG_L001_merged_trimmed_filtered,e1100016869_NBCLAB9139a_UPG-EG22-086-bulk256_EG011_B6_F09_ForamPools_102191-837,1100016869,NBCLAB9139,A,UPG-EG22-086,bulk256,Agung/Supa,17.08.2022,Lumulumu,17.6,rubble + sand,Indonesia,Makassar,NCBN001529,EG011,B6,F09,-4.97522,119.20795,forams
e1100016881_NBCLAB9139b_UPG_EG22_086_bulk257_EG011_B6_G09_ForamPools_102191_838_ACGAAGTGCGTCAGCATCCG_L001_merged_trimmed_filtered,e1100016881_NBCLAB9139b_UPG-EG22-086-bulk257_EG011_B6_G09_ForamPools_102191-838,1100016881,NBCLAB9139,B,UPG-EG22-086,bulk257,Agung/Supa,17.08.2022,Lumulumu,17.6,rubble + sand,Indonesia,Makassar,NCBN001529,EG011,B6,G09,-4.97522,119.20795,forams
e1100016893_NBCLAB9139c_UPG_EG22_086_bulk258_EG011_B6_H09_ForamPools_102191_839_ACGAAGTGCGTAGGTGGTGG_L001_merged_trimmed_filtered,e1100016893_NBCLAB9139c_UPG-EG22-086-bulk258_EG011_B6_H09_ForamPools_102191-839,1100016893,NBCLAB9139,C,UPG-EG22-086,bulk258,Agung/Supa,17.08.2022,Lumulumu,17.6,rubble + sand,Indonesia,Makassar,NCBN001529,EG011,B6,H09,-4.97522,119.20795,forams
e1100016648_NBCLAB9063a_UPG_EG22_010_bulk28_EG009_B2_D04_ForamPools_102191_27_GTGGCAACATTAGAAGCCAT_L001_merged_trimmed_filtered,e1100016648_NBCLAB9063a_UPG-EG22-010-bulk28_EG009_B2_D04_ForamPools_102191-27,1100016648,NBCLAB9063,A,UPG-EG22-010,bulk28,Agung/Masdar,01.08.2022,Langkai,19.1,rubble + sand,Indonesia,Makassar,NCBN001527,EG009,B2,D04,-5.028175,119.090362,forams
e1100016660_NBCLAB9063b_UPG_EG22_010_bulk29_EG009_B2_E04_ForamPools_102191_28_GTGGCAACATCACTTAGGTA_L001_merged_trimmed_filtered,e1100016660_NBCLAB9063b_UPG-EG22-010-bulk29_EG009_B2_E04_ForamPools_102191-28,1100016660,NBCLAB9063,B,UPG-EG22-010,bulk29,Agung/Masdar,01.08.2022,Langkai,19.1,rubble + sand,Indonesia,Makassar,NCBN001527,EG009,B2,E04,-5.028175,119.090362,forams
e1100016672_NBCLAB9063c_UPG_EG22_010_bulk30_EG009_B2_F04_ForamPools_102191_29_GTGGCAACATATAGGTAAGG_L001_merged_trimmed_filtered,e1100016672_NBCLAB9063c_UPG-EG22-010-bulk30_EG009_B2_F04_ForamPools_102191-29,1100016672,NBCLAB9063,C,UPG-EG22-010,bulk30,Agung/Masdar,01.08.2022,Langkai,19.1,rubble + sand,Indonesia,Makassar,NCBN001527,EG009,B2,F04,-5.028175,119.090362,forams
e1100016638_NBCLAB9068a_UPG_EG22_015_bulk43_EG009_B2_C06_ForamPools_102191_42_CGCAGCTAGAGCTCTTAGGT_L001_merged_trimmed_filtered,e1100016638_NBCLAB9068a_UPG-EG22-015-bulk43_EG009_B2_C06_ForamPools_102191-42,1100016638,NBCLAB9068,A,UPG-EG22-015,bulk43,Agung/Masdar,02.08.2022,Samalona,19.5,rubble + sand,Indonesia,Makassar,NCBN001527,EG009,B2,C06,-5.074183,119.422367,forams
e1100016959_NBCLAB9154a_UPG_EG22_100_bulk301_EG012_B8_F03_ForamPools_102191_1173_ATTAAGGTCGTTGTTCGTGT_L001_merged_trimmed_filtered,e1100016959_NBCLAB9154a_UPG-EG22-100-bulk301_EG012_B8_F03_ForamPools_102191-1173,1100016959,NBCLAB9154,A,UPG-EG22-100,bulk301,Agung/Masdar,22.08.2022,Padjenekang,19.5,rubble + sand,Indonesia,Makassar,NCBN001530,EG012,B8,F03,-4.97136,119.32219,forams
e1100016650_NBCLAB9068b_UPG_EG22_015_bulk44_EG009_B2_D06_ForamPools_102191_43_CGCAGCTAGATAGAAGCCAT_L001_merged_trimmed_filtered,e1100016650_NBCLAB9068b_UPG-EG22-015-bulk44_EG009_B2_D06_ForamPools_102191-43,1100016650,NBCLAB9068,B,UPG-EG22-015,bulk44,Agung/Masdar,02.08.2022,Samalona,19.5,rubble + sand,Indonesia,Makassar,NCBN001527,EG009,B2,D06,-5.074183,119.422367,forams
e1100016971_NBCLAB9154b_UPG_EG22_100_bulk302_EG012_B8_G03_ForamPools_102191_1174_ATTAAGGTCGACGGACTGAG_L001_merged_trimmed_filtered,e1100016971_NBCLAB9154b_UPG-EG22-100-bulk302_EG012_B8_G03_ForamPools_102191-1174,1100016971,NBCLAB9154,B,UPG-EG22-100,bulk302,Agung/Masdar,22.08.2022,Padjenekang,19.5,rubble + sand,Indonesia,Makassar,NCBN001530,EG012,B8,G03,-4.97136,119.32219,forams
e1100016662_NBCLAB9068c_UPG_EG22_015_bulk45_EG009_B2_E06_ForamPools_102191_44_CGCAGCTAGACACTTAGGTA_L001_merged_trimmed_filtered,e1100016662_NBCLAB9068c_UPG-EG22-015-bulk45_EG009_B2_E06_ForamPools_102191-44,1100016662,NBCLAB9068,C,UPG-EG22-015,bulk45,Agung/Masdar,02.08.2022,Samalona,19.5,rubble + sand,Indonesia,Makassar,NCBN001527,EG009,B2,E06,-5.074183,119.422367,forams
e1100016983_NBCLAB9154c_UPG_EG22_100_bulk303_EG012_B8_H03_ForamPools_102191_1175_ATTAAGGTCGCACCGTCATA_L001_merged_trimmed_filtered,e1100016983_NBCLAB9154c_UPG-EG22-100-bulk303_EG012_B8_H03_ForamPools_102191-1175,1100016983,NBCLAB9154,C,UPG-EG22-100,bulk303,Agung/Masdar,22.08.2022,Padjenekang,19.5,rubble + sand,Indonesia,Makassar,NCBN001530,EG012,B8,H03,-4.97136,119.32219,forams
e1100016721_NBCLAB9096a_UPG_EG22_043_bulk127_EG010_B4_B05_ForamPools_102191_417_TGACCTGCTGTAGAGTCACG_L001_merged_trimmed_filtered,e1100016721_NBCLAB9096a_UPG-EG22-043-bulk127_EG010_B4_B05_ForamPools_102191-417,1100016721,NBCLAB9096,A,UPG-EG22-043,bulk127,Agung/Masdar,05.08.2022,K. Keke,20.1,rubble,Indonesia,Makassar,NCBN001528,EG010,B4,B05,-5.10323,119.28475,forams
e1100016733_NBCLAB9096b_UPG_EG22_043_bulk128_EG010_B4_C05_ForamPools_102191_418_TGACCTGCTGTTAACAGGTC_L001_merged_trimmed_filtered,e1100016733_NBCLAB9096b_UPG-EG22-043-bulk128_EG010_B4_C05_ForamPools_102191-418,1100016733,NBCLAB9096,B,UPG-EG22-043,bulk128,Agung/Masdar,05.08.2022,K. Keke,20.1,rubble,Indonesia,Makassar,NCBN001528,EG010,B4,C05,-5.10323,119.28475,forams
e1100016745_NBCLAB9096c_UPG_EG22_043_bulk129_EG010_B4_D05_ForamPools_102191_419_TGACCTGCTGACATGAGCCA_L001_merged_trimmed_filtered,e1100016745_NBCLAB9096c_UPG-EG22-043-bulk129_EG010_B4_D05_ForamPools_102191-419,1100016745,NBCLAB9096,C,UPG-EG22-043,bulk129,Agung/Masdar,05.08.2022,K. Keke,20.1,rubble,Indonesia,Makassar,NCBN001528,EG010,B4,D05,-5.10323,119.28475,forams
e1100016823_NBCLAB9143a_UPG_EG22_090_bulk268_EG011_B6_B11_ForamPools_102191_849_CCTGGTGAGATCCTCGAGCT_L001_merged_trimmed_filtered,e1100016823_NBCLAB9143a_UPG-EG22-090-bulk268_EG011_B6_B11_ForamPools_102191-849,1100016823,NBCLAB9143,A,UPG-EG22-090,bulk268,Agung/Supa,17.08.2022,Lumulumu,20.2,rubble + sand,Indonesia,Makassar,NCBN001529,EG011,B6,B11,-4.97522,119.20795,forams
e1100016835_NBCLAB9143b_UPG_EG22_090_bulk269_EG011_B6_C11_ForamPools_102191_850_CCTGGTGAGACGAGTAATGT_L001_merged_trimmed_filtered,e1100016835_NBCLAB9143b_UPG-EG22-090-bulk269_EG011_B6_C11_ForamPools_102191-850,1100016835,NBCLAB9143,B,UPG-EG22-090,bulk269,Agung/Supa,17.08.2022,Lumulumu,20.2,rubble + sand,Indonesia,Makassar,NCBN001529,EG011,B6,C11,-4.97522,119.20795,forams
e1100016847_NBCLAB9143c_UPG_EG22_090_bulk270_EG011_B6_D11_ForamPools_102191_851_CCTGGTGAGACAGCGGTATG_L001_merged_trimmed_filtered,e1100016847_NBCLAB9143c_UPG-EG22-090-bulk270_EG011_B6_D11_ForamPools_102191-851,1100016847,NBCLAB9143,C,UPG-EG22-090,bulk270,Agung/Supa,17.08.2022,Lumulumu,20.2,rubble + sand,Indonesia,Makassar,NCBN001529,EG011,B6,D11,-4.97522,119.20795,forams
e1100016843_NBCLAB9133a_UPG_EG22_080_bulk238_EG011_B6_D07_ForamPools_102191_819_ACGCTAATCTCAGCGGTATG_L001_merged_trimmed_filtered,e1100016843_NBCLAB9133a_UPG-EG22-080-bulk238_EG011_B6_D07_ForamPools_102191-819,1100016843,NBCLAB9133,A,UPG-EG22-080,bulk238,Agung/Masdar,12.08.2022,Kapoposang Masdar point,21.3,rubble + sand,Indonesia,Makassar,NCBN001529,EG011,B6,D07,-4.690487,118.94747,forams
e1100016855_NBCLAB9133b_UPG_EG22_080_bulk239_EG011_B6_E07_ForamPools_102191_820_ACGCTAATCTGCTACTTGCA_L001_merged_trimmed_filtered,e1100016855_NBCLAB9133b_UPG-EG22-080-bulk239_EG011_B6_E07_ForamPools_102191-820,1100016855,NBCLAB9133,B,UPG-EG22-080,bulk239,Agung/Masdar,12.08.2022,Kapoposang Masdar point,21.3,rubble + sand,Indonesia,Makassar,NCBN001529,EG011,B6,E07,-4.690487,118.94747,forams
e1100016867_NBCLAB9133c_UPG_EG22_080_bulk240_EG011_B6_F07_ForamPools_102191_821_ACGCTAATCTGCTATTGAAG_L001_merged_trimmed_filtered,e1100016867_NBCLAB9133c_UPG-EG22-080-bulk240_EG011_B6_F07_ForamPools_102191-821,1100016867,NBCLAB9133,C,UPG-EG22-080,bulk240,Agung/Masdar,12.08.2022,Kapoposang Masdar point,21.3,rubble + sand,Indonesia,Makassar,NCBN001529,EG011,B6,F07,-4.690487,118.94747,forams
e1100016695_NBCLAB9083a_UPG_EG22_030_bulk88_EG009_B2_H11_ForamPools_102191_87_CCTGGTGAGAGCACGATGCT_L001_merged_trimmed_filtered,e1100016695_NBCLAB9083a_UPG-EG22-030-bulk88_EG009_B2_H11_ForamPools_102191-87,1100016695,NBCLAB9083,A,UPG-EG22-030,bulk88,Agung/Supa,03.08.2022,Badi,21.7,rubble + algae,Indonesia,Makassar,NCBN001527,EG009,B2,H11,-4.9717,119.283083,forams
e1100016620_NBCLAB9083b_UPG_EG22_030_bulk89_EG009_B2_A12_ForamPools_102191_88_ACGTGAGGAAGTCGTGAATC_L001_merged_trimmed_filtered,e1100016620_NBCLAB9083b_UPG-EG22-030-bulk89_EG009_B2_A12_ForamPools_102191-88,1100016620,NBCLAB9083,B,UPG-EG22-030,bulk89,Agung/Supa,03.08.2022,Badi,21.7,rubble + algae,Indonesia,Makassar,NCBN001527,EG009,B2,A12,-4.9717,119.283083,forams
e1100016632_NBCLAB9083c_UPG_EG22_030_bulk90_EG009_B2_B12_ForamPools_102191_89_ACGTGAGGAACTGTTCTACG_L001_merged_trimmed_filtered,e1100016632_NBCLAB9083c_UPG-EG22-030-bulk90_EG009_B2_B12_ForamPools_102191-89,1100016632,NBCLAB9083,C,UPG-EG22-030,bulk90,Agung/Supa,03.08.2022,Badi,21.7,rubble + algae,Indonesia,Makassar,NCBN001527,EG009,B2,B12,-4.9717,119.283083,forams
e1100016615_NBCLAB9070a_UPG_EG22_017_bulk49_EG009_B2_A07_ForamPools_102191_48_ACGCTAATCTGTCGTGAATC_L001_merged_trimmed_filtered,e1100016615_NBCLAB9070a_UPG-EG22-017-bulk49_EG009_B2_A07_ForamPools_102191-48,1100016615,NBCLAB9070,A,UPG-EG22-017,bulk49,Agung/Masdar,02.08.2022,Samalona,22.2,rubble + sand,Indonesia,Makassar,NCBN001527,EG009,B2,A07,-5.074183,119.422367,forams
e1100016627_NBCLAB9070b_UPG_EG22_017_bulk50_EG009_B2_B07_ForamPools_102191_49_ACGCTAATCTCTGTTCTACG_L001_merged_trimmed_filtered,e1100016627_NBCLAB9070b_UPG-EG22-017-bulk50_EG009_B2_B07_ForamPools_102191-49,1100016627,NBCLAB9070,B,UPG-EG22-017,bulk50,Agung/Masdar,02.08.2022,Samalona,22.2,rubble + sand,Indonesia,Makassar,NCBN001527,EG009,B2,B07,-5.074183,119.422367,forams
e1100016639_NBCLAB9070c_UPG_EG22_017_bulk51_EG009_B2_C07_ForamPools_102191_50_ACGCTAATCTGCTCTTAGGT_L001_merged_trimmed_filtered,e1100016639_NBCLAB9070c_UPG-EG22-017-bulk51_EG009_B2_C07_ForamPools_102191-50,1100016639,NBCLAB9070,C,UPG-EG22-017,bulk51,Agung/Masdar,02.08.2022,Samalona,22.2,rubble + sand,Indonesia,Makassar,NCBN001527,EG009,B2,C07,-5.074183,119.422367,forams
e1100016962_NBCLAB9162a_UPG_EG22_109_bulk325_EG012_B8_F06_ForamPools_102191_1197_CGCAGCTAGATTGTTCGTGT_L001_merged_trimmed_filtered,e1100016962_NBCLAB9162a_UPG-EG22-109-bulk325_EG012_B8_F06_ForamPools_102191-1197,1100016962,NBCLAB9162,A,UPG-EG22-109,bulk325,Agung/Masdar,22.08.2022,Padjenekang,22.6,rubble,Indonesia,Makassar,NCBN001530,EG012,B8,F06,-4.97136,119.32219,forams
e1100016974_NBCLAB9162b_UPG_EG22_109_bulk326_EG012_B8_G06_ForamPools_102191_1198_CGCAGCTAGAACGGACTGAG_L001_merged_trimmed_filtered,e1100016974_NBCLAB9162b_UPG-EG22-109-bulk326_EG012_B8_G06_ForamPools_102191-1198,1100016974,NBCLAB9162,B,UPG-EG22-109,bulk326,Agung/Masdar,22.08.2022,Padjenekang,22.6,rubble,Indonesia,Makassar,NCBN001530,EG012,B8,G06,-4.97136,119.32219,forams
e1100016986_NBCLAB9162c_UPG_EG22_109_bulk327_EG012_B8_H06_ForamPools_102191_1199_CGCAGCTAGACACCGTCATA_L001_merged_trimmed_filtered,e1100016986_NBCLAB9162c_UPG-EG22-109-bulk327_EG012_B8_H06_ForamPools_102191-1199,1100016986,NBCLAB9162,C,UPG-EG22-109,bulk327,Agung/Masdar,22.08.2022,Padjenekang,22.6,rubble,Indonesia,Makassar,NCBN001530,EG012,B8,H06,-4.97136,119.32219,forams
e1100016882_NBCLAB9142a_UPG_EG22_089_bulk265_EG011_B6_G10_ForamPools_102191_846_GAATAGCAAGTCAGCATCCG_L001_merged_trimmed_filtered,e1100016882_NBCLAB9142a_UPG-EG22-089-bulk265_EG011_B6_G10_ForamPools_102191-846,1100016882,NBCLAB9142,A,UPG-EG22-089,bulk265,Agung/Supa,17.08.2022,Lumulumu,23.2,rubble + sand,Indonesia,Makassar,NCBN001529,EG011,B6,G10,-4.97522,119.20795,forams
e1100016894_NBCLAB9142b_UPG_EG22_089_bulk266_EG011_B6_H10_ForamPools_102191_847_GAATAGCAAGTAGGTGGTGG_L001_merged_trimmed_filtered,e1100016894_NBCLAB9142b_UPG-EG22-089-bulk266_EG011_B6_H10_ForamPools_102191-847,1100016894,NBCLAB9142,B,UPG-EG22-089,bulk266,Agung/Supa,17.08.2022,Lumulumu,23.2,rubble + sand,Indonesia,Makassar,NCBN001529,EG011,B6,H10,-4.97522,119.20795,forams
e1100016811_NBCLAB9142c_UPG_EG22_089_bulk267_EG011_B6_A11_ForamPools_102191_848_CCTGGTGAGACTTAACGACA_L001_merged_trimmed_filtered,e1100016811_NBCLAB9142c_UPG-EG22-089-bulk267_EG011_B6_A11_ForamPools_102191-848,1100016811,NBCLAB9142,C,UPG-EG22-089,bulk267,Agung/Supa,17.08.2022,Lumulumu,23.2,rubble + sand,Indonesia,Makassar,NCBN001529,EG011,B6,A11,-4.97522,119.20795,forams
e1100016741_NBCLAB9086a_UPG_EG22_033_bulk97_EG010_B4_D01_ForamPools_102191_387_GACCAAGTTAACATGAGCCA_L001_merged_trimmed_filtered,e1100016741_NBCLAB9086a_UPG-EG22-033-bulk97_EG010_B4_D01_ForamPools_102191-387,1100016741,NBCLAB9086,A,UPG-EG22-033,bulk97,Agung/Supa,03.08.2022,Badi,24.5,rubble + algae,Indonesia,Makassar,NCBN001528,EG010,B4,D01,-4.9717,119.28308,forams
e1100016753_NBCLAB9086b_UPG_EG22_033_bulk98_EG010_B4_E01_ForamPools_102191_388_GACCAAGTTAGCGAGGTTCT_L001_merged_trimmed_filtered,e1100016753_NBCLAB9086b_UPG-EG22-033-bulk98_EG010_B4_E01_ForamPools_102191-388,1100016753,NBCLAB9086,B,UPG-EG22-033,bulk98,Agung/Supa,03.08.2022,Badi,24.5,rubble + algae,Indonesia,Makassar,NCBN001528,EG010,B4,E01,-4.9717,119.28308,forams
e1100016765_NBCLAB9086c_UPG_EG22_033_bulk99_EG010_B4_F01_ForamPools_102191_389_GACCAAGTTATGTCCGTAGG_L001_merged_trimmed_filtered,e1100016765_NBCLAB9086c_UPG-EG22-033-bulk99_EG010_B4_F01_ForamPools_102191-389,1100016765,NBCLAB9086,C,UPG-EG22-033,bulk99,Agung/Supa,03.08.2022,Badi,24.5,rubble + algae,Indonesia,Makassar,NCBN001528,EG010,B4,F01,-4.9717,119.28308,forams
e1100016853_NBCLAB9128a_UPG_EG22_075_bulk223_EG011_B6_E05_ForamPools_102191_804_TGACCTGCTGGCTACTTGCA_L001_merged_trimmed_filtered,e1100016853_NBCLAB9128a_UPG-EG22-075-bulk223_EG011_B6_E05_ForamPools_102191-804,1100016853,NBCLAB9128,A,UPG-EG22-075,bulk223,Agung/Masdar,12.08.2022,Kapoposang Masdar point,25.2,rubble + sand,Indonesia,Makassar,NCBN001529,EG011,B6,E05,-4.690487,118.94747,forams
e1100016865_NBCLAB9128b_UPG_EG22_075_bulk224_EG011_B6_F05_ForamPools_102191_805_TGACCTGCTGGCTATTGAAG_L001_merged_trimmed_filtered,e1100016865_NBCLAB9128b_UPG-EG22-075-bulk224_EG011_B6_F05_ForamPools_102191-805,1100016865,NBCLAB9128,B,UPG-EG22-075,bulk224,Agung/Masdar,12.08.2022,Kapoposang Masdar point,25.2,rubble + sand,Indonesia,Makassar,NCBN001529,EG011,B6,F05,-4.690487,118.94747,forams
e1100016877_NBCLAB9128c_UPG_EG22_075_bulk225_EG011_B6_G05_ForamPools_102191_806_TGACCTGCTGTCAGCATCCG_L001_merged_trimmed_filtered,e1100016877_NBCLAB9128c_UPG-EG22-075-bulk225_EG011_B6_G05_ForamPools_102191-806,1100016877,NBCLAB9128,C,UPG-EG22-075,bulk225,Agung/Masdar,12.08.2022,Kapoposang Masdar point,25.2,rubble + sand,Indonesia,Makassar,NCBN001529,EG011,B6,G05,-4.690487,118.94747,forams
e1100016913_NBCLAB9158a_UPG_EG22_104_bulk313_EG012_B8_B05_ForamPools_102191_1185_TGACCTGCTGTTAACGTCCG_L001_merged_trimmed_filtered,e1100016913_NBCLAB9158a_UPG-EG22-104-bulk313_EG012_B8_B05_ForamPools_102191-1185,1100016913,NBCLAB9158,A,UPG-EG22-104,bulk313,Agung/Masdar,22.08.2022,Padjenekang,25.6,sand,Indonesia,Makassar,NCBN001530,EG012,B8,B05,-4.97136,119.32219,forams
e1100016925_NBCLAB9158b_UPG_EG22_104_bulk314_EG012_B8_C05_ForamPools_102191_1186_TGACCTGCTGATTACCGATC_L001_merged_trimmed_filtered,e1100016925_NBCLAB9158b_UPG-EG22-104-bulk314_EG012_B8_C05_ForamPools_102191-1186,1100016925,NBCLAB9158,B,UPG-EG22-104,bulk314,Agung/Masdar,22.08.2022,Padjenekang,25.6,sand,Indonesia,Makassar,NCBN001530,EG012,B8,C05,-4.97136,119.32219,forams
e1100016937_NBCLAB9158c_UPG_EG22_104_bulk315_EG012_B8_D05_ForamPools_102191_1187_TGACCTGCTGGTTGCATCGT_L001_merged_trimmed_filtered,e1100016937_NBCLAB9158c_UPG-EG22-104-bulk315_EG012_B8_D05_ForamPools_102191-1187,1100016937,NBCLAB9158,C,UPG-EG22-104,bulk315,Agung/Masdar,22.08.2022,Padjenekang,25.6,sand,Indonesia,Makassar,NCBN001530,EG012,B8,D05,-4.97136,119.32219,forams
e1100016859_NBCLAB9144a_UPG_EG22_091_bulk271_EG011_B6_E11_ForamPools_102191_852_CCTGGTGAGAGCTACTTGCA_L001_merged_trimmed_filtered,e1100016859_NBCLAB9144a_UPG-EG22-091-bulk271_EG011_B6_E11_ForamPools_102191-852,1100016859,NBCLAB9144,A,UPG-EG22-091,bulk271,Agung/Supa,17.08.2022,Lumulumu,25.9,rubble + sand,Indonesia,Makassar,NCBN001529,EG011,B6,E11,-4.97522,119.20795,forams
e1100016871_NBCLAB9144b_UPG_EG22_091_bulk272_EG011_B6_F11_ForamPools_102191_853_CCTGGTGAGAGCTATTGAAG_L001_merged_trimmed_filtered,e1100016871_NBCLAB9144b_UPG-EG22-091-bulk272_EG011_B6_F11_ForamPools_102191-853,1100016871,NBCLAB9144,B,UPG-EG22-091,bulk272,Agung/Supa,17.08.2022,Lumulumu,25.9,rubble + sand,Indonesia,Makassar,NCBN001529,EG011,B6,F11,-4.97522,119.20795,forams
e1100016883_NBCLAB9144c_UPG_EG22_091_bulk273_EG011_B6_G11_ForamPools_102191_854_CCTGGTGAGATCAGCATCCG_L001_merged_trimmed_filtered,e1100016883_NBCLAB9144c_UPG-EG22-091-bulk273_EG011_B6_G11_ForamPools_102191-854,1100016883,NBCLAB9144,C,UPG-EG22-091,bulk273,Agung/Supa,17.08.2022,Lumulumu,25.9,rubble + sand,Indonesia,Makassar,NCBN001529,EG011,B6,G11,-4.97522,119.20795,forams
e1100016677_NBCLAB9077a_UPG_EG22_024_bulk70_EG009_B2_F09_ForamPools_102191_69_ACGAAGTGCGATAGGTAAGG_L001_merged_trimmed_filtered,e1100016677_NBCLAB9077a_UPG-EG22-024-bulk70_EG009_B2_F09_ForamPools_102191-69,1100016677,NBCLAB9077,A,UPG-EG22-024,bulk70,Agung/Supa,03.08.2022,Badi,27.4,rubble + sand,Indonesia,Makassar,NCBN001527,EG009,B2,F09,-4.9717,119.283083,forams
e1100016689_NBCLAB9077b_UPG_EG22_024_bulk71_EG009_B2_G09_ForamPools_102191_70_ACGAAGTGCGCGCCTTATAT_L001_merged_trimmed_filtered,e1100016689_NBCLAB9077b_UPG-EG22-024-bulk71_EG009_B2_G09_ForamPools_102191-70,1100016689,NBCLAB9077,B,UPG-EG22-024,bulk71,Agung/Supa,03.08.2022,Badi,27.4,rubble + sand,Indonesia,Makassar,NCBN001527,EG009,B2,G09,-4.9717,119.283083,forams
e1100016701_NBCLAB9077c_UPG_EG22_024_bulk72_EG009_B2_H09_ForamPools_102191_71_ACGAAGTGCGGCACGATGCT_L001_merged_trimmed_filtered,e1100016701_NBCLAB9077c_UPG-EG22-024-bulk72_EG009_B2_H09_ForamPools_102191-71,1100016701,NBCLAB9077,C,UPG-EG22-024,bulk72,Agung/Supa,03.08.2022,Badi,27.4,rubble + sand,Indonesia,Makassar,NCBN001527,EG009,B2,H09,-4.9717,119.283083,forams
e1100016840_NBCLAB9125a_UPG_EG22_072_bulk214_EG011_B6_D04_ForamPools_102191_795_GTGGCAACATCAGCGGTATG_L001_merged_trimmed_filtered,e1100016840_NBCLAB9125a_UPG-EG22-072-bulk214_EG011_B6_D04_ForamPools_102191-795,1100016840,NBCLAB9125,A,UPG-EG22-072,bulk214,Agung/Masdar,12.08.2022,Kapoposang Masdar point,28,rubble + sand,Indonesia,Makassar,NCBN001529,EG011,B6,D04,-4.690487,118.94747,forams
e1100016852_NBCLAB9125b_UPG_EG22_072_bulk215_EG011_B6_E04_ForamPools_102191_796_GTGGCAACATGCTACTTGCA_L001_merged_trimmed_filtered,e1100016852_NBCLAB9125b_UPG-EG22-072-bulk215_EG011_B6_E04_ForamPools_102191-796,1100016852,NBCLAB9125,B,UPG-EG22-072,bulk215,Agung/Masdar,12.08.2022,Kapoposang Masdar point,28,rubble + sand,Indonesia,Makassar,NCBN001529,EG011,B6,E04,-4.690487,118.94747,forams
e1100016864_NBCLAB9125c_UPG_EG22_072_bulk216_EG011_B6_F04_ForamPools_102191_797_GTGGCAACATGCTATTGAAG_L001_merged_trimmed_filtered,e1100016864_NBCLAB9125c_UPG-EG22-072-bulk216_EG011_B6_F04_ForamPools_102191-797,1100016864,NBCLAB9125,C,UPG-EG22-072,bulk216,Agung/Masdar,12.08.2022,Kapoposang Masdar point,28,rubble + sand,Indonesia,Makassar,NCBN001529,EG011,B6,F04,-4.690487,118.94747,forams
e1100016654_NBCLAB9079a_UPG_EG22_026_bulk76_EG009_B2_D10_ForamPools_102191_75_GAATAGCAAGTAGAAGCCAT_L001_merged_trimmed_filtered,e1100016654_NBCLAB9079a_UPG-EG22-026-bulk76_EG009_B2_D10_ForamPools_102191-75,1100016654,NBCLAB9079,A,UPG-EG22-026,bulk76,Agung/Supa,03.08.2022,Badi,30.5,rubble,Indonesia,Makassar,NCBN001527,EG009,B2,D10,-4.9717,119.283083,forams
e1100016666_NBCLAB9079b_UPG_EG22_026_bulk77_EG009_B2_E10_ForamPools_102191_76_GAATAGCAAGCACTTAGGTA_L001_merged_trimmed_filtered,e1100016666_NBCLAB9079b_UPG-EG22-026-bulk77_EG009_B2_E10_ForamPools_102191-76,1100016666,NBCLAB9079,B,UPG-EG22-026,bulk77,Agung/Supa,03.08.2022,Badi,30.5,rubble,Indonesia,Makassar,NCBN001527,EG009,B2,E10,-4.9717,119.283083,forams
e1100016678_NBCLAB9079c_UPG_EG22_026_bulk78_EG009_B2_F10_ForamPools_102191_77_GAATAGCAAGATAGGTAAGG_L001_merged_trimmed_filtered,e1100016678_NBCLAB9079c_UPG-EG22-026-bulk78_EG009_B2_F10_ForamPools_102191-77,1100016678,NBCLAB9079,C,UPG-EG22-026,bulk78,Agung/Supa,03.08.2022,Badi,30.5,rubble,Indonesia,Makassar,NCBN001527,EG009,B2,F10,-4.9717,119.283083,forams
e1100016609_NBCLAB9054a_UPG_EG22_001_bulk1_EG009_B2_A01_ForamPools_102191_0_GACCAAGTTAGTCGTGAATC_L001_merged_trimmed_filtered,e1100016609_NBCLAB9054a_UPG-EG22-001-bulk1_EG009_B2_A01_ForamPools_102191-0,1100016609,NBCLAB9054,A,UPG-EG22-001,bulk1,Elsa Girard,01.08.2022,Langkai,RF1,Rubble + halimeda,Indonesia,Makassar,NCBN001527,EG009,B2,A01,-5.028175,119.090362,forams
e1100016697_NBCLAB9067a_UPG_EG22_014_bulk40_EG009_B2_H05_ForamPools_102191_39_TGACCTGCTGGCACGATGCT_L001_merged_trimmed_filtered,e1100016697_NBCLAB9067a_UPG-EG22-014-bulk40_EG009_B2_H05_ForamPools_102191-39,1100016697,NBCLAB9067,A,UPG-EG22-014,bulk40,Elsa Girard,02.08.2022,Samalona,RF1,rubble + algae,Indonesia,Makassar,NCBN001527,EG009,B2,H05,-5.074183,119.422367,forams
e1100016644_NBCLAB9084a_UPG_EG22_031_bulk91_EG009_B2_C12_ForamPools_102191_90_ACGTGAGGAAGCTCTTAGGT_L001_merged_trimmed_filtered,e1100016644_NBCLAB9084a_UPG-EG22-031-bulk91_EG009_B2_C12_ForamPools_102191-90,1100016644,NBCLAB9084,A,UPG-EG22-031,bulk91,Elsa Girard,03.08.2022,Badi,RF1,rubble + algae,Indonesia,Makassar,NCBN001527,EG009,B2,C12,-4.9717,119.283083,forams
e1100016708_NBCLAB9093a_UPG_EG22_040_bulk118_EG010_B4_A04_ForamPools_102191_408_GTGGCAACATAATATGCCAG_L001_merged_trimmed_filtered,e1100016708_NBCLAB9093a_UPG-EG22-040-bulk118_EG010_B4_A04_ForamPools_102191-408,1100016708,NBCLAB9093,A,UPG-EG22-040,bulk118,Elsa Girard,05.08.2022,K. Keke,RF1,rubble + algae,Indonesia,Makassar,NCBN001528,EG010,B4,A04,-5.10323,119.28475,forams
e1100016793_NBCLAB9098a_UPG_EG22_045_bulk133_EG010_B4_H05_ForamPools_102191_423_TGACCTGCTGTCCACTGTTG_L001_merged_trimmed_filtered,e1100016793_NBCLAB9098a_UPG-EG22-045-bulk133_EG010_B4_H05_ForamPools_102191-423,1100016793,NBCLAB9098,A,UPG-EG22-045,bulk133,Elsa Girard,06.08.2022,Langkadea,RF1,rubble + algae,Indonesia,Makassar,NCBN001528,EG010,B4,H05,-4.925,119.399,forams
e1100016786_NBCLAB9111a_UPG_EG22_058_bulk172_EG010_B4_G10_ForamPools_102191_462_GAATAGCAAGCATTATGCCT_L001_merged_trimmed_filtered,e1100016786_NBCLAB9111a_UPG-EG22-058-bulk172_EG010_B4_G10_ForamPools_102191-462,1100016786,NBCLAB9111,A,UPG-EG22-058,bulk172,Elsa Girard,07.08.2022,Karanrang,RF1,rubble + algae,Indonesia,Makassar,NCBN001528,EG010,B4,G10,-4.852461,119.376016,forams
e1100016799_NBCLAB9114a_UPG_EG22_061_bulk181_EG010_B4_H11_ForamPools_102191_471_CCTGGTGAGATCCACTGTTG_L001_merged_trimmed_filtered,e1100016799_NBCLAB9114a_UPG-EG22-061-bulk181_EG010_B4_H11_ForamPools_102191-471,1100016799,NBCLAB9114,A,UPG-EG22-061,bulk181,Elsa Girard,08.08.2022,Barang Baringan,RF1,rubble + algae,Indonesia,Makassar,NCBN001528,EG010,B4,H11,-5.055,119.427,forams
e1100016886_NBCLAB9121a_UPG_EG22_068_bulk202_EG011_B6_H02_ForamPools_102191_783_CTCCGCTTATTAGGTGGTGG_L001_merged_trimmed_filtered,e1100016886_NBCLAB9121a_UPG-EG22-068-bulk202_EG011_B6_H02_ForamPools_102191-783,1100016886,NBCLAB9121,A,UPG-EG22-068,bulk202,Elsa Girard,09.08.2022,Lae Lae,RF1,rubble + algae,Indonesia,Makassar,NCBN001529,EG011,B6,H02,-5.136837,119.387199,forams
e1100016876_NBCLAB9126a_UPG_EG22_073_bulk217_EG011_B6_G04_ForamPools_102191_798_GTGGCAACATTCAGCATCCG_L001_merged_trimmed_filtered,e1100016876_NBCLAB9126a_UPG-EG22-073-bulk217_EG011_B6_G04_ForamPools_102191-798,1100016876,NBCLAB9126,A,UPG-EG22-073,bulk217,Elsa Girard,12.08.2022,Kapoposang Masdar point,RF1,rubble,Indonesia,Makassar,NCBN001529,EG011,B6,G04,-4.690487,118.94747,forams
e1100016892_NBCLAB9137a_UPG_EG22_084_bulk250_EG011_B6_H08_ForamPools_102191_831_GTTGTTACCTTAGGTGGTGG_L001_merged_trimmed_filtered,e1100016892_NBCLAB9137a_UPG-EG22-084-bulk250_EG011_B6_H08_ForamPools_102191-831,1100016892,NBCLAB9137,A,UPG-EG22-084,bulk250,Elsa Girard,17.08.2022,Lumulumu,RF1,seagrass + algae + rubble + sand,Indonesia,Makassar,NCBN001529,EG011,B6,H08,-4.97522,119.20795,forams
e1100016897_NBCLAB9147a_UPG_EG22_094_bulk280_EG012_B8_A01_ForamPools_102191_1152_GACCAAGTTAAAGATCGGAT_L001_merged_trimmed_filtered,e1100016897_NBCLAB9147a_UPG-EG22-094-bulk280_EG012_B8_A01_ForamPools_102191-1152,1100016897,NBCLAB9147,A,UPG-EG22-094,bulk280,Elsa Girard,20.08.2022,Polewali,RF1,rubble + algae,Indonesia,Makassar,NCBN001530,EG012,B8,A01,-5,119,forams
e1100016900_NBCLAB9155a_UPG_EG22_101_bulk304_EG012_B8_A04_ForamPools_102191_1176_GTGGCAACATAAGATCGGAT_L001_merged_trimmed_filtered,e1100016900_NBCLAB9155a_UPG-EG22-101-bulk304_EG012_B8_A04_ForamPools_102191-1176,1100016900,NBCLAB9155,A,UPG-EG22-101,bulk304,Elsa Girard,22.08.2022,Padjenekang,RF1,rubble + sand,Indonesia,Makassar,NCBN001530,EG012,B8,A04,-4.97136,119.32219,forams
e1100016621_NBCLAB9054b_UPG_EG22_001_bulk2_EG009_B2_B01_ForamPools_102191_1_GACCAAGTTACTGTTCTACG_L001_merged_trimmed_filtered,e1100016621_NBCLAB9054b_UPG-EG22-001-bulk2_EG009_B2_B01_ForamPools_102191-1,1100016621,NBCLAB9054,B,UPG-EG22-001,bulk2,Elsa Girard,01.08.2022,Langkai,RF1,Rubble + halimeda,Indonesia,Makassar,NCBN001527,EG009,B2,B01,-5.028175,119.090362,forams
e1100016614_NBCLAB9067b_UPG_EG22_014_bulk41_EG009_B2_A06_ForamPools_102191_40_CGCAGCTAGAGTCGTGAATC_L001_merged_trimmed_filtered,e1100016614_NBCLAB9067b_UPG-EG22-014-bulk41_EG009_B2_A06_ForamPools_102191-40,1100016614,NBCLAB9067,B,UPG-EG22-014,bulk41,Elsa Girard,02.08.2022,Samalona,RF1,rubble + algae,Indonesia,Makassar,NCBN001527,EG009,B2,A06,-5.074183,119.422367,forams
e1100016656_NBCLAB9084b_UPG_EG22_031_bulk92_EG009_B2_D12_ForamPools_102191_91_ACGTGAGGAATAGAAGCCAT_L001_merged_trimmed_filtered,e1100016656_NBCLAB9084b_UPG-EG22-031-bulk92_EG009_B2_D12_ForamPools_102191-91,1100016656,NBCLAB9084,B,UPG-EG22-031,bulk92,Elsa Girard,03.08.2022,Badi,RF1,rubble + algae,Indonesia,Makassar,NCBN001527,EG009,B2,D12,-4.9717,119.283083,forams
e1100016720_NBCLAB9093b_UPG_EG22_040_bulk119_EG010_B4_B04_ForamPools_102191_409_GTGGCAACATTAGAGTCACG_L001_merged_trimmed_filtered,e1100016720_NBCLAB9093b_UPG-EG22-040-bulk119_EG010_B4_B04_ForamPools_102191-409,1100016720,NBCLAB9093,B,UPG-EG22-040,bulk119,Elsa Girard,05.08.2022,K. Keke,RF1,rubble + algae,Indonesia,Makassar,NCBN001528,EG010,B4,B04,-5.10323,119.28475,forams
e1100016710_NBCLAB9098b_UPG_EG22_045_bulk134_EG010_B4_A06_ForamPools_102191_424_CGCAGCTAGAAATATGCCAG_L001_merged_trimmed_filtered,e1100016710_NBCLAB9098b_UPG-EG22-045-bulk134_EG010_B4_A06_ForamPools_102191-424,1100016710,NBCLAB9098,B,UPG-EG22-045,bulk134,Elsa Girard,06.08.2022,Langkadea,RF1,rubble + algae,Indonesia,Makassar,NCBN001528,EG010,B4,A06,-4.925,119.399,forams
e1100016798_NBCLAB9111b_UPG_EG22_058_bulk173_EG010_B4_H10_ForamPools_102191_463_GAATAGCAAGTCCACTGTTG_L001_merged_trimmed_filtered,e1100016798_NBCLAB9111b_UPG-EG22-058-bulk173_EG010_B4_H10_ForamPools_102191-463,1100016798,NBCLAB9111,B,UPG-EG22-058,bulk173,Elsa Girard,07.08.2022,Karanrang,RF1,rubble + algae,Indonesia,Makassar,NCBN001528,EG010,B4,H10,-4.852461,119.376016,forams
e1100016716_NBCLAB9114b_UPG_EG22_061_bulk182_EG010_B4_A12_ForamPools_102191_472_ACGTGAGGAAAATATGCCAG_L001_merged_trimmed_filtered,e1100016716_NBCLAB9114b_UPG-EG22-061-bulk182_EG010_B4_A12_ForamPools_102191-472,1100016716,NBCLAB9114,B,UPG-EG22-061,bulk182,Elsa Girard,08.08.2022,Barang Baringan,RF1,rubble + algae,Indonesia,Makassar,NCBN001528,EG010,B4,A12,-5.055,119.427,forams
e1100016803_NBCLAB9121b_UPG_EG22_068_bulk203_EG011_B6_A03_ForamPools_102191_784_ATTAAGGTCGCTTAACGACA_L001_merged_trimmed_filtered,e1100016803_NBCLAB9121b_UPG-EG22-068-bulk203_EG011_B6_A03_ForamPools_102191-784,1100016803,NBCLAB9121,B,UPG-EG22-068,bulk203,Elsa Girard,09.08.2022,Lae Lae,RF1,rubble + algae,Indonesia,Makassar,NCBN001529,EG011,B6,A03,-5.136837,119.387199,forams
e1100016888_NBCLAB9126b_UPG_EG22_073_bulk218_EG011_B6_H04_ForamPools_102191_799_GTGGCAACATTAGGTGGTGG_L001_merged_trimmed_filtered,e1100016888_NBCLAB9126b_UPG-EG22-073-bulk218_EG011_B6_H04_ForamPools_102191-799,1100016888,NBCLAB9126,B,UPG-EG22-073,bulk218,Elsa Girard,12.08.2022,Kapoposang Masdar point,RF1,rubble,Indonesia,Makassar,NCBN001529,EG011,B6,H04,-4.690487,118.94747,forams
e1100016809_NBCLAB9137b_UPG_EG22_084_bulk251_EG011_B6_A09_ForamPools_102191_832_ACGAAGTGCGCTTAACGACA_L001_merged_trimmed_filtered,e1100016809_NBCLAB9137b_UPG-EG22-084-bulk251_EG011_B6_A09_ForamPools_102191-832,1100016809,NBCLAB9137,B,UPG-EG22-084,bulk251,Elsa Girard,17.08.2022,Lumulumu,RF1,seagrass + algae + rubble + sand,Indonesia,Makassar,NCBN001529,EG011,B6,A09,-4.97522,119.20795,forams
e1100016909_NBCLAB9147b_UPG_EG22_094_bulk281_EG012_B8_B01_ForamPools_102191_1153_GACCAAGTTATTAACGTCCG_L001_merged_trimmed_filtered,e1100016909_NBCLAB9147b_UPG-EG22-094-bulk281_EG012_B8_B01_ForamPools_102191-1153,1100016909,NBCLAB9147,B,UPG-EG22-094,bulk281,Elsa Girard,20.08.2022,Polewali,RF1,rubble + algae,Indonesia,Makassar,NCBN001530,EG012,B8,B01,-5,119,forams
e1100016912_NBCLAB9155b_UPG_EG22_101_bulk305_EG012_B8_B04_ForamPools_102191_1177_GTGGCAACATTTAACGTCCG_L001_merged_trimmed_filtered,e1100016912_NBCLAB9155b_UPG-EG22-101-bulk305_EG012_B8_B04_ForamPools_102191-1177,1100016912,NBCLAB9155,B,UPG-EG22-101,bulk305,Elsa Girard,22.08.2022,Padjenekang,RF1,rubble + sand,Indonesia,Makassar,NCBN001530,EG012,B8,B04,-4.97136,119.32219,forams
e1100016633_NBCLAB9054c_UPG_EG22_001_bulk3_EG009_B2_C01_ForamPools_102191_2_GACCAAGTTAGCTCTTAGGT_L001_merged_trimmed_filtered,e1100016633_NBCLAB9054c_UPG-EG22-001-bulk3_EG009_B2_C01_ForamPools_102191-2,1100016633,NBCLAB9054,C,UPG-EG22-001,bulk3,Elsa Girard,01.08.2022,Langkai,RF1,Rubble + halimeda,Indonesia,Makassar,NCBN001527,EG009,B2,C01,-5.028175,119.090362,forams
e1100016626_NBCLAB9067c_UPG_EG22_014_bulk42_EG009_B2_B06_ForamPools_102191_41_CGCAGCTAGACTGTTCTACG_L001_merged_trimmed_filtered,e1100016626_NBCLAB9067c_UPG-EG22-014-bulk42_EG009_B2_B06_ForamPools_102191-41,1100016626,NBCLAB9067,C,UPG-EG22-014,bulk42,Elsa Girard,02.08.2022,Samalona,RF1,rubble + algae,Indonesia,Makassar,NCBN001527,EG009,B2,B06,-5.074183,119.422367,forams
e1100016668_NBCLAB9084c_UPG_EG22_031_bulk93_EG009_B2_E12_ForamPools_102191_92_ACGTGAGGAACACTTAGGTA_L001_merged_trimmed_filtered,e1100016668_NBCLAB9084c_UPG-EG22-031-bulk93_EG009_B2_E12_ForamPools_102191-92,1100016668,NBCLAB9084,C,UPG-EG22-031,bulk93,Elsa Girard,03.08.2022,Badi,RF1,rubble + algae,Indonesia,Makassar,NCBN001527,EG009,B2,E12,-4.9717,119.283083,forams
e1100016732_NBCLAB9093c_UPG_EG22_040_bulk120_EG010_B4_C04_ForamPools_102191_410_GTGGCAACATTTAACAGGTC_L001_merged_trimmed_filtered,e1100016732_NBCLAB9093c_UPG-EG22-040-bulk120_EG010_B4_C04_ForamPools_102191-410,1100016732,NBCLAB9093,C,UPG-EG22-040,bulk120,Elsa Girard,05.08.2022,K. Keke,RF1,rubble + algae,Indonesia,Makassar,NCBN001528,EG010,B4,C04,-5.10323,119.28475,forams
e1100016722_NBCLAB9098c_UPG_EG22_045_bulk135_EG010_B4_B06_ForamPools_102191_425_CGCAGCTAGATAGAGTCACG_L001_merged_trimmed_filtered,e1100016722_NBCLAB9098c_UPG-EG22-045-bulk135_EG010_B4_B06_ForamPools_102191-425,1100016722,NBCLAB9098,C,UPG-EG22-045,bulk135,Elsa Girard,06.08.2022,Langkadea,RF1,rubble + algae,Indonesia,Makassar,NCBN001528,EG010,B4,B06,-4.925,119.399,forams
e1100016715_NBCLAB9111c_UPG_EG22_058_bulk174_EG010_B4_A11_ForamPools_102191_464_CCTGGTGAGAAATATGCCAG_L001_merged_trimmed_filtered,e1100016715_NBCLAB9111c_UPG-EG22-058-bulk174_EG010_B4_A11_ForamPools_102191-464,1100016715,NBCLAB9111,C,UPG-EG22-058,bulk174,Elsa Girard,07.08.2022,Karanrang,RF1,rubble + algae,Indonesia,Makassar,NCBN001528,EG010,B4,A11,-4.852461,119.376016,forams
e1100016728_NBCLAB9114c_UPG_EG22_061_bulk183_EG010_B4_B12_ForamPools_102191_473_ACGTGAGGAATAGAGTCACG_L001_merged_trimmed_filtered,e1100016728_NBCLAB9114c_UPG-EG22-061-bulk183_EG010_B4_B12_ForamPools_102191-473,1100016728,NBCLAB9114,C,UPG-EG22-061,bulk183,Elsa Girard,08.08.2022,Barang Baringan,RF1,rubble + algae,Indonesia,Makassar,NCBN001528,EG010,B4,B12,-5.055,119.427,forams
e1100016815_NBCLAB9121c_UPG_EG22_068_bulk204_EG011_B6_B03_ForamPools_102191_785_ATTAAGGTCGTCCTCGAGCT_L001_merged_trimmed_filtered,e1100016815_NBCLAB9121c_UPG-EG22-068-bulk204_EG011_B6_B03_ForamPools_102191-785,1100016815,NBCLAB9121,C,UPG-EG22-068,bulk204,Elsa Girard,09.08.2022,Lae Lae,RF1,rubble + algae,Indonesia,Makassar,NCBN001529,EG011,B6,B03,-5.136837,119.387199,forams
e1100016805_NBCLAB9126c_UPG_EG22_073_bulk219_EG011_B6_A05_ForamPools_102191_800_TGACCTGCTGCTTAACGACA_L001_merged_trimmed_filtered,e1100016805_NBCLAB9126c_UPG-EG22-073-bulk219_EG011_B6_A05_ForamPools_102191-800,1100016805,NBCLAB9126,C,UPG-EG22-073,bulk219,Elsa Girard,12.08.2022,Kapoposang Masdar point,RF1,rubble,Indonesia,Makassar,NCBN001529,EG011,B6,A05,-4.690487,118.94747,forams
e1100016821_NBCLAB9137c_UPG_EG22_084_bulk252_EG011_B6_B09_ForamPools_102191_833_ACGAAGTGCGTCCTCGAGCT_L001_merged_trimmed_filtered,e1100016821_NBCLAB9137c_UPG-EG22-084-bulk252_EG011_B6_B09_ForamPools_102191-833,1100016821,NBCLAB9137,C,UPG-EG22-084,bulk252,Elsa Girard,17.08.2022,Lumulumu,RF1,seagrass + algae + rubble + sand,Indonesia,Makassar,NCBN001529,EG011,B6,B09,-4.97522,119.20795,forams
e1100016921_NBCLAB9147c_UPG_EG22_094_bulk282_EG012_B8_C01_ForamPools_102191_1154_GACCAAGTTAATTACCGATC_L001_merged_trimmed_filtered,e1100016921_NBCLAB9147c_UPG-EG22-094-bulk282_EG012_B8_C01_ForamPools_102191-1154,1100016921,NBCLAB9147,C,UPG-EG22-094,bulk282,Elsa Girard,20.08.2022,Polewali,RF1,rubble + algae,Indonesia,Makassar,NCBN001530,EG012,B8,C01,-5,119,forams
e1100016924_NBCLAB9155c_UPG_EG22_101_bulk306_EG012_B8_C04_ForamPools_102191_1178_GTGGCAACATATTACCGATC_L001_merged_trimmed_filtered,e1100016924_NBCLAB9155c_UPG-EG22-101-bulk306_EG012_B8_C04_ForamPools_102191-1178,1100016924,NBCLAB9155,C,UPG-EG22-101,bulk306,Elsa Girard,22.08.2022,Padjenekang,RF1,rubble + sand,Indonesia,Makassar,NCBN001530,EG012,B8,C04,-4.97136,119.32219,forams
e1100016694_NBCLAB9059a_UPG_EG22_006_bulk16_EG009_B2_H02_ForamPools_102191_15_CTCCGCTTATGCACGATGCT_L001_merged_trimmed_filtered,e1100016694_NBCLAB9059a_UPG-EG22-006-bulk16_EG009_B2_H02_ForamPools_102191-15,1100016694,NBCLAB9059,A,UPG-EG22-006,bulk16,Elsa Girard,01.08.2022,Langkai,RF2,algae,Indonesia,Makassar,NCBN001527,EG009,B2,H02,-5.028175,119.090362,forams
e1100016687_NBCLAB9072a_UPG_EG22_019_bulk55_EG009_B2_G07_ForamPools_102191_54_ACGCTAATCTCGCCTTATAT_L001_merged_trimmed_filtered,e1100016687_NBCLAB9072a_UPG-EG22-019-bulk55_EG009_B2_G07_ForamPools_102191-54,1100016687,NBCLAB9072,A,UPG-EG22-019,bulk55,Elsa Girard,02.08.2022,Samalona,RF2,rubble + algae,Indonesia,Makassar,NCBN001527,EG009,B2,G07,-5.074183,119.422367,forams
e1100016690_NBCLAB9080a_UPG_EG22_027_bulk79_EG009_B2_G10_ForamPools_102191_78_GAATAGCAAGCGCCTTATAT_L001_merged_trimmed_filtered,e1100016690_NBCLAB9080a_UPG-EG22-027-bulk79_EG009_B2_G10_ForamPools_102191-78,1100016690,NBCLAB9080,A,UPG-EG22-027,bulk79,Elsa Girard,03.08.2022,Badi,RF2,rubble + algae,Indonesia,Makassar,NCBN001527,EG009,B2,G10,-4.9717,119.283083,forams
e1100016718_NBCLAB9088a_UPG_EG22_035_bulk103_EG010_B4_B02_ForamPools_102191_393_CTCCGCTTATTAGAGTCACG_L001_merged_trimmed_filtered,e1100016718_NBCLAB9088a_UPG-EG22-035-bulk103_EG010_B4_B02_ForamPools_102191-393,1100016718,NBCLAB9088,A,UPG-EG22-035,bulk103,Elsa Girard,05.08.2022,K. Keke,RF2,rubble + algae,Indonesia,Makassar,NCBN001528,EG010,B4,B02,-5.10323,119.28475,forams
e1100016711_NBCLAB9101a_UPG_EG22_048_bulk142_EG010_B4_A07_ForamPools_102191_432_ACGCTAATCTAATATGCCAG_L001_merged_trimmed_filtered,e1100016711_NBCLAB9101a_UPG-EG22-048-bulk142_EG010_B4_A07_ForamPools_102191-432,1100016711,NBCLAB9101,A,UPG-EG22-048,bulk142,Elsa Girard,06.08.2022,Langkadea,RF2,rubble + seagrass,Indonesia,Makassar,NCBN001528,EG010,B4,A07,-4.925,119.399,forams
e1100016796_NBCLAB9106a_UPG_EG22_053_bulk157_EG010_B4_H08_ForamPools_102191_447_GTTGTTACCTTCCACTGTTG_L001_merged_trimmed_filtered,e1100016796_NBCLAB9106a_UPG-EG22-053-bulk157_EG010_B4_H08_ForamPools_102191-447,1100016796,NBCLAB9106,A,UPG-EG22-053,bulk157,Elsa Girard,07.08.2022,Karanrang,RF2,rubble + algae,Indonesia,Makassar,NCBN001528,EG010,B4,H08,-4.852461,119.376016,forams
e1100016801_NBCLAB9116a_UPG_EG22_063_bulk187_EG011_B6_A01_ForamPools_102191_768_GACCAAGTTACTTAACGACA_L001_merged_trimmed_filtered,e1100016801_NBCLAB9116a_UPG-EG22-063-bulk187_EG011_B6_A01_ForamPools_102191-768,1100016801,NBCLAB9116,A,UPG-EG22-063,bulk187,Elsa Girard,08.08.2022,Barang Baringan,RF2,rubble + algae,Indonesia,Makassar,NCBN001529,EG011,B6,A01,-5.055,119.427,forams
e1100016873_NBCLAB9118a_UPG_EG22_065_bulk193_EG011_B6_G01_ForamPools_102191_774_GACCAAGTTATCAGCATCCG_L001_merged_trimmed_filtered,e1100016873_NBCLAB9118a_UPG-EG22-065-bulk193_EG011_B6_G01_ForamPools_102191-774,1100016873,NBCLAB9118,A,UPG-EG22-065,bulk193,Elsa Girard,09.08.2022,Lae Lae,RF2,rubble + algae,Indonesia,Makassar,NCBN001529,EG011,B6,G01,-5.136837,119.387199,forams
e1100016804_NBCLAB9124a_UPG_EG22_071_bulk211_EG011_B6_A04_ForamPools_102191_792_GTGGCAACATCTTAACGACA_L001_merged_trimmed_filtered,e1100016804_NBCLAB9124a_UPG-EG22-071-bulk211_EG011_B6_A04_ForamPools_102191-792,1100016804,NBCLAB9124,A,UPG-EG22-071,bulk211,Elsa Girard,12.08.2022,Kapoposang Masdar point,RF2,rubble,Indonesia,Makassar,NCBN001529,EG011,B6,A04,-4.690487,118.94747,forams
e1100016810_NBCLAB9140a_UPG_EG22_087_bulk259_EG011_B6_A10_ForamPools_102191_840_GAATAGCAAGCTTAACGACA_L001_merged_trimmed_filtered,e1100016810_NBCLAB9140a_UPG-EG22-087-bulk259_EG011_B6_A10_ForamPools_102191-840,1100016810,NBCLAB9140,A,UPG-EG22-087,bulk259,Elsa Girard,17.08.2022,Lumulumu,RF2,seagrass + algae,Indonesia,Makassar,NCBN001529,EG011,B6,A10,-4.97522,119.20795,forams
e1100016895_NBCLAB9145a_UPG_EG22_092_bulk274_EG011_B6_H11_ForamPools_102191_855_CCTGGTGAGATAGGTGGTGG_L001_merged_trimmed_filtered,e1100016895_NBCLAB9145a_UPG-EG22-092-bulk274_EG011_B6_H11_ForamPools_102191-855,1100016895,NBCLAB9145,A,UPG-EG22-092,bulk274,Elsa Girard,20.08.2022,Polewali,RF2,rubble + seagrass + algae,Indonesia,Makassar,NCBN001529,EG011,B6,H11,-5,119,forams
e1100016949_NBCLAB9159a_UPG_EG22_106_bulk316_EG012_B8_E05_ForamPools_102191_1188_TGACCTGCTGACTGGACGTT_L001_merged_trimmed_filtered,e1100016949_NBCLAB9159a_UPG-EG22-106-bulk316_EG012_B8_E05_ForamPools_102191-1188,1100016949,NBCLAB9159,A,UPG-EG22-106,bulk316,Elsa Girard,22.08.2022,Padjenekang,RF2,rubble + algae,Indonesia,Makassar,NCBN001530,EG012,B8,E05,-4.97136,119.32219,forams
e1100016611_NBCLAB9059b_UPG_EG22_006_bulk17_EG009_B2_A03_ForamPools_102191_16_ATTAAGGTCGGTCGTGAATC_L001_merged_trimmed_filtered,e1100016611_NBCLAB9059b_UPG-EG22-006-bulk17_EG009_B2_A03_ForamPools_102191-16,1100016611,NBCLAB9059,B,UPG-EG22-006,bulk17,Elsa Girard,01.08.2022,Langkai,RF2,algae,Indonesia,Makassar,NCBN001527,EG009,B2,A03,-5.028175,119.090362,forams
e1100016699_NBCLAB9072b_UPG_EG22_019_bulk56_EG009_B2_H07_ForamPools_102191_55_ACGCTAATCTGCACGATGCT_L001_merged_trimmed_filtered,e1100016699_NBCLAB9072b_UPG-EG22-019-bulk56_EG009_B2_H07_ForamPools_102191-55,1100016699,NBCLAB9072,B,UPG-EG22-019,bulk56,Elsa Girard,02.08.2022,Samalona,RF2,rubble + algae,Indonesia,Makassar,NCBN001527,EG009,B2,H07,-5.074183,119.422367,forams
e1100016702_NBCLAB9080b_UPG_EG22_027_bulk80_EG009_B2_H10_ForamPools_102191_79_GAATAGCAAGGCACGATGCT_L001_merged_trimmed_filtered,e1100016702_NBCLAB9080b_UPG-EG22-027-bulk80_EG009_B2_H10_ForamPools_102191-79,1100016702,NBCLAB9080,B,UPG-EG22-027,bulk80,Elsa Girard,03.08.2022,Badi,RF2,rubble + algae,Indonesia,Makassar,NCBN001527,EG009,B2,H10,-4.9717,119.283083,forams
e1100016730_NBCLAB9088b_UPG_EG22_035_bulk104_EG010_B4_C02_ForamPools_102191_394_CTCCGCTTATTTAACAGGTC_L001_merged_trimmed_filtered,e1100016730_NBCLAB9088b_UPG-EG22-035-bulk104_EG010_B4_C02_ForamPools_102191-394,1100016730,NBCLAB9088,B,UPG-EG22-035,bulk104,Elsa Girard,05.08.2022,K. Keke,RF2,rubble + algae,Indonesia,Makassar,NCBN001528,EG010,B4,C02,-5.10323,119.28475,forams
e1100016723_NBCLAB9101b_UPG_EG22_048_bulk143_EG010_B4_B07_ForamPools_102191_433_ACGCTAATCTTAGAGTCACG_L001_merged_trimmed_filtered,e1100016723_NBCLAB9101b_UPG-EG22-048-bulk143_EG010_B4_B07_ForamPools_102191-433,1100016723,NBCLAB9101,B,UPG-EG22-048,bulk143,Elsa Girard,06.08.2022,Langkadea,RF2,rubble + seagrass,Indonesia,Makassar,NCBN001528,EG010,B4,B07,-4.925,119.399,forams
e1100016713_NBCLAB9106b_UPG_EG22_053_bulk158_EG010_B4_A09_ForamPools_102191_448_ACGAAGTGCGAATATGCCAG_L001_merged_trimmed_filtered,e1100016713_NBCLAB9106b_UPG-EG22-053-bulk158_EG010_B4_A09_ForamPools_102191-448,1100016713,NBCLAB9106,B,UPG-EG22-053,bulk158,Elsa Girard,07.08.2022,Karanrang,RF2,rubble + algae,Indonesia,Makassar,NCBN001528,EG010,B4,A09,-4.852461,119.376016,forams
e1100016813_NBCLAB9116b_UPG_EG22_063_bulk188_EG011_B6_B01_ForamPools_102191_769_GACCAAGTTATCCTCGAGCT_L001_merged_trimmed_filtered,e1100016813_NBCLAB9116b_UPG-EG22-063-bulk188_EG011_B6_B01_ForamPools_102191-769,1100016813,NBCLAB9116,B,UPG-EG22-063,bulk188,Elsa Girard,08.08.2022,Barang Baringan,RF2,rubble + algae,Indonesia,Makassar,NCBN001529,EG011,B6,B01,-5.055,119.427,forams
e1100016885_NBCLAB9118b_UPG_EG22_065_bulk194_EG011_B6_H01_ForamPools_102191_775_GACCAAGTTATAGGTGGTGG_L001_merged_trimmed_filtered,e1100016885_NBCLAB9118b_UPG-EG22-065-bulk194_EG011_B6_H01_ForamPools_102191-775,1100016885,NBCLAB9118,B,UPG-EG22-065,bulk194,Elsa Girard,09.08.2022,Lae Lae,RF2,rubble + algae,Indonesia,Makassar,NCBN001529,EG011,B6,H01,-5.136837,119.387199,forams
e1100016816_NBCLAB9124b_UPG_EG22_071_bulk212_EG011_B6_B04_ForamPools_102191_793_GTGGCAACATTCCTCGAGCT_L001_merged_trimmed_filtered,e1100016816_NBCLAB9124b_UPG-EG22-071-bulk212_EG011_B6_B04_ForamPools_102191-793,1100016816,NBCLAB9124,B,UPG-EG22-071,bulk212,Elsa Girard,12.08.2022,Kapoposang Masdar point,RF2,rubble,Indonesia,Makassar,NCBN001529,EG011,B6,B04,-4.690487,118.94747,forams
e1100016822_NBCLAB9140b_UPG_EG22_087_bulk260_EG011_B6_B10_ForamPools_102191_841_GAATAGCAAGTCCTCGAGCT_L001_merged_trimmed_filtered,e1100016822_NBCLAB9140b_UPG-EG22-087-bulk260_EG011_B6_B10_ForamPools_102191-841,1100016822,NBCLAB9140,B,UPG-EG22-087,bulk260,Elsa Girard,17.08.2022,Lumulumu,RF2,seagrass + algae,Indonesia,Makassar,NCBN001529,EG011,B6,B10,-4.97522,119.20795,forams
e1100016812_NBCLAB9145b_UPG_EG22_092_bulk275_EG011_B6_A12_ForamPools_102191_856_ACGTGAGGAACTTAACGACA_L001_merged_trimmed_filtered,e1100016812_NBCLAB9145b_UPG-EG22-092-bulk275_EG011_B6_A12_ForamPools_102191-856,1100016812,NBCLAB9145,B,UPG-EG22-092,bulk275,Elsa Girard,20.08.2022,Polewali,RF2,rubble + seagrass + algae,Indonesia,Makassar,NCBN001529,EG011,B6,A12,-5,119,forams
e1100016961_NBCLAB9159b_UPG_EG22_106_bulk317_EG012_B8_F05_ForamPools_102191_1189_TGACCTGCTGTTGTTCGTGT_L001_merged_trimmed_filtered,e1100016961_NBCLAB9159b_UPG-EG22-106-bulk317_EG012_B8_F05_ForamPools_102191-1189,1100016961,NBCLAB9159,B,UPG-EG22-106,bulk317,Elsa Girard,22.08.2022,Padjenekang,RF2,rubble + algae,Indonesia,Makassar,NCBN001530,EG012,B8,F05,-4.97136,119.32219,forams
e1100016623_NBCLAB9059c_UPG_EG22_006_bulk18_EG009_B2_B03_ForamPools_102191_17_ATTAAGGTCGCTGTTCTACG_L001_merged_trimmed_filtered,e1100016623_NBCLAB9059c_UPG-EG22-006-bulk18_EG009_B2_B03_ForamPools_102191-17,1100016623,NBCLAB9059,C,UPG-EG22-006,bulk18,Elsa Girard,01.08.2022,Langkai,RF2,algae,Indonesia,Makassar,NCBN001527,EG009,B2,B03,-5.028175,119.090362,forams
e1100016616_NBCLAB9072c_UPG_EG22_019_bulk57_EG009_B2_A08_ForamPools_102191_56_GTTGTTACCTGTCGTGAATC_L001_merged_trimmed_filtered,e1100016616_NBCLAB9072c_UPG-EG22-019-bulk57_EG009_B2_A08_ForamPools_102191-56,1100016616,NBCLAB9072,C,UPG-EG22-019,bulk57,Elsa Girard,02.08.2022,Samalona,RF2,rubble + algae,Indonesia,Makassar,NCBN001527,EG009,B2,A08,-5.074183,119.422367,forams
e1100016619_NBCLAB9080c_UPG_EG22_027_bulk81_EG009_B2_A11_ForamPools_102191_80_CCTGGTGAGAGTCGTGAATC_L001_merged_trimmed_filtered,e1100016619_NBCLAB9080c_UPG-EG22-027-bulk81_EG009_B2_A11_ForamPools_102191-80,1100016619,NBCLAB9080,C,UPG-EG22-027,bulk81,Elsa Girard,03.08.2022,Badi,RF2,rubble + algae,Indonesia,Makassar,NCBN001527,EG009,B2,A11,-4.9717,119.283083,forams
e1100016742_NBCLAB9088c_UPG_EG22_035_bulk105_EG010_B4_D02_ForamPools_102191_395_CTCCGCTTATACATGAGCCA_L001_merged_trimmed_filtered,e1100016742_NBCLAB9088c_UPG-EG22-035-bulk105_EG010_B4_D02_ForamPools_102191-395,1100016742,NBCLAB9088,C,UPG-EG22-035,bulk105,Elsa Girard,05.08.2022,K. Keke,RF2,rubble + algae,Indonesia,Makassar,NCBN001528,EG010,B4,D02,-5.10323,119.28475,forams
e1100016735_NBCLAB9101c_UPG_EG22_048_bulk144_EG010_B4_C07_ForamPools_102191_434_ACGCTAATCTTTAACAGGTC_L001_merged_trimmed_filtered,e1100016735_NBCLAB9101c_UPG-EG22-048-bulk144_EG010_B4_C07_ForamPools_102191-434,1100016735,NBCLAB9101,C,UPG-EG22-048,bulk144,Elsa Girard,06.08.2022,Langkadea,RF2,rubble + seagrass,Indonesia,Makassar,NCBN001528,EG010,B4,C07,-4.925,119.399,forams
e1100016725_NBCLAB9106c_UPG_EG22_053_bulk159_EG010_B4_B09_ForamPools_102191_449_ACGAAGTGCGTAGAGTCACG_L001_merged_trimmed_filtered,e1100016725_NBCLAB9106c_UPG-EG22-053-bulk159_EG010_B4_B09_ForamPools_102191-449,1100016725,NBCLAB9106,C,UPG-EG22-053,bulk159,Elsa Girard,07.08.2022,Karanrang,RF2,rubble + algae,Indonesia,Makassar,NCBN001528,EG010,B4,B09,-4.852461,119.376016,forams
e1100016825_NBCLAB9116c_UPG_EG22_063_bulk189_EG011_B6_C01_ForamPools_102191_770_GACCAAGTTACGAGTAATGT_L001_merged_trimmed_filtered,e1100016825_NBCLAB9116c_UPG-EG22-063-bulk189_EG011_B6_C01_ForamPools_102191-770,1100016825,NBCLAB9116,C,UPG-EG22-063,bulk189,Elsa Girard,08.08.2022,Barang Baringan,RF2,rubble + algae,Indonesia,Makassar,NCBN001529,EG011,B6,C01,-5.055,119.427,forams
e1100016802_NBCLAB9118c_UPG_EG22_065_bulk195_EG011_B6_A02_ForamPools_102191_776_CTCCGCTTATCTTAACGACA_L001_merged_trimmed_filtered,e1100016802_NBCLAB9118c_UPG-EG22-065-bulk195_EG011_B6_A02_ForamPools_102191-776,1100016802,NBCLAB9118,C,UPG-EG22-065,bulk195,Elsa Girard,09.08.2022,Lae Lae,RF2,rubble + algae,Indonesia,Makassar,NCBN001529,EG011,B6,A02,-5.136837,119.387199,forams
e1100016828_NBCLAB9124c_UPG_EG22_071_bulk213_EG011_B6_C04_ForamPools_102191_794_GTGGCAACATCGAGTAATGT_L001_merged_trimmed_filtered,e1100016828_NBCLAB9124c_UPG-EG22-071-bulk213_EG011_B6_C04_ForamPools_102191-794,1100016828,NBCLAB9124,C,UPG-EG22-071,bulk213,Elsa Girard,12.08.2022,Kapoposang Masdar point,RF2,rubble,Indonesia,Makassar,NCBN001529,EG011,B6,C04,-4.690487,118.94747,forams
e1100016834_NBCLAB9140c_UPG_EG22_087_bulk261_EG011_B6_C10_ForamPools_102191_842_GAATAGCAAGCGAGTAATGT_L001_merged_trimmed_filtered,e1100016834_NBCLAB9140c_UPG-EG22-087-bulk261_EG011_B6_C10_ForamPools_102191-842,1100016834,NBCLAB9140,C,UPG-EG22-087,bulk261,Elsa Girard,17.08.2022,Lumulumu,RF2,seagrass + algae,Indonesia,Makassar,NCBN001529,EG011,B6,C10,-4.97522,119.20795,forams
e1100016824_NBCLAB9145c_UPG_EG22_092_bulk276_EG011_B6_B12_ForamPools_102191_857_ACGTGAGGAATCCTCGAGCT_L001_merged_trimmed_filtered,e1100016824_NBCLAB9145c_UPG-EG22-092-bulk276_EG011_B6_B12_ForamPools_102191-857,1100016824,NBCLAB9145,C,UPG-EG22-092,bulk276,Elsa Girard,20.08.2022,Polewali,RF2,rubble + seagrass + algae,Indonesia,Makassar,NCBN001529,EG011,B6,B12,-5,119,forams
e1100016973_NBCLAB9159c_UPG_EG22_106_bulk318_EG012_B8_G05_ForamPools_102191_1190_TGACCTGCTGACGGACTGAG_L001_merged_trimmed_filtered,e1100016973_NBCLAB9159c_UPG-EG22-106-bulk318_EG012_B8_G05_ForamPools_102191-1190,1100016973,NBCLAB9159,C,UPG-EG22-106,bulk318,Elsa Girard,22.08.2022,Padjenekang,RF2,rubble + algae,Indonesia,Makassar,NCBN001530,EG012,B8,G05,-4.97136,119.32219,forams
e1100016645_NBCLAB9055a_UPG_EG22_002_bulk4_EG009_B2_D01_ForamPools_102191_3_GACCAAGTTATAGAAGCCAT_L001_merged_trimmed_filtered,e1100016645_NBCLAB9055a_UPG-EG22-002-bulk4_EG009_B2_D01_ForamPools_102191-3,1100016645,NBCLAB9055,A,UPG-EG22-002,bulk4,Elsa Girard,01.08.2022,Langkai,RF3,rubble + algae,Indonesia,Makassar,NCBN001527,EG009,B2,D01,-5.028175,119.090362,forams
e1100016625_NBCLAB9065a_UPG_EG22_012_bulk34_EG009_B2_B05_ForamPools_102191_33_TGACCTGCTGCTGTTCTACG_L001_merged_trimmed_filtered,e1100016625_NBCLAB9065a_UPG-EG22-012-bulk34_EG009_B2_B05_ForamPools_102191-33,1100016625,NBCLAB9065,A,UPG-EG22-012,bulk34,Elsa Girard,02.08.2022,Samalona,RF3,rubble + algae,Indonesia,Makassar,NCBN001527,EG009,B2,B05,-5.074183,119.422367,forams
e1100016631_NBCLAB9081a_UPG_EG22_028_bulk82_EG009_B2_B11_ForamPools_102191_81_CCTGGTGAGACTGTTCTACG_L001_merged_trimmed_filtered,e1100016631_NBCLAB9081a_UPG-EG22-028-bulk82_EG009_B2_B11_ForamPools_102191-81,1100016631,NBCLAB9081,A,UPG-EG22-028,bulk82,Elsa Girard,03.08.2022,Badi,RF3,rubble + algae,Indonesia,Makassar,NCBN001527,EG009,B2,B11,-4.9717,119.283083,forams
e1100016790_NBCLAB9090a_UPG_EG22_037_bulk109_EG010_B4_H02_ForamPools_102191_399_CTCCGCTTATTCCACTGTTG_L001_merged_trimmed_filtered,e1100016790_NBCLAB9090a_UPG-EG22-037-bulk109_EG010_B4_H02_ForamPools_102191-399,1100016790,NBCLAB9090,A,UPG-EG22-037,bulk109,Elsa Girard,05.08.2022,K. Keke,RF3,rubble,Indonesia,Makassar,NCBN001528,EG010,B4,H02,-5.10323,119.28475,forams
e1100016783_NBCLAB9103a_UPG_EG22_050_bulk148_EG010_B4_G07_ForamPools_102191_438_ACGCTAATCTCATTATGCCT_L001_merged_trimmed_filtered,e1100016783_NBCLAB9103a_UPG-EG22-050-bulk148_EG010_B4_G07_ForamPools_102191-438,1100016783,NBCLAB9103,A,UPG-EG22-050,bulk148,Elsa Girard,06.08.2022,Langkadea,RF3,rubble + seagrass,Indonesia,Makassar,NCBN001528,EG010,B4,G07,-4.925,119.399,forams
e1100016773_NBCLAB9108a_UPG_EG22_055_bulk163_EG010_B4_F09_ForamPools_102191_453_ACGAAGTGCGTGTCCGTAGG_L001_merged_trimmed_filtered,e1100016773_NBCLAB9108a_UPG-EG22-055-bulk163_EG010_B4_F09_ForamPools_102191-453,1100016773,NBCLAB9108,A,UPG-EG22-055,bulk163,Elsa Girard,07.08.2022,Karanrang,RF3,rubble + algae + seagrass,Indonesia,Makassar,NCBN001528,EG010,B4,F09,-4.852461,119.376016,forams
e1100016740_NBCLAB9115a_UPG_EG22_062_bulk184_EG010_B4_C12_ForamPools_102191_474_ACGTGAGGAATTAACAGGTC_L001_merged_trimmed_filtered,e1100016740_NBCLAB9115a_UPG-EG22-062-bulk184_EG010_B4_C12_ForamPools_102191-474,1100016740,NBCLAB9115,A,UPG-EG22-062,bulk184,Elsa Girard,08.08.2022,Barang Baringan,RF3,rubble + algae,Indonesia,Makassar,NCBN001528,EG010,B4,C12,-5.055,119.427,forams
e1100016850_NBCLAB9120a_UPG_EG22_067_bulk199_EG011_B6_E02_ForamPools_102191_780_CTCCGCTTATGCTACTTGCA_L001_merged_trimmed_filtered,e1100016850_NBCLAB9120a_UPG-EG22-067-bulk199_EG011_B6_E02_ForamPools_102191-780,1100016850,NBCLAB9120,A,UPG-EG22-067,bulk199,Elsa Girard,09.08.2022,Lae Lae,RF3,rubble + algae,Indonesia,Makassar,NCBN001529,EG011,B6,E02,-5.136837,119.387199,forams
e1100016830_NBCLAB9130a_UPG_EG22_077_bulk229_EG011_B6_C06_ForamPools_102191_810_CGCAGCTAGACGAGTAATGT_L001_merged_trimmed_filtered,e1100016830_NBCLAB9130a_UPG-EG22-077-bulk229_EG011_B6_C06_ForamPools_102191-810,1100016830,NBCLAB9130,A,UPG-EG22-077,bulk229,Elsa Girard,12.08.2022,Kapoposang Masdar point,RF3,rubble,Indonesia,Makassar,NCBN001529,EG011,B6,C06,-4.690487,118.94747,forams
e1100016820_NBCLAB9135a_UPG_EG22_082_bulk244_EG011_B6_B08_ForamPools_102191_825_GTTGTTACCTTCCTCGAGCT_L001_merged_trimmed_filtered,e1100016820_NBCLAB9135a_UPG-EG22-082-bulk244_EG011_B6_B08_ForamPools_102191-825,1100016820,NBCLAB9135,A,UPG-EG22-082,bulk244,Elsa Girard,17.08.2022,Lumulumu,RF3,seagrass + algae,Indonesia,Makassar,NCBN001529,EG011,B6,B08,-4.97522,119.20795,forams
e1100016836_NBCLAB9146a_UPG_EG22_093_bulk277_EG011_B6_C12_ForamPools_102191_858_ACGTGAGGAACGAGTAATGT_L001_merged_trimmed_filtered,e1100016836_NBCLAB9146a_UPG-EG22-093-bulk277_EG011_B6_C12_ForamPools_102191-858,1100016836,NBCLAB9146,A,UPG-EG22-093,bulk277,Elsa Girard,20.08.2022,Polewali,RF3,rubble + seagrass + algae,Indonesia,Makassar,NCBN001529,EG011,B6,C12,-5,119,forams
e1100016972_NBCLAB9157a_UPG_EG22_103_bulk310_EG012_B8_G04_ForamPools_102191_1182_GTGGCAACATACGGACTGAG_L001_merged_trimmed_filtered,e1100016972_NBCLAB9157a_UPG-EG22-103-bulk310_EG012_B8_G04_ForamPools_102191-1182,1100016972,NBCLAB9157,A,UPG-EG22-103,bulk310,Elsa Girard,22.08.2022,Padjenekang,RF3,rubble + algae,Indonesia,Makassar,NCBN001530,EG012,B8,G04,-4.97136,119.32219,forams
e1100016657_NBCLAB9055b_UPG_EG22_002_bulk5_EG009_B2_E01_ForamPools_102191_4_GACCAAGTTACACTTAGGTA_L001_merged_trimmed_filtered,e1100016657_NBCLAB9055b_UPG-EG22-002-bulk5_EG009_B2_E01_ForamPools_102191-4,1100016657,NBCLAB9055,B,UPG-EG22-002,bulk5,Elsa Girard,01.08.2022,Langkai,RF3,rubble + algae,Indonesia,Makassar,NCBN001527,EG009,B2,E01,-5.028175,119.090362,forams
e1100016637_NBCLAB9065b_UPG_EG22_012_bulk35_EG009_B2_C05_ForamPools_102191_34_TGACCTGCTGGCTCTTAGGT_L001_merged_trimmed_filtered,e1100016637_NBCLAB9065b_UPG-EG22-012-bulk35_EG009_B2_C05_ForamPools_102191-34,1100016637,NBCLAB9065,B,UPG-EG22-012,bulk35,Elsa Girard,02.08.2022,Samalona,RF3,rubble + algae,Indonesia,Makassar,NCBN001527,EG009,B2,C05,-5.074183,119.422367,forams
e1100016643_NBCLAB9081b_UPG_EG22_028_bulk83_EG009_B2_C11_ForamPools_102191_82_CCTGGTGAGAGCTCTTAGGT_L001_merged_trimmed_filtered,e1100016643_NBCLAB9081b_UPG-EG22-028-bulk83_EG009_B2_C11_ForamPools_102191-82,1100016643,NBCLAB9081,B,UPG-EG22-028,bulk83,Elsa Girard,03.08.2022,Badi,RF3,rubble + algae,Indonesia,Makassar,NCBN001527,EG009,B2,C11,-4.9717,119.283083,forams
e1100016707_NBCLAB9090b_UPG_EG22_037_bulk110_EG010_B4_A03_ForamPools_102191_400_ATTAAGGTCGAATATGCCAG_L001_merged_trimmed_filtered,e1100016707_NBCLAB9090b_UPG-EG22-037-bulk110_EG010_B4_A03_ForamPools_102191-400,1100016707,NBCLAB9090,B,UPG-EG22-037,bulk110,Elsa Girard,05.08.2022,K. Keke,RF3,rubble,Indonesia,Makassar,NCBN001528,EG010,B4,A03,-5.10323,119.28475,forams
e1100016795_NBCLAB9103b_UPG_EG22_050_bulk149_EG010_B4_H07_ForamPools_102191_439_ACGCTAATCTTCCACTGTTG_L001_merged_trimmed_filtered,e1100016795_NBCLAB9103b_UPG-EG22-050-bulk149_EG010_B4_H07_ForamPools_102191-439,1100016795,NBCLAB9103,B,UPG-EG22-050,bulk149,Elsa Girard,06.08.2022,Langkadea,RF3,rubble + seagrass,Indonesia,Makassar,NCBN001528,EG010,B4,H07,-4.925,119.399,forams
e1100016785_NBCLAB9108b_UPG_EG22_055_bulk164_EG010_B4_G09_ForamPools_102191_454_ACGAAGTGCGCATTATGCCT_L001_merged_trimmed_filtered,e1100016785_NBCLAB9108b_UPG-EG22-055-bulk164_EG010_B4_G09_ForamPools_102191-454,1100016785,NBCLAB9108,B,UPG-EG22-055,bulk164,Elsa Girard,07.08.2022,Karanrang,RF3,rubble + algae + seagrass,Indonesia,Makassar,NCBN001528,EG010,B4,G09,-4.852461,119.376016,forams
e1100016752_NBCLAB9115b_UPG_EG22_062_bulk185_EG010_B4_D12_ForamPools_102191_475_ACGTGAGGAAACATGAGCCA_L001_merged_trimmed_filtered,e1100016752_NBCLAB9115b_UPG-EG22-062-bulk185_EG010_B4_D12_ForamPools_102191-475,1100016752,NBCLAB9115,B,UPG-EG22-062,bulk185,Elsa Girard,08.08.2022,Barang Baringan,RF3,rubble + algae,Indonesia,Makassar,NCBN001528,EG010,B4,D12,-5.055,119.427,forams
e1100016862_NBCLAB9120b_UPG_EG22_067_bulk200_EG011_B6_F02_ForamPools_102191_781_CTCCGCTTATGCTATTGAAG_L001_merged_trimmed_filtered,e1100016862_NBCLAB9120b_UPG-EG22-067-bulk200_EG011_B6_F02_ForamPools_102191-781,1100016862,NBCLAB9120,B,UPG-EG22-067,bulk200,Elsa Girard,09.08.2022,Lae Lae,RF3,rubble + algae,Indonesia,Makassar,NCBN001529,EG011,B6,F02,-5.136837,119.387199,forams
e1100016842_NBCLAB9130b_UPG_EG22_077_bulk230_EG011_B6_D06_ForamPools_102191_811_CGCAGCTAGACAGCGGTATG_L001_merged_trimmed_filtered,e1100016842_NBCLAB9130b_UPG-EG22-077-bulk230_EG011_B6_D06_ForamPools_102191-811,1100016842,NBCLAB9130,B,UPG-EG22-077,bulk230,Elsa Girard,12.08.2022,Kapoposang Masdar point,RF3,rubble,Indonesia,Makassar,NCBN001529,EG011,B6,D06,-4.690487,118.94747,forams
e1100016832_NBCLAB9135b_UPG_EG22_082_bulk245_EG011_B6_C08_ForamPools_102191_826_GTTGTTACCTCGAGTAATGT_L001_merged_trimmed_filtered,e1100016832_NBCLAB9135b_UPG-EG22-082-bulk245_EG011_B6_C08_ForamPools_102191-826,1100016832,NBCLAB9135,B,UPG-EG22-082,bulk245,Elsa Girard,17.08.2022,Lumulumu,RF3,seagrass + algae,Indonesia,Makassar,NCBN001529,EG011,B6,C08,-4.97522,119.20795,forams
e1100016848_NBCLAB9146b_UPG_EG22_093_bulk278_EG011_B6_D12_ForamPools_102191_859_ACGTGAGGAACAGCGGTATG_L001_merged_trimmed_filtered,e1100016848_NBCLAB9146b_UPG-EG22-093-bulk278_EG011_B6_D12_ForamPools_102191-859,1100016848,NBCLAB9146,B,UPG-EG22-093,bulk278,Elsa Girard,20.08.2022,Polewali,RF3,rubble + seagrass + algae,Indonesia,Makassar,NCBN001529,EG011,B6,D12,-5,119,forams
e1100016984_NBCLAB9157b_UPG_EG22_103_bulk311_EG012_B8_H04_ForamPools_102191_1183_GTGGCAACATCACCGTCATA_L001_merged_trimmed_filtered,e1100016984_NBCLAB9157b_UPG-EG22-103-bulk311_EG012_B8_H04_ForamPools_102191-1183,1100016984,NBCLAB9157,B,UPG-EG22-103,bulk311,Elsa Girard,22.08.2022,Padjenekang,RF3,rubble + algae,Indonesia,Makassar,NCBN001530,EG012,B8,H04,-4.97136,119.32219,forams
e1100016669_NBCLAB9055c_UPG_EG22_002_bulk6_EG009_B2_F01_ForamPools_102191_5_GACCAAGTTAATAGGTAAGG_L001_merged_trimmed_filtered,e1100016669_NBCLAB9055c_UPG-EG22-002-bulk6_EG009_B2_F01_ForamPools_102191-5,1100016669,NBCLAB9055,C,UPG-EG22-002,bulk6,Elsa Girard,01.08.2022,Langkai,RF3,rubble + algae,Indonesia,Makassar,NCBN001527,EG009,B2,F01,-5.028175,119.090362,forams
e1100016649_NBCLAB9065c_UPG_EG22_012_bulk36_EG009_B2_D05_ForamPools_102191_35_TGACCTGCTGTAGAAGCCAT_L001_merged_trimmed_filtered,e1100016649_NBCLAB9065c_UPG-EG22-012-bulk36_EG009_B2_D05_ForamPools_102191-35,1100016649,NBCLAB9065,C,UPG-EG22-012,bulk36,Elsa Girard,02.08.2022,Samalona,RF3,rubble + algae,Indonesia,Makassar,NCBN001527,EG009,B2,D05,-5.074183,119.422367,forams
e1100016655_NBCLAB9081c_UPG_EG22_028_bulk84_EG009_B2_D11_ForamPools_102191_83_CCTGGTGAGATAGAAGCCAT_L001_merged_trimmed_filtered,e1100016655_NBCLAB9081c_UPG-EG22-028-bulk84_EG009_B2_D11_ForamPools_102191-83,1100016655,NBCLAB9081,C,UPG-EG22-028,bulk84,Elsa Girard,03.08.2022,Badi,RF3,rubble + algae,Indonesia,Makassar,NCBN001527,EG009,B2,D11,-4.9717,119.283083,forams
e1100016719_NBCLAB9090c_UPG_EG22_037_bulk111_EG010_B4_B03_ForamPools_102191_401_ATTAAGGTCGTAGAGTCACG_L001_merged_trimmed_filtered,e1100016719_NBCLAB9090c_UPG-EG22-037-bulk111_EG010_B4_B03_ForamPools_102191-401,1100016719,NBCLAB9090,C,UPG-EG22-037,bulk111,Elsa Girard,05.08.2022,K. Keke,RF3,rubble,Indonesia,Makassar,NCBN001528,EG010,B4,B03,-5.10323,119.28475,forams
e1100016712_NBCLAB9103c_UPG_EG22_050_bulk150_EG010_B4_A08_ForamPools_102191_440_GTTGTTACCTAATATGCCAG_L001_merged_trimmed_filtered,e1100016712_NBCLAB9103c_UPG-EG22-050-bulk150_EG010_B4_A08_ForamPools_102191-440,1100016712,NBCLAB9103,C,UPG-EG22-050,bulk150,Elsa Girard,06.08.2022,Langkadea,RF3,rubble + seagrass,Indonesia,Makassar,NCBN001528,EG010,B4,A08,-4.925,119.399,forams
e1100016797_NBCLAB9108c_UPG_EG22_055_bulk165_EG010_B4_H09_ForamPools_102191_455_ACGAAGTGCGTCCACTGTTG_L001_merged_trimmed_filtered,e1100016797_NBCLAB9108c_UPG-EG22-055-bulk165_EG010_B4_H09_ForamPools_102191-455,1100016797,NBCLAB9108,C,UPG-EG22-055,bulk165,Elsa Girard,07.08.2022,Karanrang,RF3,rubble + algae + seagrass,Indonesia,Makassar,NCBN001528,EG010,B4,H09,-4.852461,119.376016,forams
e1100016764_NBCLAB9115c_UPG_EG22_062_bulk186_EG010_B4_E12_ForamPools_102191_476_ACGTGAGGAAGCGAGGTTCT_L001_merged_trimmed_filtered,e1100016764_NBCLAB9115c_UPG-EG22-062-bulk186_EG010_B4_E12_ForamPools_102191-476,1100016764,NBCLAB9115,C,UPG-EG22-062,bulk186,Elsa Girard,08.08.2022,Barang Baringan,RF3,rubble + algae,Indonesia,Makassar,NCBN001528,EG010,B4,E12,-5.055,119.427,forams
e1100016874_NBCLAB9120c_UPG_EG22_067_bulk201_EG011_B6_G02_ForamPools_102191_782_CTCCGCTTATTCAGCATCCG_L001_merged_trimmed_filtered,e1100016874_NBCLAB9120c_UPG-EG22-067-bulk201_EG011_B6_G02_ForamPools_102191-782,1100016874,NBCLAB9120,C,UPG-EG22-067,bulk201,Elsa Girard,09.08.2022,Lae Lae,RF3,rubble + algae,Indonesia,Makassar,NCBN001529,EG011,B6,G02,-5.136837,119.387199,forams
e1100016854_NBCLAB9130c_UPG_EG22_077_bulk231_EG011_B6_E06_ForamPools_102191_812_CGCAGCTAGAGCTACTTGCA_L001_merged_trimmed_filtered,e1100016854_NBCLAB9130c_UPG-EG22-077-bulk231_EG011_B6_E06_ForamPools_102191-812,1100016854,NBCLAB9130,C,UPG-EG22-077,bulk231,Elsa Girard,12.08.2022,Kapoposang Masdar point,RF3,rubble,Indonesia,Makassar,NCBN001529,EG011,B6,E06,-4.690487,118.94747,forams
e1100016844_NBCLAB9135c_UPG_EG22_082_bulk246_EG011_B6_D08_ForamPools_102191_827_GTTGTTACCTCAGCGGTATG_L001_merged_trimmed_filtered,e1100016844_NBCLAB9135c_UPG-EG22-082-bulk246_EG011_B6_D08_ForamPools_102191-827,1100016844,NBCLAB9135,C,UPG-EG22-082,bulk246,Elsa Girard,17.08.2022,Lumulumu,RF3,seagrass + algae,Indonesia,Makassar,NCBN001529,EG011,B6,D08,-4.97522,119.20795,forams
e1100016860_NBCLAB9146c_UPG_EG22_093_bulk279_EG011_B6_E12_ForamPools_102191_860_ACGTGAGGAAGCTACTTGCA_L001_merged_trimmed_filtered,e1100016860_NBCLAB9146c_UPG-EG22-093-bulk279_EG011_B6_E12_ForamPools_102191-860,1100016860,NBCLAB9146,C,UPG-EG22-093,bulk279,Elsa Girard,20.08.2022,Polewali,RF3,rubble + seagrass + algae,Indonesia,Makassar,NCBN001529,EG011,B6,E12,-5,119,forams
e1100016901_NBCLAB9157c_UPG_EG22_103_bulk312_EG012_B8_A05_ForamPools_102191_1184_TGACCTGCTGAAGATCGGAT_L001_merged_trimmed_filtered,e1100016901_NBCLAB9157c_UPG-EG22-103-bulk312_EG012_B8_A05_ForamPools_102191-1184,1100016901,NBCLAB9157,C,UPG-EG22-103,bulk312,Elsa Girard,22.08.2022,Padjenekang,RF3,rubble + algae,Indonesia,Makassar,NCBN001530,EG012,B8,A05,-4.97136,119.32219,forams
e1100016680_Neg1_Negative_neg1_EG009_B2_F12_ForamPools_102191_93_ACGTGAGGAAATAGGTAAGG_L001_merged_trimmed_filtered,e1100016680_Neg1_Negative-neg1_EG009_B2_F12_ForamPools_102191-93,1100016680,Neg1,,Negative-neg1,negative,negative,negative,negative,negative,negative,negative,negative,NCBN001527,EG009,B2,F12,negative,negative,neg_foram
e1100016692_Neg2_Negative_neg2_EG009_B2_G12_ForamPools_102191_94_ACGTGAGGAACGCCTTATAT_L001_merged_trimmed_filtered,e1100016692_Neg2_Negative-neg2_EG009_B2_G12_ForamPools_102191-94,1100016692,Neg2,,Negative-neg2,negative,negative,negative,negative,negative,negative,negative,negative,NCBN001528,EG009,B2,G12,negative,negative,neg_foram
e1100016776_Neg3_Negative_neg3_EG010_B4_F12_ForamPools_102191_477_ACGTGAGGAATGTCCGTAGG_L001_merged_trimmed_filtered,e1100016776_Neg3_Negative-neg3_EG010_B4_F12_ForamPools_102191-477,1100016776,Neg3,,Negative-neg3,negative,negative,negative,negative,negative,negative,negative,negative,NCBN001529,EG010,B4,F12,negative,negative,neg_foram
e1100016788_Neg4_Negative_neg4_EG010_B4_G12_ForamPools_102191_478_ACGTGAGGAACATTATGCCT_L001_merged_trimmed_filtered,e1100016788_Neg4_Negative-neg4_EG010_B4_G12_ForamPools_102191-478,1100016788,Neg4,,Negative-neg4,negative,negative,negative,negative,negative,negative,negative,negative,NCBN001530,EG010,B4,G12,negative,negative,neg_foram
e1100016872_Neg5_Negative_neg5_EG011_B6_F12_ForamPools_102191_861_ACGTGAGGAAGCTATTGAAG_L001_merged_trimmed_filtered,e1100016872_Neg5_Negative-neg5_EG011_B6_F12_ForamPools_102191-861,1100016872,Neg5,,Negative-neg5,negative,negative,negative,negative,negative,negative,negative,negative,NCBN001527,EG011,B6,F12,negative,negative,neg_foram
e1100016884_Neg6_Negative_neg6_EG011_B6_G12_ForamPools_102191_862_ACGTGAGGAATCAGCATCCG_L001_merged_trimmed_filtered,e1100016884_Neg6_Negative-neg6_EG011_B6_G12_ForamPools_102191-862,1100016884,Neg6,,Negative-neg6,negative,negative,negative,negative,negative,negative,negative,negative,NCBN001527,EG011,B6,G12,negative,negative,neg_foram
e1100016976_Neg7_Negative_neg7_EG012_B8_G08_ForamPools_102191_1214_GTTGTTACCTACGGACTGAG_L001_merged_trimmed_filtered,e1100016976_Neg7_Negative-neg7_EG012_B8_G08_ForamPools_102191-1214,1100016976,Neg7,,Negative-neg7,negative,negative,negative,negative,negative,negative,negative,negative,NCBN001528,EG012,B8,G08,negative,negative,neg_foram
e1100016988_Neg8_Negative_neg8_EG012_B8_H08_ForamPools_102191_1215_GTTGTTACCTCACCGTCATA_L001_merged_trimmed_filtered,e1100016988_Neg8_Negative-neg8_EG012_B8_H08_ForamPools_102191-1215,1100016988,Neg8,,Negative-neg8,negative,negative,negative,negative,negative,negative,negative,negative,NCBN001528,EG012,B8,H08,negative,negative,neg_foram
e1100016940_NBCLAB9174_UPG_EG22_110_bulk339_EG012_B8_D08_ForamPools_102191_1211_GTTGTTACCTGTTGCATCGT_L001_merged_trimmed_filtered,e1100016940_NBCLAB9174_UPG-EG22-110-bulk339_EG012_B8_D08_ForamPools_102191-1211,1100016940,NBCLAB9174,,UPG-EG22-110,bulk339,,,,,ARMS,Indonesia,Makassar,NCBN001530,EG012,B8,D08,-4.9717,119.28308,ARMS
e1100016903_NBCLAB9163_UPG_EG22_111_bulk328_EG012_B8_A07_ForamPools_102191_1200_ACGCTAATCTAAGATCGGAT_L001_merged_trimmed_filtered,e1100016903_NBCLAB9163_UPG-EG22-111-bulk328_EG012_B8_A07_ForamPools_102191-1200,1100016903,NBCLAB9163,,UPG-EG22-111,bulk328,,,,,ARMS,Indonesia,Makassar,NCBN001530,EG012,B8,A07,-5.10323,119.28475,ARMS
e1100016915_NBCLAB9164_UPG_EG22_112_bulk329_EG012_B8_B07_ForamPools_102191_1201_ACGCTAATCTTTAACGTCCG_L001_merged_trimmed_filtered,e1100016915_NBCLAB9164_UPG-EG22-112-bulk329_EG012_B8_B07_ForamPools_102191-1201,1100016915,NBCLAB9164,,UPG-EG22-112,bulk329,,,,,ARMS,Indonesia,Makassar,NCBN001530,EG012,B8,B07,-5.10323,119.28475,ARMS
e1100016939_NBCLAB9166_UPG_EG22_113_bulk331_EG012_B8_D07_ForamPools_102191_1203_ACGCTAATCTGTTGCATCGT_L001_merged_trimmed_filtered,e1100016939_NBCLAB9166_UPG-EG22-113-bulk331_EG012_B8_D07_ForamPools_102191-1203,1100016939,NBCLAB9166,,UPG-EG22-113,bulk331,,,,,ARMS,Indonesia,Makassar,NCBN001530,EG012,B8,D07,-5.07418,119.42237,ARMS
e1100016951_NBCLAB9167_UPG_EG22_114_bulk332_EG012_B8_E07_ForamPools_102191_1204_ACGCTAATCTACTGGACGTT_L001_merged_trimmed_filtered,e1100016951_NBCLAB9167_UPG-EG22-114-bulk332_EG012_B8_E07_ForamPools_102191-1204,1100016951,NBCLAB9167,,UPG-EG22-114,bulk332,,,,,ARMS,Indonesia,Makassar,NCBN001530,EG012,B8,E07,-5.07418,119.42237,ARMS
e1100016975_NBCLAB9169_UPG_EG22_115_bulk334_EG012_B8_G07_ForamPools_102191_1206_ACGCTAATCTACGGACTGAG_L001_merged_trimmed_filtered,e1100016975_NBCLAB9169_UPG-EG22-115-bulk334_EG012_B8_G07_ForamPools_102191-1206,1100016975,NBCLAB9169,,UPG-EG22-115,bulk334,,,,,ARMS,Indonesia,Makassar,NCBN001530,EG012,B8,G07,-5.11874,119.39498,ARMS
e1100016987_NBCLAB9170_UPG_EG22_116_bulk335_EG012_B8_H07_ForamPools_102191_1207_ACGCTAATCTCACCGTCATA_L001_merged_trimmed_filtered,e1100016987_NBCLAB9170_UPG-EG22-116-bulk335_EG012_B8_H07_ForamPools_102191-1207,1100016987,NBCLAB9170,,UPG-EG22-116,bulk335,,,,,ARMS,Indonesia,Makassar,NCBN001530,EG012,B8,H07,-5.11874,119.39498,ARMS
e1100016916_NBCLAB9172_UPG_EG22_117_bulk337_EG012_B8_B08_ForamPools_102191_1209_GTTGTTACCTTTAACGTCCG_L001_merged_trimmed_filtered,e1100016916_NBCLAB9172_UPG-EG22-117-bulk337_EG012_B8_B08_ForamPools_102191-1209,1100016916,NBCLAB9172,,UPG-EG22-117,bulk337,,,,,ARMS,Indonesia,Makassar,NCBN001530,EG012,B8,B08,-4.9717,119.28308,ARMS
e1100016928_NBCLAB9173_UPG_EG22_118_bulk338_EG012_B8_C08_ForamPools_102191_1210_GTTGTTACCTATTACCGATC_L001_merged_trimmed_filtered,e1100016928_NBCLAB9173_UPG-EG22-118-bulk338_EG012_B8_C08_ForamPools_102191-1210,1100016928,NBCLAB9173,,UPG-EG22-118,bulk338,,,,,ARMS,Indonesia,Makassar,NCBN001530,EG012,B8,C08,-4.9717,119.28308,ARMS
e1100016952_NBCLAB9175_UPG_EG22_119_bulk340_EG012_B8_E08_ForamPools_102191_1212_GTTGTTACCTACTGGACGTT_L001_merged_trimmed_filtered,e1100016952_NBCLAB9175_UPG-EG22-119-bulk340_EG012_B8_E08_ForamPools_102191-1212,1100016952,NBCLAB9175,,UPG-EG22-119,bulk340,,,,,ARMS,Indonesia,Makassar,NCBN001530,EG012,B8,E08,-5.02818,119.09036,ARMS
e1100016964_NBCLAB9176_UPG_EG22_120_bulk341_EG012_B8_F08_ForamPools_102191_1213_GTTGTTACCTTTGTTCGTGT_L001_merged_trimmed_filtered,e1100016964_NBCLAB9176_UPG-EG22-120-bulk341_EG012_B8_F08_ForamPools_102191-1213,1100016964,NBCLAB9176,,UPG-EG22-120,bulk341,,,,,ARMS,Indonesia,Makassar,NCBN001530,EG012,B8,F08,-5.02818,119.09036,ARMS
e1100016927_NBCLAB9165_UPG_EG22_122_bulk330_EG012_B8_C07_ForamPools_102191_1202_ACGCTAATCTATTACCGATC_L001_merged_trimmed_filtered,e1100016927_NBCLAB9165_UPG-EG22-122-bulk330_EG012_B8_C07_ForamPools_102191-1202,1100016927,NBCLAB9165,,UPG-EG22-122,bulk330,,,,,ARMS,Indonesia,Makassar,NCBN001530,EG012,B8,C07,-5.10323,119.28475,ARMS
e1100016963_NBCLAB9168_UPG_EG22_123_bulk333_EG012_B8_F07_ForamPools_102191_1205_ACGCTAATCTTTGTTCGTGT_L001_merged_trimmed_filtered,e1100016963_NBCLAB9168_UPG-EG22-123-bulk333_EG012_B8_F07_ForamPools_102191-1205,1100016963,NBCLAB9168,,UPG-EG22-123,bulk333,,,,,ARMS,Indonesia,Makassar,NCBN001530,EG012,B8,F07,-5.07418,119.42237,ARMS
e1100016904_NBCLAB9171_UPG_EG22_124_bulk336_EG012_B8_A08_ForamPools_102191_1208_GTTGTTACCTAAGATCGGAT_L001_merged_trimmed_filtered,e1100016904_NBCLAB9171_UPG-EG22-124-bulk336_EG012_B8_A08_ForamPools_102191-1208,1100016904,NBCLAB9171,,UPG-EG22-124,bulk336,,,,,ARMS,Indonesia,Makassar,NCBN001530,EG012,B8,A08,-5.11874,119.39498,ARMS
e1100016704_negcontrol__EG009_B2_H12_ForamPools_102191_95_ACGTGAGGAAGCACGATGCT_L001_merged_trimmed_filtered,e1100016704_negcontrol__EG009_B2_H12_ForamPools_102191-95,1100016704,negcontrol,,negative,negative,negative,negative,negative,negative,negative,negative,negative,NCBN001529,EG009,B2,H12,negative,negative,neg_foram
e1100016800_negcontrol__EG010_B4_H12_ForamPools_102191_479_ACGTGAGGAATCCACTGTTG_L001_merged_trimmed_filtered,e1100016800_negcontrol__EG010_B4_H12_ForamPools_102191-479,1100016800,negcontrol,,negative,negative,negative,negative,negative,negative,negative,negative,negative,NCBN001529,EG010,B4,H12,negative,negative,neg_foram
e1100016896_negcontrol__EG011_B6_H12_ForamPools_102191_863_ACGTGAGGAATAGGTGGTGG_L001_merged_trimmed_filtered,e1100016896_negcontrol__EG011_B6_H12_ForamPools_102191-863,1100016896,negcontrol,,negative,negative,negative,negative,negative,negative,negative,negative,negative,NCBN001530,EG011,B6,H12,negative,negative,neg_foram
e1100016992_negcontrol__EG012_B8_A09_ForamPools_102191_1216_ACGAAGTGCGAAGATCGGAT_L001_merged_trimmed_filtered,e1100016992_negcontrol__EG012_B8_A09_ForamPools_102191-1216,1100016992,negcontrol,,negative,negative,negative,negative,negative,negative,negative,negative,negative,NCBN001530,EG012,B8,A09,negative,negative,neg_foram
